from fastapi import FastAPI, UploadFile, File,,,,,,
from fastapi.middleware.cors import CORSMiddleware,,,,,,,,
from pydantic import BaseModel,,,,,,,,
import httpx,,,,,,,,
import os,,,,,,,,
import sys,,,,,,,,
import tempfile,,,,,,,,
import pandas as pd,,,,,,,,
from dotenv import load_dotenv,,,,,,,,
,,,,,,,,
sys.path.append(os.path.dirname(__file__)),,,,,,,,
sys.path.append(os.path.join(os.path.dirname(__file__), '..')),,,,,,,
,,,,,,,,
load_dotenv(),,,,,,,,
,,,,,,,,
from ai.fir_generator import generate_fir,,,,,,,,
from ai.dialect_ai import process_dialect,,,,,,,,
from ai.investigator import investigate,,,,,,,,
from ai.sketch_ai import generate_sketch,,,,,,,,
from ml.hotspot import detect_hotspots,,,,,,,,
,,,,,,,,
"app = FastAPI(title=""KSP Crime Intelligence Hub"")",,,,,,,,
,,,,,,,,
app.add_middleware(,,,,,,,,
    CORSMiddleware,,,,,,,,
"    allow_origins=[""*""]",,,,,,,,
"    allow_methods=[""*""]",,,,,,,,
"    allow_headers=[""*""]",,,,,,,,
),,,,,,,,
,,,,,,,,
"SUPABASE_URL = ""https://jumeyifobbsbeenrwhxu.supabase.co""",,,,,,,,
"SUPABASE_KEY = ""sb_publishable_BgPgAD6uL3xpTt-eQaM0Ww_gcgw6DY_""",,,,,,,,
,,,,,,,,
HEADERS = {,,,,,,,,
"    ""apikey"": SUPABASE_KEY",,,,,,,,
"    ""Authorization"": f""Bearer {SUPABASE_KEY}""",,,,,,,,
"    ""Content-Type"": ""application/json""",,,,,,,,
},,,,,,,,
,,,,,,,,
class TextInput(BaseModel):,,,,,,,,
    text: str,,,,,,,,
,,,,,,,,
"@app.get(""/"")",,,,,,,,
def root():,,,,,,,,
"    return {""message"": ""KSP Crime Intelligence Hub API is running!""}",,,,,,,,
,,,,,,,,
"@app.post(""/generate-fir-text"")",,,,,,,,
def create_fir_from_text(data: TextInput):,,,,,,,,
    try:,,,,,,,,
        fir = generate_fir(data.text),,,,,,,,
"        return {""success"": True"," ""transcribed_text"": data.text"," ""fir"": fir}",,,,,,
    except Exception as e:,,,,,,,,
"        return {""success"": False"," ""error"": str(e)}",,,,,,,
,,,,,,,,
"@app.post(""/detect-dialect"")",,,,,,,,
def detect_dialect(data: TextInput):,,,,,,,,
    try:,,,,,,,,
        result = process_dialect(data.text),,,,,,,,
"        return {""success"": True"," ""structured_data"": result[""structured_data""]"," ""formatted_report"": result[""formatted_report""]}",,,,,,
    except Exception as e:,,,,,,,,
"        return {""success"": False"," ""error"": str(e)}",,,,,,,
,,,,,,,,
"@app.post(""/investigate"")",,,,,,,,
def ai_investigator(data: TextInput):,,,,,,,,
    try:,,,,,,,,
        result = investigate(data.text),,,,,,,,
"        return {""success"": True"," ""structured_data"": result[""structured_data""]"," ""formatted_report"": result[""formatted_report""]}",,,,,,
    except Exception as e:,,,,,,,,
"        return {""success"": False"," ""error"": str(e)}",,,,,,,
,,,,,,,,
"@app.post(""/generate-sketch"")",,,,,,,,
def sketch_ai(data: TextInput):,,,,,,,,
    try:,,,,,,,,
        result = generate_sketch(data.text),,,,,,,,
"        return {""success"": True"," ""structured_data"": result[""structured_data""]"," ""formatted_report"": result[""formatted_report""]}",,,,,,
    except Exception as e:,,,,,,,,
"        return {""success"": False"," ""error"": str(e)}",,,,,,,
,,,,,,,,
"@app.post(""/fir/generate"")",,,,,,,,
def fir_generate(data: TextInput):,,,,,,,,
    try:,,,,,,,,
        fir = generate_fir(data.text),,,,,,,,
"        return {""success"": True"," ""transcribed_text"": data.text"," ""fir"": fir}",,,,,,
    except Exception as e:,,,,,,,,
"        return {""success"": False"," ""error"": str(e)}",,,,,,,
,,,,,,,,
"@app.post(""/transcribe-voice"")",,,,,,,,
async def transcribe_voice(audio: UploadFile = File(...)):,,,,,,,,
    try:,,,,,,,,
        from ai.whisper_test import transcribe_audio,,,,,,,,
        with tempfile.NamedTemporaryFile(delete=False," suffix="".wav"") as tmp:",,,,,,,
            tmp.write(await audio.read()),,,,,,,,
            tmp_path = tmp.name,,,,,,,,
        text = transcribe_audio(tmp_path),,,,,,,,
        os.unlink(tmp_path),,,,,,,,
"        return {""success"": True"," ""transcribed_text"": text}",,,,,,,
    except Exception as e:,,,,,,,,
"        return {""success"": False"," ""error"": str(e)}",,,,,,,
,,,,,,,,
"@app.post(""/voice-to-fir"")",,,,,,,,
async def voice_to_fir(audio: UploadFile = File(...)):,,,,,,,,
    try:,,,,,,,,
        from ai.whisper_test import transcribe_audio,,,,,,,,
        with tempfile.NamedTemporaryFile(delete=False," suffix="".wav"") as tmp:",,,,,,,
            tmp.write(await audio.read()),,,,,,,,
            tmp_path = tmp.name,,,,,,,,
        transcribed_text = transcribe_audio(tmp_path),,,,,,,,
        os.unlink(tmp_path),,,,,,,,
        fir = generate_fir(transcribed_text),,,,,,,,
"        return {""success"": True"," ""transcribed_text"": transcribed_text"," ""fir"": fir}",,,,,,
    except Exception as e:,,,,,,,,
"        return {""success"": False"," ""error"": str(e)}",,,,,,,
,,,,,,,,
"@app.get(""/crimes"")",,,,,,,,
async def get_crimes():,,,,,,,,
    async with httpx.AsyncClient() as client:,,,,,,,,
"        response = await client.get(f""{SUPABASE_URL}/rest/v1/crimes?select=*""", headers=HEADERS),,,,,,,
        return response.json(),,,,,,,,
,,,,,,,,
"@app.get(""/crimes/district/{district}"")",,,,,,,,
async def get_crimes_by_district(district: str):,,,,,,,,
    async with httpx.AsyncClient() as client:,,,,,,,,
"        response = await client.get(f""{SUPABASE_URL}/rest/v1/crimes?district=eq.{district}&select=*""", headers=HEADERS),,,,,,,
        return response.json(),,,,,,,,
,,,,,,,,
"@app.get(""/districts"")",,,,,,,,
async def get_districts():,,,,,,,,
    async with httpx.AsyncClient() as client:,,,,,,,,
"        response = await client.get(f""{SUPABASE_URL}/rest/v1/crimes?select=district""", headers=HEADERS),,,,,,,
        data = response.json(),,,,,,,,
"        districts = list(set([r[""district""] for r in data]))",,,,,,,,
"        return {""districts"": sorted(districts)}",,,,,,,,
,,,,,,,,
"@app.get(""/hotspots"")",,,,,,,,
def get_hotspots():,,,,,,,,
"    df = pd.read_csv(""data/crimes.csv"")",,,,,,,,
    return detect_hotspots(df),,,,,,,,
,,,,,,,,
"@app.get(""/stats"")",,,,,,,,
def get_stats():,,,,,,,,
"    df = pd.read_csv(""data/crimes.csv"")",,,,,,,,
    return {,,,,,,,,
"        ""total_crimes"": len(df)",,,,,,,,
"        ""crime_types"": df[""crime_type""].value_counts().to_dict()",,,,,,,,
"        ""districts"": df[""district""].value_counts().to_dict()",,,,,,,,
"        ""severity"": df[""severity""].value_counts().to_dict()",,,,,,,,
"        ""status"": df[""status""].value_counts().to_dict()",,,,,,,,
    },,,,,,,,
,,,,,,,,
"@app.get(""/stats/summary"")",,,,,,,,
def get_stats_summary():,,,,,,,,
"    df = pd.read_csv(""data/crimes.csv"")",,,,,,,,
"    top_districts = df[""district""].value_counts().head(5).to_dict()",,,,,,,,
"    top_crime_types = df[""crime_type""].value_counts().head(5).to_dict()",,,,,,,,
    return {,,,,,,,,
"        ""total_crimes"": len(df)",,,,,,,,
"        ""top_districts"": top_districts",,,,,,,,
"        ""top_crime_types"": top_crime_types",,,,,,,,
    },,,,,,,,
,,,,,,,,
"@app.get(""/stats/trend"")",,,,,,,,
def get_crime_trend():,,,,,,,,
"    df = pd.read_csv(""data/crimes.csv"")",,,,,,,,
"    df[""date""] = pd.to_datetime(df[""date""])",,,,,,,,
"    trend = df.groupby(df[""date""].dt.month).size().to_dict()",,,,,,,,
    return trend,,,,,,,,
,,,,,,,,
"@app.get(""/risk"")",,,,,,,,
def get_risk_scores():,,,,,,,,
"    df = pd.read_csv(""data/crimes.csv"")",,,,,,,,
"    district_counts = df.groupby(""district"").size()",,,,,,,,
    max_count = district_counts.max(),,,,,,,,
    result = [],,,,,,,,
    for district, count in district_counts.items():,,,,,,,
        score = round((count / max_count) * 100),,,,,,,,
"        result.append({""district"": district"," ""crime_count"": int(count)"," ""risk_score"": score})",,,,,,
    Area,city,police_station,crime_type,latitude,longitude,date,severity,status
Bengaluru Rural,Devanahalli,Vijayapura PS,Domestic Violence,13.430851,77.538456,09-01-2023,low,open
Dakshina Kannada,Puttur,Puttur PS,Theft,12.545385,75.299354,14-10-2024,medium,open
Tumakuru,Madhugiri,Madhugiri PS,Robbery,13.27075,77.03368,23-04-2024,low,investigating
Uttara Kannada,Karwar,Karwar Town PS,Vehicle Theft,14.551406,74.802389,05-10-2023,low,open
Haveri,Savanur,Savanur PS,Robbery,14.878466,75.340894,01-10-2023,medium,investigating
Mysuru,Mysuru City,Nazarbad PS,Domestic Violence,12.465815,76.524668,15-08-2023,high,closed
Mysuru,Hunsur,Hunsur PS,Theft,12.505311,76.58882,09-01-2024,medium,investigating
Tumakuru,Madhugiri,Rural PS,Burglary,13.509891,77.269675,02-03-2023,low,investigating
Raichur,Raichur City,Traffic PS,Drug Offense,16.136166,77.238492,04-01-2024,low,closed
Bengaluru Urban,Whitefield,Whitefield PS,Robbery,12.692702,77.581415,26-12-2024,high,closed
Ballari,Sandur,Rural PS,Burglary,15.066105,76.847175,11-01-2024,high,investigating
Ballari,Ballari City,Brucepet PS,Domestic Violence,15.388938,76.881828,21-03-2023,low,closed
Koppal,Koppal City,Koppal PS,Drug Offense,15.622326,76.053964,09-04-2024,low,investigating
Kodagu,Madikeri,Madikeri PS,Kidnapping,12.629774,75.707797,28-01-2023,medium,open
Mysuru,Hunsur,Hunsur PS,Theft,12.065995,76.548649,19-05-2024,high,open
Gadag,Ron,Ron PS,Robbery,15.293767,75.514646,19-05-2024,low,closed
Bidar,Bidar City,Traffic PS,Land Dispute,17.82535,77.80782,13-09-2023,medium,investigating
Shivamogga,Shivamogga City,Vinobanagar PS,Vehicle Theft,14.04549,75.575217,18-11-2023,low,investigating
Bengaluru Rural,Devanahalli,Airport PS,Domestic Violence,13.100686,77.577879,06-12-2024,low,closed
Mangaluru,Surathkal,Panambur PS,Murder,12.993376,75.119124,14-10-2023,low,closed
Mangaluru,Ullal,Konaje PS,Theft,12.759272,74.577436,12-02-2024,medium,closed
Raichur,Sindhanur,Sindhanur PS,Murder,16.224357,77.634355,19-05-2023,low,closed
Hassan,Arsikere,Arsikere PS,Murder,12.716313,76.381473,07-04-2023,medium,open
Hassan,Hassan City,Hassan PS,Theft,13.09336,76.111175,28-07-2023,medium,open
Mangaluru,Surathkal,Mulki PS,Drug Offense,12.763287,74.975551,16-09-2024,low,closed
Mangaluru,Surathkal,Panambur PS,Theft,13.079297,74.934037,19-07-2023,low,open
Raichur,Manvi,Rural PS,Burglary,16.429715,77.362027,08-05-2024,low,closed
Hassan,Arsikere,Town PS,Domestic Violence,12.915283,76.002511,24-06-2023,medium,closed
Kodagu,Virajpet,Rural PS,Land Dispute,12.630645,75.569449,21-09-2024,medium,open
Mysuru,Mysuru City,Devaraja PS,Robbery,12.495533,76.685149,13-08-2024,low,investigating
Chamarajanagar,Gundlupet,Gundlupet PS,Domestic Violence,12.080658,77.068794,14-11-2023,medium,investigating
Mangaluru,Ullal,Ullal PS,Theft,12.619526,75.005262,12-12-2023,high,investigating
Chitradurga,Hiriyur,Rural PS,Land Dispute,14.209805,76.456089,16-12-2023,medium,closed
Chamarajanagar,Kollegal,Rural PS,Land Dispute,12.08565,76.80666,18-08-2024,low,closed
Hassan,Hassan City,Hassan PS,Chain Snatching,13.146857,75.809693,03-09-2023,low,investigating
Hubballi-Dharwad,Hubballi,Old Hubballi PS,Drug Offense,15.272805,75.02245,29-11-2024,medium,closed
Chitradurga,Hiriyur,Hiriyur PS,Robbery,14.034803,76.25208,02-07-2023,high,investigating
Bidar,Bidar City,Bidar PS,Theft,17.89659,77.379303,22-07-2023,low,closed
Hubballi-Dharwad,Dharwad,Dharwad Town PS,Land Dispute,15.63493,75.011386,08-05-2024,medium,open
Chikkamagaluru,Tarikere,Rural PS,Burglary,13.408606,75.572784,27-11-2023,medium,investigating
Chamarajanagar,Chamarajanagar,Town PS,Drug Offense,11.654306,77.081483,13-02-2023,medium,closed
Bengaluru Rural,Nelamangala,Soladevanahalli PS,Drug Offense,13.483136,77.44449,21-06-2023,low,investigating
Bengaluru Rural,Devanahalli,Devanahalli PS,Murder,13.401343,77.360238,05-08-2024,low,closed
Yadgir,Shahapur,Rural PS,Fraud,16.57054,77.303449,09-01-2024,low,closed
Kalaburagi,Jewargi,Jewargi PS,Cybercrime,17.051828,76.814007,17-10-2023,medium,open
Davangere,Honnali,Nyamathi PS,Murder,14.265485,75.779132,08-05-2023,low,open
Chitradurga,Chitradurga,Town PS,Domestic Violence,14.022188,76.250544,24-04-2023,low,investigating
Mangaluru,Mangaluru,Mangaluru South PS,Drug Offense,13.097654,74.612797,21-12-2023,high,open
Hubballi-Dharwad,Dharwad,Sub Urban PS,Land Dispute,15.631851,74.918483,19-06-2023,medium,open
Raichur,Raichur City,Traffic PS,Kidnapping,16.471361,77.461069,13-10-2023,low,investigating
Bidar,Bidar City,New Town PS,Murder,17.868645,77.237927,19-10-2023,medium,closed
Bengaluru Rural,Doddaballapura,Rural PS,Vehicle Theft,13.389652,77.197855,25-09-2024,high,investigating
Hassan,Arsikere,Town PS,Land Dispute,12.749299,76.341772,22-08-2023,medium,closed
Shivamogga,Shivamogga City,Doddapete PS,Domestic Violence,14.096873,75.380977,17-10-2024,low,closed
Vijayapura,Sindagi,Town PS,Chain Snatching,16.545437,75.937744,01-09-2024,low,investigating
Bengaluru Rural,Devanahalli,Devanahalli PS,Kidnapping,13.383547,77.610138,05-06-2023,high,investigating
Bengaluru Urban,Koramangala,Madiwala PS,Burglary,12.826744,77.602821,26-04-2024,high,investigating
Kolar,Malur,Malur PS,Burglary,13.030492,78.313497,19-02-2023,low,open
Bengaluru Urban,Koramangala,Madiwala PS,Cybercrime,12.686636,77.683901,13-08-2024,medium,investigating
Mandya,Mandya,Traffic PS,Fraud,12.713377,76.865904,23-12-2024,medium,open
Chikkamagaluru,Kadur,Town PS,Assault,13.598075,75.755208,11-01-2024,low,closed
Bidar,Bidar City,Traffic PS,Cybercrime,17.624195,77.74109,31-07-2024,medium,investigating
Chitradurga,Hiriyur,Town PS,Chain Snatching,14.499295,76.59458,11-12-2023,low,investigating
Udupi,Udupi,Udupi Town PS,Robbery,13.06487,74.694474,06-03-2023,high,open
Haveri,Ranebennur,Rural PS,Fraud,14.876137,75.147675,10-09-2023,medium,open
Chikkaballapura,Bagepalli,Rural PS,Cybercrime,13.225096,77.473336,22-07-2024,medium,open
Kalaburagi,Sedam,Rural PS,Land Dispute,17.040977,76.991542,19-04-2023,medium,open
Mangaluru,Surathkal,Mulki PS,Theft,12.682383,74.740037,16-03-2024,low,open
Mandya,Srirangapatna,Srirangapatna PS,Fraud,12.485867,77.109842,05-05-2023,low,closed
Hassan,Arsikere,Rural PS,Kidnapping,13.163075,75.94456,08-07-2023,medium,open
Ballari,Ballari City,Cowl Bazaar PS,Chain Snatching,15.148163,77.160947,01-10-2023,low,closed
Hubballi-Dharwad,Dharwad,Dharwad Town PS,Chain Snatching,15.085436,74.932019,22-05-2024,medium,closed
Kalaburagi,Sedam,Rural PS,Vehicle Theft,17.225896,77.114561,28-07-2023,high,investigating
Hassan,Arsikere,Rural PS,Cybercrime,12.885035,76.384341,09-12-2023,low,open
Vijayapura,Vijayapura City,Traffic PS,Domestic Violence,16.922765,75.80356,05-12-2024,low,closed
Bengaluru Rural,Doddaballapura,Rural PS,Assault,13.055203,77.448743,23-02-2023,medium,closed
Hassan,Hassan City,Hassan PS,Fraud,12.970617,76.015075,18-11-2024,low,open
Hassan,Sakleshpur,Rural PS,Chain Snatching,12.927092,76.23265,01-09-2023,medium,investigating
Kodagu,Virajpet,Town PS,Murder,12.279164,75.509005,09-02-2024,medium,open
Hubballi-Dharwad,Navanagar,Rural PS,Vehicle Theft,15.275673,75.192422,23-04-2024,low,closed
Kodagu,Virajpet,Rural PS,Kidnapping,12.07786,75.755375,03-01-2024,low,open
Uttara Kannada,Sirsi,Rural PS,Cybercrime,14.80636,74.748432,01-10-2023,low,investigating
Udupi,Udupi,Manipal PS,Kidnapping,13.382554,74.505361,06-05-2023,high,investigating
Vijayapura,Indi,Town PS,Chain Snatching,16.593057,75.668981,01-03-2024,low,open
Bidar,Basavakalyan,Rural PS,Cybercrime,18.108509,77.462821,03-09-2023,medium,open
Vijayapura,Sindagi,Town PS,Chain Snatching,16.666879,75.54898,27-11-2024,low,investigating
Tumakuru,Madhugiri,Madhugiri PS,Kidnapping,13.273623,76.901885,16-03-2024,low,open
Kalaburagi,Sedam,Town PS,Chain Snatching,17.567129,76.865898,26-12-2024,low,open
Kolar,Malur,Malur PS,Vehicle Theft,12.877609,78.158918,29-10-2024,low,investigating
Raichur,Sindhanur,Town PS,Fraud,16.341224,77.592101,08-07-2023,low,closed
Hassan,Hassan City,Extension PS,Fraud,12.744778,76.010132,10-12-2023,low,closed
Chamarajanagar,Gundlupet,Town PS,Chain Snatching,11.930118,77.215575,18-08-2024,low,investigating
Mysuru,Hunsur,Hunsur PS,Land Dispute,12.419352,76.425391,15-03-2024,medium,investigating
Tumakuru,Madhugiri,Madhugiri PS,Fraud,13.145347,77.341435,30-11-2024,medium,open
Udupi,Karkala,Karkala PS,Land Dispute,13.083009,74.792085,08-10-2024,low,open
Hassan,Hassan City,Extension PS,Cybercrime,12.974968,76.261137,13-07-2024,low,closed
Davangere,Davangere City,Traffic PS,Vehicle Theft,14.672395,75.912366,25-02-2024,medium,closed
Shivamogga,Sagara,Rural PS,Mobile Theft,14.021541,75.510934,03-06-2023,low,investigating
Uttara Kannada,Bhatkal,Rural PS,Domestic Violence,14.92983,74.65668,19-01-2024,medium,closed
Bengaluru Urban,Yelahanka,Yelahanka New Town PS,Vehicle Theft,12.819121,77.597633,13-06-2023,medium,open
Chikkaballapura,Bagepalli,Bagepalli PS,Murder,13.532778,77.541767,26-02-2024,medium,investigating
Raichur,Sindhanur,Sindhanur PS,Murder,16.38103,77.259592,20-01-2023,medium,open
Bengaluru Urban,Whitefield,Varthur PS,Fraud,12.875942,77.433117,10-03-2024,high,closed
Kodagu,Somwarpet,Somwarpet PS,Fraud,12.308948,76.043917,28-10-2024,low,investigating
Udupi,Kundapura,Kundapura PS,Land Dispute,13.441066,74.956447,27-02-2024,low,investigating
Chikkaballapura,Chikkaballapura,Traffic PS,Chain Snatching,13.464933,77.527551,05-08-2023,high,investigating
Kolar,Bangarapet,Bangarapet PS,Theft,13.1358,77.875736,22-11-2024,medium,closed
Belagavi,Chikodi,Rural PS,Murder,15.678289,74.353019,20-06-2023,medium,closed
Shivamogga,Bhadravati,Paper Town PS,Drug Offense,14.216151,75.475449,08-05-2023,low,closed
Kodagu,Somwarpet,Kushalnagar PS,Drug Offense,12.383656,75.94232,02-11-2024,medium,closed
Bengaluru Rural,Devanahalli,Airport PS,Murder,12.931232,77.252247,10-04-2024,low,closed
Mangaluru,Ullal,Ullal PS,Kidnapping,13.033569,74.581191,03-05-2023,medium,investigating
Belagavi,Belagavi City,Belagavi PS,Cybercrime,15.951592,74.511365,14-06-2023,low,investigating
Gadag,Mundargi,Town PS,Murder,15.154686,75.357657,29-05-2023,low,closed
Hubballi-Dharwad,Navanagar,Town PS,Fraud,15.325578,75.314037,05-02-2023,low,closed
Haveri,Savanur,Savanur PS,Domestic Violence,14.666561,75.392668,05-09-2024,low,investigating
Bengaluru Rural,Devanahalli,Vijayapura PS,Vehicle Theft,13.361016,77.533336,05-09-2024,low,investigating
Haveri,Savanur,Rural PS,Assault,14.53901,75.55495,14-01-2024,low,closed
Chitradurga,Hosadurga,Rural PS,Land Dispute,14.276469,76.344193,08-05-2023,medium,open
Shivamogga,Shivamogga City,Doddapete PS,Kidnapping,14.014563,75.755139,15-05-2023,high,investigating
Koppal,Koppal City,Koppal PS,Fraud,15.074473,75.865416,17-12-2023,medium,closed
Hassan,Sakleshpur,Rural PS,Murder,13.048955,76.302335,22-08-2024,medium,investigating
Haveri,Haveri,Town PS,Chain Snatching,14.614562,75.405242,15-09-2023,high,investigating
Shivamogga,Shivamogga City,Doddapete PS,Drug Offense,13.78551,75.785084,31-08-2023,low,investigating
Kodagu,Madikeri,Rural PS,Assault,12.199573,75.956047,13-03-2023,medium,open
Kalaburagi,Jewargi,Rural PS,Land Dispute,17.399819,76.8638,02-03-2024,medium,closed
Chikkaballapura,Chikkaballapura,Town PS,Robbery,13.64593,78.006058,28-10-2024,low,investigating
Koppal,Kushtagi,Rural PS,Burglary,15.572683,76.405246,24-03-2023,low,closed
Chikkaballapura,Chikkaballapura,Traffic PS,Murder,13.235687,77.583528,22-09-2024,medium,open
Hassan,Arsikere,Rural PS,Domestic Violence,13.210384,76.351411,15-10-2023,low,open
Ballari,Sandur,Sandur PS,Burglary,14.959817,76.728516,10-12-2024,medium,investigating
Vijayapura,Indi,Rural PS,Murder,16.737806,75.546977,23-11-2023,low,closed
Kolar,Kolar,Traffic PS,Robbery,13.093684,78.117951,04-01-2024,low,open
Belagavi,Gokak,Traffic PS,Theft,15.762226,74.7951,25-11-2024,medium,closed
Kalaburagi,Jewargi,Jewargi PS,Theft,17.384481,76.81744,19-03-2023,medium,open
Ballari,Sandur,Toranagallu PS,Chain Snatching,15.054422,77.164149,21-06-2023,low,investigating
Kodagu,Madikeri,Traffic PS,Mobile Theft,12.334831,75.939663,10-10-2024,low,open
Mangaluru,Surathkal,Mulki PS,Kidnapping,12.735287,74.811458,22-05-2024,low,investigating
Vijayapura,Sindagi,Town PS,Drug Offense,16.640925,75.573101,04-11-2023,medium,investigating
Dakshina Kannada,Puttur,Puttur PS,Robbery,12.575359,75.528594,05-10-2024,low,closed
Bidar,Basavakalyan,Town PS,Robbery,17.774657,77.810263,13-04-2024,low,closed
Bengaluru Rural,Nelamangala,Traffic PS,Murder,13.14543,77.280942,23-02-2024,medium,investigating
Uttara Kannada,Karwar,Karwar Town PS,Cybercrime,14.737226,74.634937,23-08-2023,medium,open
Uttara Kannada,Sirsi,Sirsi PS,Chain Snatching,14.508815,74.69832,30-04-2023,medium,open
Udupi,Kundapura,Byndoor PS,Robbery,13.56723,74.44307,11-09-2023,low,closed
Belagavi,Gokak,Gokak Town PS,Kidnapping,16.004929,74.554101,26-05-2023,low,closed
Ballari,Hospet,Traffic PS,Vehicle Theft,15.06548,76.71016,13-01-2023,medium,closed
Bengaluru Rural,Nelamangala,Soladevanahalli PS,Fraud,13.287077,77.690894,13-06-2023,medium,open
Udupi,Karkala,Hebri PS,Fraud,13.141928,74.897509,28-01-2023,medium,investigating
Hubballi-Dharwad,Hubballi,Vidyanagar PS,Drug Offense,15.368268,75.412731,18-09-2024,low,open
Udupi,Udupi,Malpe PS,Burglary,13.49591,74.932406,03-10-2024,medium,closed
Mysuru,Nanjangud,Rural PS,Burglary,12.172318,76.853106,29-10-2023,low,investigating
Raichur,Manvi,Manvi PS,Cybercrime,16.22787,77.373433,17-06-2023,low,open
Chikkamagaluru,Tarikere,Rural PS,Murder,13.232048,75.586161,11-11-2024,low,investigating
Ballari,Sandur,Toranagallu PS,Theft,15.158451,77.212185,20-01-2024,low,closed
Chikkaballapura,Chikkaballapura,Town PS,Mobile Theft,13.521182,77.657964,29-06-2024,low,open
Mandya,Srirangapatna,Srirangapatna PS,Assault,12.629719,76.671429,12-04-2023,low,investigating
Gadag,Ron,Ron PS,Kidnapping,15.641948,75.738865,16-03-2023,low,open
Mysuru,Nanjangud,Nanjangud Town PS,Theft,12.195054,76.504972,15-06-2023,high,closed
Uttara Kannada,Sirsi,Sirsi PS,Cybercrime,14.633931,74.513578,09-11-2023,low,closed
Mangaluru,Mangaluru,Mangaluru South PS,Fraud,12.662735,74.877389,06-10-2023,low,closed
Raichur,Sindhanur,Sindhanur PS,Theft,16.037814,77.410963,04-09-2023,low,closed
Belagavi,Chikodi,Rural PS,Theft,15.81338,74.673495,26-07-2023,medium,open
Mandya,Maddur,Town PS,Mobile Theft,12.41249,76.857646,20-05-2024,high,investigating
Kalaburagi,Sedam,Sedam PS,Robbery,17.161706,76.608509,24-02-2023,medium,open
Haveri,Haveri,Haveri PS,Drug Offense,14.966169,75.335583,26-06-2024,high,open
Bengaluru Rural,Devanahalli,Devanahalli PS,Kidnapping,13.041216,77.599698,06-11-2024,low,investigating
Kodagu,Somwarpet,Kushalnagar PS,Burglary,12.40282,75.715967,05-07-2024,medium,closed
Hassan,Arsikere,Town PS,Cybercrime,12.888164,76.079141,16-04-2024,low,investigating
Chamarajanagar,Kollegal,Town PS,Fraud,12.186805,76.895219,09-09-2023,low,closed
Uttara Kannada,Karwar,Bazar PS,Kidnapping,15.064676,74.900418,25-02-2024,low,investigating
Gadag,Mundargi,Mundargi PS,Land Dispute,15.174426,75.666518,06-12-2023,high,open
Uttara Kannada,Bhatkal,Bhatkal PS,Assault,14.839935,74.435916,17-04-2024,low,closed
Chikkamagaluru,Tarikere,Tarikere PS,Vehicle Theft,13.392477,75.541069,06-05-2023,high,investigating
Kodagu,Somwarpet,Rural PS,Vehicle Theft,12.11793,75.538056,02-12-2023,low,closed
Chamarajanagar,Chamarajanagar,Town PS,Cybercrime,11.937977,76.960977,29-08-2023,low,closed
Mangaluru,Mangaluru,Pandeshwar PS,Theft,13.039415,74.978473,01-04-2023,high,closed
Hassan,Sakleshpur,Rural PS,Fraud,13.074029,76.23475,21-09-2023,high,closed
Hubballi-Dharwad,Hubballi,Vidyanagar PS,Domestic Violence,15.130491,75.26462,12-05-2024,high,investigating
Bengaluru Urban,Whitefield,Kadugodi PS,Murder,13.133764,77.410071,18-08-2023,medium,closed
Gadag,Ron,Ron PS,Kidnapping,15.200901,75.754615,14-11-2023,low,closed
Davangere,Honnali,Rural PS,Robbery,14.433827,75.640201,20-09-2023,medium,open
Tumakuru,Madhugiri,Madhugiri PS,Burglary,13.097576,77.241878,16-07-2024,high,open
Kodagu,Virajpet,Town PS,Drug Offense,12.179169,76.013023,30-09-2023,low,closed
Gadag,Mundargi,Town PS,Theft,15.220021,75.556791,14-12-2024,low,investigating
Ramanagara,Ramanagara,Town PS,Mobile Theft,12.432301,77.289852,31-10-2024,medium,open
Koppal,Gangavathi,Gangavathi PS,Theft,15.579434,76.037266,14-08-2023,medium,investigating
Uttara Kannada,Bhatkal,Town PS,Murder,14.522643,74.559054,28-09-2024,high,investigating
Shivamogga,Sagara,Rural PS,Assault,13.900095,75.375858,05-08-2024,low,open
Bengaluru Urban,Yelahanka,Attur PS,Fraud,12.782537,77.869513,28-05-2023,medium,open
Hubballi-Dharwad,Dharwad,Sub Urban PS,Drug Offense,15.440557,74.986321,25-04-2023,high,closed
Uttara Kannada,Karwar,Karwar Town PS,Murder,14.751564,74.448212,18-08-2023,medium,investigating
Kolar,Malur,Town PS,Mobile Theft,12.908139,78.024462,12-07-2024,low,closed
Kodagu,Madikeri,Traffic PS,Fraud,12.553815,75.836913,11-08-2024,high,closed
Vijayapura,Vijayapura City,Gandhi Chowk PS,Theft,16.763171,75.651255,14-09-2024,medium,open
Mangaluru,Ullal,Konaje PS,Mobile Theft,13.001521,75.067682,30-10-2023,medium,open
Bengaluru Rural,Doddaballapura,Doddaballapura PS,Drug Offense,13.125537,77.582641,25-05-2023,low,open
Bengaluru Rural,Doddaballapura,Rural PS,Robbery,13.308864,77.41228,21-12-2024,low,investigating
Haveri,Savanur,Town PS,Domestic Violence,15.039048,75.506997,22-09-2023,medium,open
Chitradurga,Chitradurga,Traffic PS,Assault,14.136904,76.275276,14-05-2023,medium,open
Haveri,Ranebennur,Rural PS,Burglary,14.720036,75.434496,04-10-2024,high,investigating
Ballari,Hospet,Rural PS,Fraud,14.998753,76.857043,04-11-2023,high,open
Hubballi-Dharwad,Dharwad,Traffic PS,Vehicle Theft,15.522367,75.080316,30-12-2023,low,investigating
Chitradurga,Hosadurga,Rural PS,Kidnapping,14.112715,76.430199,27-08-2024,high,open
Bengaluru Rural,Nelamangala,Nelamangala PS,Mobile Theft,13.246472,77.333245,15-02-2023,low,open
Belagavi,Gokak,Rural PS,Theft,15.585688,74.476699,25-11-2023,low,open
Davangere,Davangere City,Davangere PS,Burglary,14.608111,75.797009,29-03-2024,low,investigating
Mangaluru,Ullal,Ullal PS,Cybercrime,12.668761,74.951583,17-10-2023,medium,open
Gadag,Mundargi,Rural PS,Mobile Theft,15.393662,75.854635,13-07-2023,medium,investigating
Chikkamagaluru,Tarikere,Lakkavalli PS,Land Dispute,13.327626,75.686083,24-06-2023,high,investigating
Chikkaballapura,Chikkaballapura,Traffic PS,Theft,13.153911,77.944302,13-08-2024,medium,investigating
Ballari,Ballari City,Cowl Bazaar PS,Chain Snatching,15.058292,76.657814,02-12-2023,low,open
Chitradurga,Hiriyur,Rural PS,Assault,13.945398,76.451459,28-04-2024,low,investigating
Chikkaballapura,Sidlaghatta,Town PS,Kidnapping,13.553317,77.903207,06-08-2024,low,open
Chikkaballapura,Bagepalli,Town PS,Mobile Theft,13.702377,77.695588,05-05-2024,high,investigating
Kolar,Malur,Town PS,Murder,13.165938,78.035455,11-09-2023,medium,open
Mysuru,Nanjangud,Rural PS,Murder,12.23003,76.726683,10-04-2024,medium,investigating
Shivamogga,Bhadravati,Bhadravati PS,Kidnapping,14.088809,75.309511,09-09-2024,low,closed
Chikkaballapura,Bagepalli,Rural PS,Domestic Violence,13.706642,77.58713,11-02-2023,high,closed
Hubballi-Dharwad,Hubballi,Keshwapur PS,Kidnapping,15.526159,74.862134,30-01-2024,low,closed
Ballari,Hospet,Traffic PS,Mobile Theft,15.25426,76.765705,26-10-2023,medium,investigating
Chamarajanagar,Chamarajanagar,Traffic PS,Kidnapping,11.687105,76.745471,28-12-2023,low,investigating
Bidar,Basavakalyan,Rural PS,Fraud,17.88846,77.360651,20-07-2024,low,open
Davangere,Honnali,Honnali PS,Theft,14.445307,75.654117,16-12-2024,low,investigating
Koppal,Koppal City,Town PS,Mobile Theft,15.582519,76.263333,09-05-2024,low,closed
Dakshina Kannada,Sullia,Rural PS,Cybercrime,12.656763,75.00007,20-11-2023,medium,investigating
Vijayapura,Indi,Rural PS,Theft,17.089847,75.80158,11-01-2024,low,investigating
Mysuru,Hunsur,Hunsur PS,Land Dispute,12.215115,76.650847,29-02-2024,medium,closed
Kolar,Bangarapet,Rural PS,Fraud,13.023261,77.939832,03-05-2023,low,open
Mangaluru,Surathkal,Surathkal PS,Land Dispute,12.845924,74.948268,06-01-2023,low,investigating
Hassan,Arsikere,Town PS,Vehicle Theft,12.839743,75.802738,22-09-2023,low,closed
Raichur,Manvi,Manvi PS,Robbery,16.048942,77.32695,28-10-2023,high,closed
Mysuru,Nanjangud,Traffic PS,Fraud,12.237485,76.863459,01-05-2024,low,investigating
Chitradurga,Chitradurga,Town PS,Robbery,14.501772,76.586263,08-10-2024,medium,closed
Koppal,Kushtagi,Kushtagi PS,Land Dispute,15.498217,76.01155,13-01-2024,medium,open
Haveri,Ranebennur,Rural PS,Assault,14.907152,75.595705,25-12-2024,low,open
Hubballi-Dharwad,Navanagar,Rural PS,Murder,15.432835,75.340945,12-03-2024,low,investigating
Kodagu,Madikeri,Traffic PS,Vehicle Theft,12.139338,76.062289,16-07-2023,medium,closed
Belagavi,Chikodi,Rural PS,Domestic Violence,15.95113,74.26873,07-12-2024,medium,closed
Mandya,Srirangapatna,Town PS,Drug Offense,12.573801,77.093053,30-04-2023,medium,closed
Bengaluru Urban,Yelahanka,Yelahanka New Town PS,Chain Snatching,12.888091,77.784238,29-01-2024,medium,open
Kalaburagi,Sedam,Rural PS,Mobile Theft,17.22788,77.028156,09-09-2024,medium,closed
Davangere,Davangere City,Traffic PS,Burglary,14.632808,75.814671,26-04-2024,medium,open
Dakshina Kannada,Bantwal,Town PS,Domestic Violence,12.887628,75.405138,18-07-2024,medium,open
Shivamogga,Sagara,Sagara PS,Assault,13.98602,75.551451,24-02-2023,medium,open
Mysuru,Hunsur,Hunsur PS,Mobile Theft,12.538956,76.488028,04-09-2023,low,closed
Tumakuru,Tumakuru City,New Extension PS,Chain Snatching,13.163688,76.817886,09-05-2024,medium,closed
Koppal,Koppal City,Koppal PS,Vehicle Theft,15.342173,76.080582,27-02-2023,medium,closed
Belagavi,Gokak,Traffic PS,Fraud,16.131899,74.717436,29-12-2024,low,investigating
Chikkamagaluru,Chikkamagaluru City,Town PS,Burglary,13.396625,75.911791,15-02-2023,low,closed
Mandya,Srirangapatna,Rural PS,Chain Snatching,12.689848,76.911144,21-06-2023,high,open
Kodagu,Somwarpet,Rural PS,Domestic Violence,12.354978,75.530527,08-02-2024,low,open
Bengaluru Urban,Yelahanka,Attur PS,Drug Offense,13.144478,77.712126,28-03-2024,low,investigating
Shivamogga,Shivamogga City,Vinobanagar PS,Burglary,13.737408,75.621282,27-06-2023,high,closed
Davangere,Honnali,Nyamathi PS,Cybercrime,14.477461,76.038742,28-03-2023,low,investigating
Belagavi,Gokak,Rural PS,Burglary,15.869173,74.450477,13-01-2023,low,closed
Chikkamagaluru,Chikkamagaluru City,Traffic PS,Vehicle Theft,13.408151,75.515852,23-03-2024,high,closed
Kodagu,Virajpet,Town PS,Fraud,12.242843,75.51758,30-06-2023,medium,open
Ballari,Sandur,Rural PS,Vehicle Theft,15.300053,76.630406,29-01-2024,low,investigating
Udupi,Udupi,Udupi Town PS,Assault,13.566029,74.662915,07-08-2023,high,open
Bengaluru Urban,Whitefield,Varthur PS,Theft,12.819918,77.659524,30-05-2024,low,open
Vijayapura,Vijayapura City,Adarsh Nagar PS,Theft,16.655482,75.543292,10-03-2023,high,open
Bengaluru Rural,Devanahalli,Vijayapura PS,Vehicle Theft,13.216017,77.648913,01-12-2023,low,investigating
Mysuru,Nanjangud,Nanjangud Town PS,Mobile Theft,12.166061,76.592217,15-05-2024,high,open
Ramanagara,Kanakapura,Town PS,Vehicle Theft,12.623479,77.3663,30-11-2024,low,closed
Dakshina Kannada,Bantwal,Rural PS,Kidnapping,12.55051,75.136741,18-01-2024,low,open
Chitradurga,Hiriyur,Hiriyur PS,Mobile Theft,14.492581,76.181603,20-05-2023,medium,open
Chitradurga,Hiriyur,Rural PS,Domestic Violence,14.413759,76.483757,29-06-2024,high,investigating
Chamarajanagar,Kollegal,Town PS,Vehicle Theft,12.064258,76.814558,14-05-2023,low,closed
Davangere,Honnali,Rural PS,Theft,14.643584,76.20754,23-12-2023,medium,investigating
Koppal,Koppal City,Koppal PS,Theft,15.524959,76.126344,30-07-2024,medium,open
Bengaluru Rural,Doddaballapura,Rural PS,Chain Snatching,12.955187,77.425103,24-06-2023,medium,closed
Kodagu,Somwarpet,Kushalnagar PS,Murder,12.261477,75.873335,13-06-2024,medium,investigating
Davangere,Honnali,Nyamathi PS,Land Dispute,14.360737,75.652076,30-04-2024,medium,investigating
Bengaluru Rural,Doddaballapura,Town PS,Theft,13.170259,77.378594,04-06-2024,medium,closed
Bidar,Basavakalyan,Rural PS,Drug Offense,17.632131,77.407349,06-02-2024,low,investigating
Mandya,Srirangapatna,Rural PS,Chain Snatching,12.698656,77.008175,17-03-2024,low,investigating
Ramanagara,Ramanagara,Ramanagara PS,Cybercrime,12.495069,77.077439,05-03-2024,medium,closed
Davangere,Honnali,Honnali PS,Cybercrime,14.662377,76.217312,24-12-2023,low,investigating
Hubballi-Dharwad,Hubballi,Keshwapur PS,Burglary,15.286195,74.86966,18-07-2023,medium,investigating
Dakshina Kannada,Sullia,Town PS,Kidnapping,12.703827,75.289585,19-10-2023,low,open
Bidar,Bidar City,New Town PS,Drug Offense,18.016719,77.400886,27-11-2023,low,closed
Kalaburagi,Sedam,Town PS,Kidnapping,17.342558,76.715005,12-10-2023,high,closed
Kolar,Bangarapet,Town PS,Chain Snatching,12.967434,78.170201,03-02-2023,low,investigating
Yadgir,Gurmitkal,Town PS,Chain Snatching,16.608981,77.030419,28-12-2023,medium,investigating
Chikkamagaluru,Chikkamagaluru City,Traffic PS,Robbery,13.59761,76.069075,01-02-2023,low,open
Gadag,Gadag,Betageri PS,Land Dispute,15.26046,75.516764,12-01-2023,low,closed
Kodagu,Madikeri,Rural PS,Cybercrime,12.147155,75.674476,14-02-2023,low,closed
Ballari,Ballari City,Brucepet PS,Cybercrime,15.00939,76.89081,01-05-2024,medium,open
Mandya,Srirangapatna,Town PS,Domestic Violence,12.778949,77.003601,28-05-2024,medium,investigating
Mangaluru,Mangaluru,Mangaluru South PS,Murder,12.732664,74.698717,24-08-2024,low,open
Chikkamagaluru,Kadur,Kadur PS,Murder,13.028572,76.020249,04-12-2023,low,open
Hassan,Hassan City,Traffic PS,Burglary,13.055176,76.006064,31-08-2023,low,closed
Chikkamagaluru,Tarikere,Lakkavalli PS,Burglary,13.14208,76.05076,02-10-2023,high,open
Bengaluru Rural,Nelamangala,Soladevanahalli PS,Fraud,13.176308,77.547887,12-10-2023,medium,closed
Bidar,Basavakalyan,Basavakalyan PS,Burglary,18.015237,77.4862,07-12-2023,high,investigating
Mysuru,Mysuru City,Nazarbad PS,Chain Snatching,12.336632,76.358158,31-07-2024,low,investigating
Ramanagara,Ramanagara,Traffic PS,Murder,12.978221,77.220596,28-01-2024,medium,closed
Chikkamagaluru,Chikkamagaluru City,Chikkamagaluru PS,Theft,13.495941,75.648091,07-04-2024,medium,investigating
Davangere,Davangere City,Traffic PS,Domestic Violence,14.337862,76.020011,10-11-2024,medium,closed
Chitradurga,Chitradurga,Traffic PS,Domestic Violence,14.299119,76.424348,26-07-2023,low,investigating
Haveri,Haveri,Town PS,Theft,14.7677,75.633282,04-01-2023,medium,closed
Mandya,Maddur,Town PS,Assault,12.813348,77.16497,27-07-2024,low,closed
Davangere,Harihar,Rural PS,Land Dispute,14.517975,76.126549,18-09-2024,medium,open
Mysuru,Hunsur,Bilikere PS,Fraud,12.138054,76.686953,27-11-2023,high,open
Mandya,Srirangapatna,Rural PS,Kidnapping,12.80739,76.983558,16-07-2024,low,open
Chikkaballapura,Bagepalli,Bagepalli PS,Drug Offense,13.697801,77.95517,22-05-2024,medium,open
Gadag,Mundargi,Mundargi PS,Burglary,15.565388,75.57512,18-05-2023,low,closed
Dakshina Kannada,Sullia,Sullia PS,Cybercrime,12.700753,75.204466,20-08-2023,low,closed
Gadag,Ron,Rural PS,Theft,15.245652,75.87241,05-06-2023,low,investigating
Shivamogga,Sagara,Anandapura PS,Mobile Theft,13.660368,75.535137,27-04-2024,low,open
Chikkamagaluru,Tarikere,Lakkavalli PS,Robbery,13.31117,75.661912,23-06-2023,medium,closed
Mysuru,Hunsur,Rural PS,Theft,12.303055,76.410246,22-03-2023,low,investigating
Kodagu,Madikeri,Traffic PS,Murder,12.082955,75.902021,07-04-2023,low,investigating
Yadgir,Shahapur,Rural PS,Domestic Violence,16.71959,76.965034,21-03-2024,high,closed
Chamarajanagar,Kollegal,Rural PS,Mobile Theft,11.791852,76.726353,18-04-2024,low,open
Bengaluru Urban,Koramangala,Madiwala PS,Mobile Theft,12.901018,77.855914,10-12-2024,medium,closed
Vijayapura,Vijayapura City,Adarsh Nagar PS,Land Dispute,16.749022,75.462304,04-08-2024,medium,open
Kolar,Malur,Town PS,Mobile Theft,13.053394,78.388961,10-11-2024,low,investigating
Koppal,Koppal City,Traffic PS,Domestic Violence,15.48324,76.229171,06-04-2024,low,investigating
Ramanagara,Kanakapura,Rural PS,Chain Snatching,12.80516,77.531773,17-05-2023,low,closed
Kodagu,Virajpet,Virajpet PS,Cybercrime,12.344841,75.595636,27-02-2023,medium,investigating
Chikkamagaluru,Kadur,Kadur PS,Drug Offense,13.083549,75.829948,30-05-2024,medium,closed
Udupi,Kundapura,Byndoor PS,Assault,13.628251,74.786083,25-04-2023,high,closed
Raichur,Sindhanur,Rural PS,Chain Snatching,16.488429,77.163902,28-08-2023,low,closed
Bengaluru Urban,Yelahanka,Yelahanka New Town PS,Theft,12.75018,77.861503,18-09-2023,medium,closed
Shivamogga,Bhadravati,Old Town PS,Robbery,13.738412,75.81613,30-12-2023,high,open
Kalaburagi,Jewargi,Rural PS,Fraud,17.319612,76.821526,16-02-2024,high,investigating
Udupi,Karkala,Ajekar PS,Robbery,13.385847,74.482179,16-11-2023,low,investigating
Mandya,Maddur,Maddur PS,Vehicle Theft,12.540433,76.783886,17-04-2024,low,closed
Haveri,Savanur,Savanur PS,Land Dispute,15.008467,75.148051,11-09-2024,low,investigating
Ramanagara,Magadi,Rural PS,Vehicle Theft,12.860735,77.543301,04-08-2023,low,closed
Mangaluru,Mangaluru,Mangaluru South PS,Vehicle Theft,13.031593,74.806772,09-05-2024,low,investigating
Hassan,Sakleshpur,Town PS,Cybercrime,12.814224,76.148576,31-01-2023,medium,closed
Belagavi,Gokak,Gokak Town PS,Land Dispute,15.658762,74.332722,15-10-2024,low,open
Raichur,Manvi,Town PS,Theft,16.432176,77.544998,29-11-2023,low,closed
Tumakuru,Madhugiri,Madhugiri PS,Kidnapping,13.118046,76.878942,20-08-2024,high,closed
Ramanagara,Kanakapura,Kanakapura PS,Assault,12.584977,77.197221,12-10-2024,medium,open
Mysuru,Nanjangud,Rural PS,Vehicle Theft,12.286913,76.67343,23-04-2023,low,investigating
Bengaluru Rural,Doddaballapura,Doddaballapura PS,Drug Offense,13.463701,77.622455,08-06-2023,low,open
Kolar,Bangarapet,Rural PS,Robbery,12.955341,78.307882,02-04-2024,medium,open
Tumakuru,Madhugiri,Madhugiri PS,Kidnapping,13.298655,77.216081,21-02-2023,low,closed
Hubballi-Dharwad,Navanagar,Navanagar PS,Chain Snatching,15.458199,75.332721,09-09-2024,medium,investigating
Belagavi,Gokak,Rural PS,Kidnapping,15.909318,74.734191,12-09-2024,low,closed
Haveri,Haveri,Town PS,Mobile Theft,14.839732,75.335103,10-04-2024,medium,investigating
Chitradurga,Chitradurga,Traffic PS,Burglary,14.258887,76.56945,11-02-2023,high,open
Chitradurga,Hiriyur,Town PS,Burglary,14.26393,76.163053,04-04-2023,low,investigating
Raichur,Raichur City,Traffic PS,Robbery,16.422127,77.210988,17-10-2023,medium,open
Mandya,Mandya,Town PS,Robbery,12.800756,76.64425,26-02-2024,low,investigating
Chitradurga,Chitradurga,Town PS,Burglary,14.144567,76.212477,17-12-2024,low,open
Udupi,Kundapura,Byndoor PS,Domestic Violence,13.551165,74.64221,30-04-2024,low,open
Shivamogga,Sagara,Anandapura PS,Burglary,14.148033,75.622253,06-08-2024,medium,open
Belagavi,Gokak,Gokak Town PS,Drug Offense,15.633891,74.291652,26-12-2023,low,closed
Davangere,Davangere City,Davangere PS,Mobile Theft,14.646601,75.932738,08-06-2023,low,investigating
Chamarajanagar,Chamarajanagar,Town PS,Drug Offense,11.844283,77.043504,01-05-2023,low,open
Chikkaballapura,Sidlaghatta,Rural PS,Cybercrime,13.296187,77.773395,30-07-2024,medium,closed
Kalaburagi,Jewargi,Rural PS,Burglary,17.156022,76.781131,23-05-2024,high,open
Kolar,Bangarapet,Town PS,Robbery,13.24718,78.425914,01-06-2024,medium,investigating
Kolar,Bangarapet,Rural PS,Cybercrime,13.149815,78.252371,26-10-2024,low,open
Gadag,Ron,Rural PS,Robbery,15.13056,75.758078,07-11-2023,low,closed
Kalaburagi,Sedam,Rural PS,Land Dispute,17.21213,76.95435,24-10-2024,low,closed
Belagavi,Gokak,Traffic PS,Chain Snatching,16.081559,74.654577,30-05-2024,low,open
Chitradurga,Chitradurga,Traffic PS,Robbery,14.486932,76.492739,17-08-2024,medium,open
Bengaluru Urban,Koramangala,Madiwala PS,Domestic Violence,12.817991,77.713417,10-04-2023,low,open
Mangaluru,Mangaluru,Mangaluru South PS,Kidnapping,12.805825,74.812606,16-02-2024,high,open
Mandya,Mandya,Mandya PS,Theft,12.633114,77.041353,14-09-2023,low,investigating
Raichur,Manvi,Manvi PS,Mobile Theft,16.199647,77.355477,01-11-2024,medium,investigating
Ramanagara,Magadi,Town PS,Burglary,13.008468,77.035102,20-05-2024,low,investigating
Gadag,Gadag,Betageri PS,Kidnapping,15.231564,75.794644,05-12-2024,medium,investigating
Haveri,Haveri,Traffic PS,Fraud,14.81257,75.400699,20-06-2024,low,open
Kodagu,Somwarpet,Somwarpet PS,Domestic Violence,12.107223,75.955739,27-06-2024,low,closed
Belagavi,Belagavi City,Tilakwadi PS,Burglary,16.136126,74.405191,06-10-2023,high,closed
Raichur,Sindhanur,Rural PS,Robbery,16.293056,77.045585,29-11-2023,medium,open
Kodagu,Virajpet,Town PS,Drug Offense,12.636341,75.960235,10-12-2023,high,open
Shivamogga,Shivamogga City,Doddapete PS,Land Dispute,13.798092,75.331569,18-02-2023,low,closed
Chamarajanagar,Gundlupet,Town PS,Drug Offense,11.829374,76.922105,05-02-2024,high,open
Tumakuru,Tiptur,Rural PS,Theft,13.362977,76.996042,24-09-2024,high,closed
Ballari,Hospet,Traffic PS,Kidnapping,15.436568,77.009273,07-09-2024,low,closed
Hubballi-Dharwad,Dharwad,Traffic PS,Robbery,15.120884,74.894344,22-10-2023,low,open
Mysuru,Hunsur,Hunsur PS,Burglary,12.443016,76.656005,29-05-2024,high,open
Haveri,Ranebennur,Town PS,Robbery,14.911091,75.554915,25-10-2024,low,investigating
Haveri,Savanur,Rural PS,Fraud,14.680668,75.504101,29-05-2024,low,closed
Yadgir,Shahapur,Rural PS,Land Dispute,16.525369,77.437624,10-03-2023,medium,investigating
Chamarajanagar,Gundlupet,Gundlupet PS,Fraud,11.968118,77.082462,30-05-2023,low,closed
Chitradurga,Hiriyur,Rural PS,Fraud,14.098483,76.234334,12-12-2023,medium,investigating
Kodagu,Virajpet,Virajpet PS,Chain Snatching,12.405487,75.638468,22-06-2024,low,investigating
Chitradurga,Chitradurga,Town PS,Domestic Violence,14.256452,76.322831,06-06-2024,low,closed
Bidar,Bhalki,Rural PS,Burglary,18.049444,77.242246,17-03-2023,low,closed
Bidar,Bidar City,Traffic PS,Robbery,17.977997,77.283209,04-06-2024,low,closed
Hubballi-Dharwad,Navanagar,Navanagar PS,Land Dispute,15.469836,75.29015,09-12-2023,high,closed
Bidar,Basavakalyan,Basavakalyan PS,Theft,17.98009,77.308112,08-12-2024,low,investigating
Kalaburagi,Jewargi,Jewargi PS,Chain Snatching,17.472791,76.908599,25-08-2024,low,investigating
Mysuru,Mysuru City,Nazarbad PS,Theft,12.430032,76.58594,21-10-2024,low,investigating
Chamarajanagar,Chamarajanagar,Chamarajanagar PS,Robbery,12.062213,76.921451,06-09-2023,medium,open
Hassan,Hassan City,Extension PS,Fraud,12.777922,75.817024,07-01-2024,low,closed
Bengaluru Urban,Whitefield,Varthur PS,Theft,13.169833,77.760781,15-12-2023,low,closed
Gadag,Gadag,Traffic PS,Theft,15.313385,75.610839,26-08-2024,low,closed
Kodagu,Virajpet,Virajpet PS,Drug Offense,12.524616,75.858045,13-06-2023,medium,closed
Shivamogga,Shivamogga City,Traffic PS,Burglary,14.108875,75.525139,25-03-2024,medium,open
Raichur,Manvi,Town PS,Burglary,16.248019,77.490071,06-07-2023,medium,open
Kalaburagi,Jewargi,Rural PS,Domestic Violence,17.370848,76.763318,30-12-2024,low,open
Tumakuru,Madhugiri,Rural PS,Kidnapping,13.23074,77.392475,23-05-2023,medium,closed
Chamarajanagar,Chamarajanagar,Town PS,Murder,11.769197,77.059987,07-12-2024,high,closed
Gadag,Gadag,Betageri PS,Assault,15.25145,75.604046,21-03-2024,low,investigating
Tumakuru,Madhugiri,Rural PS,Cybercrime,13.292465,76.833093,06-12-2023,medium,open
Chikkamagaluru,Kadur,Kadur PS,Mobile Theft,13.1697,75.787075,03-04-2023,medium,open
Gadag,Gadag,Betageri PS,Mobile Theft,15.312493,75.332783,06-12-2024,low,closed
Hubballi-Dharwad,Dharwad,Traffic PS,Drug Offense,15.156217,75.358001,03-06-2023,low,investigating
Bengaluru Rural,Devanahalli,Airport PS,Cybercrime,13.059341,77.559784,16-04-2023,high,investigating
Chikkamagaluru,Chikkamagaluru City,Traffic PS,Fraud,13.380667,75.545835,09-12-2023,medium,investigating
Chikkamagaluru,Tarikere,Rural PS,Fraud,13.374787,75.486832,20-06-2023,medium,open
Mysuru,Mysuru City,Devaraja PS,Theft,12.434859,76.418512,24-06-2024,medium,closed
Mangaluru,Mangaluru,Pandeshwar PS,Burglary,12.941556,74.574656,16-12-2023,medium,open
Bidar,Bhalki,Town PS,Murder,17.899529,77.559519,18-05-2023,low,closed
Raichur,Raichur City,Traffic PS,Mobile Theft,16.173639,77.243479,05-12-2023,low,open
Yadgir,Shahapur,Rural PS,Mobile Theft,16.848075,77.277279,03-09-2024,low,closed
Vijayapura,Vijayapura City,Adarsh Nagar PS,Cybercrime,17.006842,75.574735,14-10-2023,low,open
Hubballi-Dharwad,Dharwad,Dharwad Town PS,Land Dispute,15.270725,74.856075,05-07-2024,low,closed
Chikkaballapura,Bagepalli,Rural PS,Domestic Violence,13.465854,77.484198,03-12-2024,low,closed
Chamarajanagar,Chamarajanagar,Town PS,Theft,11.881508,76.833675,05-09-2023,low,investigating
Belagavi,Gokak,Gokak Town PS,Domestic Violence,15.717388,74.516971,08-12-2024,medium,open
Ballari,Sandur,Toranagallu PS,Cybercrime,14.885021,77.113182,22-11-2023,high,investigating
Bengaluru Rural,Nelamangala,Nelamangala PS,Murder,12.943318,77.216337,01-03-2023,low,open
Shivamogga,Shivamogga City,Vinobanagar PS,Murder,14.104746,75.591694,13-06-2023,low,open
Hubballi-Dharwad,Navanagar,Rural PS,Cybercrime,15.311454,75.132093,08-04-2023,medium,open
Kalaburagi,Jewargi,Jewargi PS,Kidnapping,17.582455,76.939973,05-01-2024,low,open
Raichur,Manvi,Manvi PS,Theft,15.967669,77.230806,07-09-2023,low,investigating
Ramanagara,Kanakapura,Rural PS,Burglary,12.487578,77.202041,27-11-2023,medium,investigating
Belagavi,Chikodi,Rural PS,Mobile Theft,15.687594,74.484463,29-03-2023,low,closed
Shivamogga,Sagara,Anandapura PS,Chain Snatching,13.712963,75.344991,19-08-2024,low,closed
Chikkamagaluru,Chikkamagaluru City,Chikkamagaluru PS,Domestic Violence,13.377066,75.96376,13-07-2024,high,investigating
Mangaluru,Mangaluru,Pandeshwar PS,Domestic Violence,12.75839,74.645399,15-12-2023,high,closed
Chamarajanagar,Chamarajanagar,Traffic PS,Burglary,11.9232,76.762906,19-02-2024,low,open
Mysuru,Hunsur,Rural PS,Chain Snatching,12.063877,76.651403,10-01-2023,low,investigating
Haveri,Ranebennur,Rural PS,Mobile Theft,14.992277,75.68445,18-11-2024,high,closed
Tumakuru,Tiptur,Town PS,Fraud,13.540734,77.136282,29-10-2024,low,open
Tumakuru,Madhugiri,Town PS,Cybercrime,13.381603,76.837295,10-11-2024,low,closed
Dakshina Kannada,Puttur,Traffic PS,Vehicle Theft,12.700301,75.069278,21-06-2023,low,investigating
Yadgir,Yadgir City,Traffic PS,Robbery,16.59267,77.001251,20-08-2023,low,closed
Shivamogga,Sagara,Rural PS,Drug Offense,13.960246,75.810485,11-08-2024,low,open
Koppal,Koppal City,Town PS,Murder,15.402429,76.276328,28-09-2024,medium,open
Kolar,Malur,Rural PS,Cybercrime,13.090969,78.020034,28-01-2023,medium,closed
Vijayapura,Sindagi,Sindagi PS,Robbery,16.539571,75.422424,30-07-2023,low,open
Gadag,Mundargi,Mundargi PS,Domestic Violence,15.639812,75.570985,18-03-2024,low,investigating
Chikkamagaluru,Chikkamagaluru City,Town PS,Drug Offense,13.143894,75.987503,02-03-2024,low,closed
Hubballi-Dharwad,Hubballi,Keshwapur PS,Chain Snatching,15.167697,75.047615,21-04-2024,low,closed
Kolar,Kolar,Traffic PS,Drug Offense,12.95343,78.224528,16-06-2023,low,investigating
Yadgir,Yadgir City,Traffic PS,Cybercrime,16.793333,77.018318,15-01-2024,medium,open
Belagavi,Gokak,Rural PS,Land Dispute,15.945837,74.745854,06-02-2023,low,open
Uttara Kannada,Karwar,Bazar PS,Vehicle Theft,14.632819,74.811067,06-04-2024,medium,open
Chamarajanagar,Kollegal,Kollegal PS,Burglary,11.635645,76.855831,26-09-2023,low,investigating
Kodagu,Madikeri,Madikeri PS,Robbery,12.401682,75.735407,31-05-2023,medium,open
Haveri,Savanur,Town PS,Chain Snatching,14.711795,75.239364,27-06-2023,high,closed
Mysuru,Mysuru City,Lakshmipuram PS,Vehicle Theft,12.243939,76.418487,24-10-2023,medium,investigating
Kolar,Malur,Town PS,Fraud,13.187732,77.951519,25-12-2023,medium,open
Shivamogga,Shivamogga City,Traffic PS,Domestic Violence,13.984773,75.658086,06-03-2023,medium,investigating
Ballari,Hospet,Rural PS,Chain Snatching,14.848921,77.141693,08-04-2023,high,closed
Hassan,Hassan City,Hassan PS,Fraud,12.956632,75.934545,28-01-2023,low,investigating
Kalaburagi,Jewargi,Jewargi PS,Burglary,17.049762,76.975758,21-11-2024,low,open
Ramanagara,Magadi,Town PS,Fraud,12.908985,77.099571,05-04-2024,medium,investigating
Mysuru,Nanjangud,Rural PS,Robbery,12.142309,76.918055,01-01-2023,medium,open
Bengaluru Urban,Koramangala,Madiwala PS,Mobile Theft,13.068884,77.622676,11-09-2024,medium,open
Yadgir,Gurmitkal,Gurmitkal PS,Burglary,17.061476,77.288217,16-08-2023,low,closed
Chamarajanagar,Kollegal,Town PS,Drug Offense,11.837088,76.883213,15-08-2024,medium,closed
Chikkaballapura,Chikkaballapura,Chikkaballapura PS,Murder,13.203906,77.780901,13-07-2023,low,open
Hubballi-Dharwad,Dharwad,Sub Urban PS,Assault,15.417364,75.00295,09-12-2024,medium,investigating
Hassan,Sakleshpur,Town PS,Vehicle Theft,13.084053,76.022992,28-06-2024,medium,open
Chamarajanagar,Gundlupet,Gundlupet PS,Cybercrime,11.687126,76.99686,09-10-2024,medium,closed
Mandya,Maddur,Town PS,Burglary,12.442609,77.067248,17-03-2023,low,investigating
Raichur,Raichur City,Raichur PS,Drug Offense,16.309849,77.36381,24-08-2023,low,investigating
Ballari,Hospet,Hospet Town PS,Kidnapping,15.255245,76.991402,13-05-2023,low,closed
Davangere,Harihar,Rural PS,Assault,14.208176,75.911873,29-01-2023,low,open
Udupi,Udupi,Manipal PS,Land Dispute,13.152833,74.62072,17-01-2023,medium,open
Kolar,Bangarapet,Town PS,Assault,13.094803,78.068653,05-05-2023,medium,closed
Shivamogga,Shivamogga City,Vinobanagar PS,Chain Snatching,13.846784,75.80086,28-12-2023,high,open
Udupi,Kundapura,Kundapura PS,Murder,13.513268,74.600644,19-10-2023,low,open
Kalaburagi,Kalaburagi City,Brahmapur PS,Drug Offense,17.568096,77.034941,26-03-2024,low,closed
Uttara Kannada,Bhatkal,Town PS,Assault,14.493691,74.939876,10-09-2024,low,investigating
Yadgir,Gurmitkal,Town PS,Drug Offense,16.836263,77.384946,17-06-2024,low,open
Kalaburagi,Jewargi,Rural PS,Burglary,17.192011,76.672938,02-12-2023,low,closed
Vijayapura,Indi,Indi PS,Mobile Theft,16.903471,75.558971,03-01-2023,medium,investigating
Bidar,Bhalki,Town PS,Kidnapping,17.767645,77.612689,25-11-2023,medium,open
Mandya,Mandya,Mandya PS,Drug Offense,12.308479,77.062168,11-06-2023,low,closed
Ramanagara,Ramanagara,Ramanagara PS,Drug Offense,12.633019,77.242856,11-03-2023,medium,closed
Yadgir,Gurmitkal,Gurmitkal PS,Land Dispute,16.957024,77.303021,18-07-2023,low,open
Kodagu,Somwarpet,Kushalnagar PS,Fraud,12.078429,75.971028,31-05-2023,medium,closed
Gadag,Mundargi,Rural PS,Robbery,15.376791,75.915092,11-10-2024,high,closed
Kolar,Malur,Malur PS,Fraud,13.09352,78.254767,21-12-2023,low,investigating
Yadgir,Gurmitkal,Town PS,Mobile Theft,16.573417,76.890596,26-04-2023,medium,investigating
Kolar,Bangarapet,Town PS,Fraud,13.152066,78.196089,14-01-2024,medium,closed
Hassan,Arsikere,Town PS,Robbery,12.977324,76.381106,18-09-2024,high,closed
Chikkamagaluru,Kadur,Town PS,Cybercrime,13.185963,75.942776,06-06-2024,low,closed
Raichur,Raichur City,Traffic PS,Cybercrime,16.09712,77.168537,27-08-2023,high,open
Hubballi-Dharwad,Dharwad,Traffic PS,Domestic Violence,15.632696,74.933867,04-09-2024,medium,open
Hubballi-Dharwad,Dharwad,Dharwad Town PS,Burglary,15.077394,75.360503,08-08-2023,low,investigating
Bengaluru Urban,Yelahanka,Yelahanka New Town PS,Vehicle Theft,12.872206,77.675153,05-06-2023,low,open
Bengaluru Urban,Yelahanka,Yelahanka New Town PS,Drug Offense,13.145012,77.754659,23-12-2023,low,investigating
Chamarajanagar,Kollegal,Rural PS,Murder,11.750446,77.10725,28-01-2024,medium,open
Kodagu,Virajpet,Virajpet PS,Fraud,12.118172,75.590832,13-04-2023,high,closed
Belagavi,Chikodi,Chikodi PS,Vehicle Theft,16.024395,74.54873,27-01-2023,low,open
Kalaburagi,Kalaburagi City,Station Bazaar PS,Chain Snatching,17.138075,77.086881,12-11-2024,low,closed
Haveri,Savanur,Savanur PS,Theft,14.74518,75.53138,19-08-2023,low,open
Chamarajanagar,Kollegal,Rural PS,Chain Snatching,12.202978,77.191262,08-04-2023,medium,open
Ballari,Hospet,Traffic PS,Land Dispute,14.916909,76.734321,01-05-2024,low,investigating
Mandya,Maddur,Town PS,Mobile Theft,12.480902,76.893968,09-10-2024,medium,open
Bengaluru Rural,Doddaballapura,Town PS,Robbery,13.237054,77.169371,04-08-2023,low,investigating
Udupi,Kundapura,Gangolli PS,Domestic Violence,13.297388,74.834098,11-08-2024,low,closed
Udupi,Udupi,Manipal PS,Robbery,13.180262,75.024753,16-02-2023,medium,investigating
Ramanagara,Ramanagara,Ramanagara PS,Vehicle Theft,13.015481,77.299076,19-02-2024,low,investigating
Bengaluru Rural,Devanahalli,Airport PS,Murder,13.277435,77.521128,20-05-2024,medium,open
Davangere,Honnali,Rural PS,Robbery,14.362905,75.831986,22-12-2024,medium,closed
Dakshina Kannada,Bantwal,Town PS,Murder,12.555259,75.278279,18-11-2023,low,open
Yadgir,Gurmitkal,Town PS,Theft,16.718644,77.047363,06-06-2024,high,open
Hassan,Sakleshpur,Sakleshpur PS,Cybercrime,13.031331,75.962158,02-09-2024,low,investigating
Kodagu,Madikeri,Madikeri PS,Drug Offense,12.116876,75.700991,07-08-2024,low,open
Chikkamagaluru,Chikkamagaluru City,Town PS,Cybercrime,13.461427,75.654484,05-02-2024,low,closed
Chikkaballapura,Bagepalli,Bagepalli PS,Land Dispute,13.433064,77.605747,11-08-2023,medium,closed
Mysuru,Hunsur,Bilikere PS,Mobile Theft,12.049819,76.875287,29-07-2024,high,open
Udupi,Kundapura,Gangolli PS,Kidnapping,13.086662,75.003405,10-01-2023,medium,open
Shivamogga,Sagara,Anandapura PS,Fraud,14.116864,75.42513,20-07-2023,low,open
Chitradurga,Chitradurga,Chitradurga PS,Land Dispute,13.970482,76.192073,29-12-2023,medium,open
Hubballi-Dharwad,Dharwad,Traffic PS,Domestic Violence,15.642072,74.835906,25-08-2024,low,investigating
Hassan,Sakleshpur,Sakleshpur PS,Drug Offense,13.274213,76.365434,24-07-2023,low,open
Mangaluru,Ullal,Ullal PS,Land Dispute,12.821505,74.720685,18-10-2024,low,investigating
Hubballi-Dharwad,Navanagar,Rural PS,Fraud,15.473743,75.111653,07-07-2023,low,closed
Mangaluru,Surathkal,Surathkal PS,Theft,13.004761,74.607142,06-10-2023,low,open
Bengaluru Rural,Devanahalli,Vijayapura PS,Burglary,13.218548,77.579797,27-12-2023,medium,investigating
Chikkaballapura,Chikkaballapura,Chikkaballapura PS,Mobile Theft,13.384358,78.028043,01-09-2023,low,closed
Uttara Kannada,Bhatkal,Town PS,Fraud,14.905109,74.894686,23-06-2024,medium,open
Hubballi-Dharwad,Hubballi,Old Hubballi PS,Burglary,15.550011,75.134018,27-03-2023,low,investigating
Kolar,Bangarapet,Bangarapet PS,Robbery,12.84723,78.270582,03-05-2023,low,closed
Kalaburagi,Jewargi,Jewargi PS,Fraud,17.207188,76.943235,03-10-2024,high,closed
Gadag,Ron,Town PS,Kidnapping,15.681217,75.549116,24-11-2024,low,investigating
Raichur,Raichur City,Raichur PS,Mobile Theft,16.373116,77.531111,14-03-2023,low,open
Uttara Kannada,Sirsi,Sirsi PS,Domestic Violence,14.817793,74.602467,23-03-2023,low,open
Hassan,Hassan City,Extension PS,Burglary,12.924411,76.125612,03-05-2024,low,investigating
Dakshina Kannada,Bantwal,Rural PS,Domestic Violence,13.113829,75.057856,05-08-2024,medium,investigating
Ballari,Hospet,Traffic PS,Land Dispute,15.315642,76.707476,27-03-2024,medium,open
Gadag,Mundargi,Town PS,Drug Offense,15.645513,75.748344,20-05-2024,low,closed
Chikkamagaluru,Tarikere,Tarikere PS,Fraud,13.336814,75.763208,06-01-2023,medium,open
Hassan,Hassan City,Hassan PS,Robbery,12.910654,75.888189,03-08-2023,low,closed
Dakshina Kannada,Sullia,Rural PS,Theft,12.611093,75.503532,27-05-2024,low,closed
Udupi,Kundapura,Kundapura PS,Chain Snatching,13.572101,74.968856,05-09-2024,low,closed
Udupi,Kundapura,Kundapura PS,Chain Snatching,13.502815,74.699755,09-02-2024,low,closed
Udupi,Kundapura,Gangolli PS,Vehicle Theft,13.049759,75.005932,03-05-2024,low,investigating
Shivamogga,Sagara,Rural PS,Kidnapping,13.903635,75.746029,30-10-2024,medium,investigating
Chikkamagaluru,Kadur,Rural PS,Assault,13.169638,75.608962,10-03-2023,medium,closed
Udupi,Karkala,Ajekar PS,Land Dispute,13.585009,74.614614,10-11-2023,medium,closed
Hassan,Arsikere,Town PS,Murder,13.244289,76.153655,22-06-2024,low,open
Hassan,Hassan City,Extension PS,Mobile Theft,13.244081,76.028482,11-11-2023,low,closed
Ramanagara,Ramanagara,Town PS,Kidnapping,12.856749,77.282898,23-12-2024,low,open
Mangaluru,Mangaluru,Pandeshwar PS,Chain Snatching,12.707406,75.038615,07-01-2024,low,open
Dakshina Kannada,Bantwal,Bantwal PS,Domestic Violence,12.577943,74.976536,25-10-2024,medium,open
Chikkamagaluru,Chikkamagaluru City,Traffic PS,Mobile Theft,13.264306,76.035137,28-07-2023,low,open
Ballari,Hospet,Rural PS,Drug Offense,15.364286,77.004826,27-11-2023,low,closed
Dakshina Kannada,Bantwal,Bantwal PS,Domestic Violence,12.932485,75.461984,19-09-2024,low,open
Mandya,Maddur,Rural PS,Vehicle Theft,12.561687,77.130379,06-09-2023,low,investigating
Tumakuru,Tumakuru City,Traffic PS,Vehicle Theft,13.188953,77.291962,15-12-2024,low,investigating
Kolar,Malur,Rural PS,Cybercrime,13.28491,78.373813,03-01-2023,low,open
Bengaluru Rural,Doddaballapura,Rural PS,Assault,13.102524,77.468043,24-08-2024,medium,investigating
Uttara Kannada,Sirsi,Rural PS,Fraud,14.930948,74.724861,14-12-2023,medium,open
Gadag,Ron,Ron PS,Domestic Violence,15.562647,75.541468,25-01-2024,medium,investigating
Chamarajanagar,Gundlupet,Gundlupet PS,Mobile Theft,12.136176,76.681354,15-07-2024,low,open
Tumakuru,Tiptur,Tiptur PS,Vehicle Theft,13.206013,77.062011,20-09-2024,low,investigating
Kodagu,Virajpet,Virajpet PS,Mobile Theft,12.160517,75.827094,09-01-2023,low,closed
Ballari,Sandur,Toranagallu PS,Cybercrime,14.846467,77.165279,27-08-2024,high,open
Raichur,Sindhanur,Rural PS,Cybercrime,16.399873,77.598364,22-04-2023,low,open
Chamarajanagar,Gundlupet,Rural PS,Domestic Violence,12.046361,76.857684,08-04-2023,low,open
Hubballi-Dharwad,Hubballi,Keshwapur PS,Mobile Theft,15.515445,75.254147,28-12-2023,medium,open
Mandya,Mandya,Town PS,Theft,12.54546,77.083542,10-06-2024,low,investigating
Udupi,Karkala,Hebri PS,Chain Snatching,13.290963,74.764721,14-09-2023,medium,investigating
Raichur,Raichur City,West PS,Burglary,16.287582,77.618179,15-10-2023,medium,closed
Ramanagara,Ramanagara,Ramanagara PS,Domestic Violence,12.959128,77.242519,26-12-2024,high,open
Tumakuru,Tiptur,Rural PS,Mobile Theft,13.299588,76.944491,14-05-2023,low,closed
Dakshina Kannada,Sullia,Sullia PS,Theft,13.097326,74.964537,27-06-2023,medium,open
Kodagu,Somwarpet,Kushalnagar PS,Mobile Theft,12.196124,76.093319,25-02-2023,low,investigating
Raichur,Sindhanur,Sindhanur PS,Drug Offense,16.197099,77.264992,15-01-2023,low,investigating
Chikkaballapura,Bagepalli,Bagepalli PS,Mobile Theft,13.726307,77.614489,21-01-2023,high,investigating
Hubballi-Dharwad,Navanagar,Rural PS,Fraud,15.55782,74.844664,31-07-2024,medium,investigating
Udupi,Kundapura,Byndoor PS,Kidnapping,13.530392,74.65864,01-03-2024,low,closed
Bengaluru Rural,Devanahalli,Airport PS,Robbery,13.115186,77.220648,13-03-2024,low,open
Bengaluru Rural,Doddaballapura,Doddaballapura PS,Vehicle Theft,13.287704,77.232972,06-03-2024,medium,closed
Tumakuru,Tumakuru City,New Extension PS,Robbery,13.635127,76.885564,12-06-2023,low,investigating
Ramanagara,Magadi,Magadi PS,Fraud,12.525248,77.502903,26-08-2023,low,investigating
Shivamogga,Bhadravati,Paper Town PS,Land Dispute,13.983278,75.802338,05-06-2024,medium,closed
Yadgir,Shahapur,Rural PS,Fraud,16.509989,76.923852,02-07-2023,low,closed
Chikkaballapura,Chikkaballapura,Town PS,Murder,13.618424,77.605785,09-05-2023,high,closed
Mandya,Srirangapatna,Town PS,Robbery,12.813318,76.867198,01-06-2023,high,closed
Shivamogga,Sagara,Sagara PS,Assault,14.155429,75.72159,28-03-2024,low,investigating
Raichur,Manvi,Rural PS,Cybercrime,15.961866,77.306204,30-06-2023,low,investigating
Ramanagara,Kanakapura,Kanakapura PS,Murder,12.706182,77.48313,28-11-2023,low,investigating
Chikkamagaluru,Kadur,Rural PS,Drug Offense,13.252368,75.542895,29-03-2023,low,closed
Mandya,Maddur,Town PS,Murder,12.573751,76.876496,01-05-2023,low,open
Chitradurga,Chitradurga,Chitradurga PS,Mobile Theft,14.277464,76.661662,21-10-2023,medium,closed
Kolar,Kolar,Kolar PS,Theft,13.390219,78.353541,11-07-2023,low,investigating
Bengaluru Urban,Koramangala,HSR Layout PS,Murder,13.149452,77.631552,30-05-2023,medium,investigating
Koppal,Gangavathi,Gangavathi PS,Chain Snatching,15.258677,75.926271,05-02-2023,low,investigating
Dakshina Kannada,Sullia,Town PS,Chain Snatching,12.588941,75.338236,29-06-2023,low,open
Haveri,Savanur,Town PS,Assault,14.602481,75.137101,30-12-2023,low,investigating
Yadgir,Shahapur,Shahapur PS,Chain Snatching,16.760082,76.94075,17-02-2023,medium,open
Shivamogga,Shivamogga City,Traffic PS,Cybercrime,13.773576,75.60265,16-08-2023,low,investigating
Raichur,Raichur City,Traffic PS,Fraud,16.010309,77.417886,03-11-2023,medium,investigating
Gadag,Gadag,Gadag Town PS,Theft,15.128098,75.669626,14-02-2024,medium,open
Chikkaballapura,Bagepalli,Rural PS,Drug Offense,13.346353,77.923696,10-07-2023,low,open
Chikkaballapura,Chikkaballapura,Traffic PS,Burglary,13.528959,77.698014,13-04-2023,high,open
Shivamogga,Shivamogga City,Doddapete PS,Mobile Theft,13.945995,75.830774,08-06-2023,low,closed
Haveri,Ranebennur,Ranebennur PS,Mobile Theft,14.515915,75.679018,24-05-2023,medium,closed
Bidar,Bidar City,New Town PS,Vehicle Theft,17.930667,77.665136,15-06-2023,low,investigating
Yadgir,Yadgir City,Traffic PS,Cybercrime,16.872759,76.956649,07-11-2023,low,closed
Bengaluru Urban,Koramangala,HSR Layout PS,Robbery,13.168851,77.767187,21-01-2023,medium,open
Koppal,Koppal City,Town PS,Kidnapping,15.378624,76.02184,29-09-2023,medium,open
Chikkaballapura,Bagepalli,Rural PS,Vehicle Theft,13.390676,77.616957,03-06-2024,low,open
Chitradurga,Hiriyur,Rural PS,Fraud,14.220676,76.39556,17-05-2023,low,closed
Dakshina Kannada,Bantwal,Town PS,Mobile Theft,12.619094,75.283527,16-07-2024,medium,closed
Chikkamagaluru,Tarikere,Lakkavalli PS,Drug Offense,13.076176,75.947554,21-08-2024,low,closed
Hubballi-Dharwad,Navanagar,Town PS,Theft,15.46593,75.111646,11-12-2023,medium,open
Udupi,Kundapura,Gangolli PS,Kidnapping,13.480533,74.831782,07-12-2023,low,open
Bengaluru Rural,Nelamangala,Nelamangala PS,Drug Offense,13.474248,77.286708,09-06-2023,low,open
Davangere,Davangere City,KTJ Nagar PS,Land Dispute,14.443147,76.106904,26-09-2024,medium,closed
Vijayapura,Vijayapura City,Adarsh Nagar PS,Vehicle Theft,16.62143,75.488806,20-01-2023,medium,investigating
Kalaburagi,Kalaburagi City,University PS,Robbery,17.223833,77.133223,19-03-2023,low,open
Mangaluru,Surathkal,Surathkal PS,Fraud,12.94729,74.706533,02-05-2023,high,investigating
Tumakuru,Tumakuru City,New Extension PS,Cybercrime,13.083071,77.366735,07-08-2024,low,open
Chikkamagaluru,Chikkamagaluru City,Traffic PS,Theft,13.270811,75.957375,05-03-2023,medium,investigating
Udupi,Karkala,Hebri PS,Domestic Violence,13.488274,74.959158,22-01-2024,high,investigating
Udupi,Kundapura,Gangolli PS,Vehicle Theft,13.40361,74.762223,18-10-2024,low,open
Gadag,Gadag,Traffic PS,Murder,15.415135,75.718392,06-11-2024,medium,investigating
Hubballi-Dharwad,Dharwad,Sub Urban PS,Chain Snatching,15.419935,75.033074,10-10-2023,medium,open
Udupi,Karkala,Hebri PS,Assault,13.191448,74.456408,01-11-2023,low,closed
Chikkamagaluru,Tarikere,Lakkavalli PS,Domestic Violence,13.096168,75.976194,13-02-2024,low,investigating
Bengaluru Rural,Doddaballapura,Rural PS,Theft,13.46902,77.27831,16-08-2024,medium,open
Shivamogga,Sagara,Anandapura PS,Vehicle Theft,13.630822,75.680013,21-07-2024,medium,investigating
Gadag,Gadag,Gadag Town PS,Land Dispute,15.292963,75.520957,12-07-2023,high,investigating
Bidar,Basavakalyan,Town PS,Chain Snatching,18.042155,77.22698,29-08-2023,low,closed
Mandya,Maddur,Town PS,Mobile Theft,12.71248,77.101993,10-05-2024,low,open
Uttara Kannada,Sirsi,Sirsi PS,Murder,15.011811,74.424666,03-11-2023,low,open
Hubballi-Dharwad,Dharwad,Dharwad Town PS,Domestic Violence,15.329004,74.971066,13-01-2024,low,closed
Ballari,Ballari City,Brucepet PS,Robbery,15.082791,76.86677,31-12-2024,medium,open
Bengaluru Rural,Doddaballapura,Doddaballapura PS,Drug Offense,12.969532,77.481588,23-12-2023,high,investigating
Kalaburagi,Sedam,Rural PS,Kidnapping,17.107218,77.134002,07-02-2023,high,investigating
Dakshina Kannada,Puttur,Town PS,Chain Snatching,13.101812,75.50787,28-06-2024,low,investigating
Chitradurga,Hiriyur,Hiriyur PS,Murder,14.073442,76.232164,30-04-2023,high,open
Kodagu,Somwarpet,Kushalnagar PS,Assault,12.067287,75.727178,15-03-2023,medium,open
Kalaburagi,Kalaburagi City,Station Bazaar PS,Assault,17.555102,76.80293,23-06-2023,medium,investigating
Bengaluru Urban,Koramangala,Madiwala PS,Assault,13.028684,77.450842,13-03-2024,high,investigating
Koppal,Koppal City,Town PS,Mobile Theft,15.528604,76.17082,18-12-2024,high,investigating
Raichur,Sindhanur,Sindhanur PS,Robbery,15.915112,77.126275,21-01-2023,medium,closed
Ballari,Ballari City,Cowl Bazaar PS,Assault,15.021832,76.918712,03-11-2024,low,closed
Mysuru,Nanjangud,Rural PS,Theft,12.121033,76.372868,20-02-2023,medium,investigating
Belagavi,Chikodi,Chikodi PS,Burglary,16.048909,74.797313,15-03-2024,low,investigating
Hubballi-Dharwad,Navanagar,Town PS,Theft,15.594761,75.189139,26-05-2024,low,open
Ballari,Hospet,Traffic PS,Chain Snatching,14.935356,76.718468,10-07-2024,medium,closed
Koppal,Gangavathi,Gangavathi PS,Murder,15.22495,76.178825,18-01-2024,low,closed
Mysuru,Hunsur,Bilikere PS,Drug Offense,12.061082,76.579671,10-04-2023,high,open
Koppal,Kushtagi,Rural PS,Fraud,15.231627,76.221431,28-03-2024,low,open
Chitradurga,Chitradurga,Town PS,Cybercrime,14.425289,76.597893,10-10-2023,medium,investigating
Vijayapura,Sindagi,Town PS,Drug Offense,16.620836,75.967263,03-03-2024,medium,closed
Ramanagara,Kanakapura,Town PS,Cybercrime,12.937852,77.568594,20-05-2024,high,open
Chamarajanagar,Gundlupet,Town PS,Assault,11.731522,77.002419,11-11-2024,low,open
Yadgir,Yadgir City,Traffic PS,Vehicle Theft,16.998103,77.082135,24-12-2023,low,investigating
Uttara Kannada,Bhatkal,Town PS,Mobile Theft,14.525795,74.432588,02-01-2024,low,investigating
Raichur,Raichur City,West PS,Land Dispute,16.324334,77.064235,20-11-2024,medium,investigating
Vijayapura,Vijayapura City,Gandhi Chowk PS,Domestic Violence,16.648054,75.665664,17-04-2024,low,open
Haveri,Haveri,Town PS,Robbery,14.512267,75.438194,12-01-2023,low,open
Chamarajanagar,Chamarajanagar,Chamarajanagar PS,Fraud,12.039122,76.902871,22-10-2023,low,investigating
Hubballi-Dharwad,Navanagar,Town PS,Robbery,15.390374,74.901833,05-11-2023,low,open
Chikkaballapura,Bagepalli,Town PS,Burglary,13.62647,77.814462,17-07-2024,medium,closed
Raichur,Raichur City,Raichur PS,Kidnapping,16.058885,77.629385,25-12-2023,medium,closed
Chikkaballapura,Sidlaghatta,Rural PS,Fraud,13.540927,77.859701,17-10-2023,medium,investigating
Chamarajanagar,Chamarajanagar,Chamarajanagar PS,Chain Snatching,11.740438,76.965914,14-10-2023,high,investigating
Uttara Kannada,Bhatkal,Rural PS,Chain Snatching,15.024213,74.563562,12-10-2023,medium,open
Tumakuru,Tiptur,Rural PS,Domestic Violence,13.586281,76.955952,02-01-2023,low,investigating
Raichur,Raichur City,West PS,Kidnapping,16.220085,77.577468,07-11-2024,medium,open
Mangaluru,Mangaluru,Pandeshwar PS,Chain Snatching,12.678346,74.620262,15-12-2023,high,closed
Davangere,Honnali,Honnali PS,Assault,14.486245,76.032997,29-11-2024,medium,open
Raichur,Sindhanur,Rural PS,Cybercrime,16.423929,77.340315,07-10-2023,medium,closed
Davangere,Harihar,Harihar PS,Burglary,14.732699,75.838063,07-10-2023,medium,open
Chamarajanagar,Kollegal,Kollegal PS,Burglary,11.755212,76.826423,02-11-2023,low,closed
Koppal,Koppal City,Koppal PS,Drug Offense,15.182767,75.942146,23-04-2024,medium,open
Kolar,Bangarapet,Bangarapet PS,Murder,13.291123,78.226827,12-10-2024,high,investigating
Hubballi-Dharwad,Navanagar,Navanagar PS,Chain Snatching,15.627426,75.422515,01-05-2023,low,closed
Bidar,Bhalki,Rural PS,Theft,17.830616,77.472919,20-01-2023,high,closed
Vijayapura,Indi,Indi PS,Robbery,17.021405,75.917286,17-10-2024,medium,closed
Tumakuru,Tumakuru City,New Extension PS,Land Dispute,13.627854,77.094371,19-04-2024,low,investigating
Raichur,Manvi,Rural PS,Fraud,16.477546,77.495201,22-11-2024,high,closed
Mandya,Maddur,Rural PS,Fraud,12.556704,76.840198,09-02-2023,medium,investigating
Ramanagara,Magadi,Magadi PS,Drug Offense,12.697937,77.005909,02-02-2024,low,investigating
Koppal,Kushtagi,Rural PS,Vehicle Theft,15.248079,75.913734,24-10-2024,high,investigating
Mandya,Maddur,Town PS,Fraud,12.394435,76.658521,05-06-2024,low,investigating
Mangaluru,Surathkal,Panambur PS,Domestic Violence,12.637894,74.708721,16-08-2024,high,open
Uttara Kannada,Sirsi,Rural PS,Cybercrime,14.677312,74.897019,07-07-2023,high,investigating
Haveri,Ranebennur,Ranebennur PS,Theft,14.957172,75.401727,18-06-2023,medium,investigating
Hassan,Arsikere,Rural PS,Cybercrime,12.757455,75.936594,29-07-2024,low,open
Ramanagara,Kanakapura,Rural PS,Murder,12.763062,77.064992,05-12-2024,medium,closed
Koppal,Gangavathi,Town PS,Burglary,15.571227,76.219646,09-09-2023,low,investigating
Ballari,Hospet,Rural PS,Mobile Theft,15.431383,77.086201,26-05-2024,medium,investigating
Bengaluru Urban,Koramangala,Koramangala PS,Murder,12.711275,77.792391,03-04-2024,low,investigating
Dakshina Kannada,Bantwal,Bantwal PS,Drug Offense,12.576391,75.484347,17-07-2023,low,investigating
Bengaluru Rural,Doddaballapura,Doddaballapura PS,Land Dispute,12.982014,77.143819,16-11-2023,low,investigating
Chikkamagaluru,Tarikere,Lakkavalli PS,Fraud,13.517289,75.661673,11-08-2024,low,investigating
Ramanagara,Kanakapura,Kanakapura PS,Vehicle Theft,12.741153,77.334464,10-12-2023,low,open
Chikkamagaluru,Kadur,Rural PS,Theft,13.297479,75.721525,04-06-2023,medium,open
Ballari,Sandur,Rural PS,Land Dispute,15.22318,76.834655,09-08-2023,medium,closed
Chikkamagaluru,Chikkamagaluru City,Chikkamagaluru PS,Kidnapping,13.32153,75.86129,28-03-2023,low,open
Chikkaballapura,Bagepalli,Bagepalli PS,Vehicle Theft,13.584007,77.62795,01-04-2023,low,closed
Bidar,Basavakalyan,Rural PS,Domestic Violence,17.647797,77.522833,31-12-2024,low,open
Kolar,Kolar,Traffic PS,Murder,13.153634,78.367444,11-04-2024,low,closed
Belagavi,Chikodi,Rural PS,Fraud,16.105149,74.712422,05-09-2023,low,investigating
Hassan,Hassan City,Hassan PS,Kidnapping,13.013018,76.142453,08-08-2023,low,investigating
Gadag,Gadag,Gadag Town PS,Robbery,15.626264,75.816275,31-08-2023,medium,closed
Hassan,Hassan City,Extension PS,Cybercrime,12.905987,76.05165,11-03-2024,medium,closed
Tumakuru,Tumakuru City,Traffic PS,Theft,13.591837,77.376031,21-04-2023,medium,closed
Chikkaballapura,Chikkaballapura,Chikkaballapura PS,Cybercrime,13.632711,77.611685,17-11-2024,low,closed
Chamarajanagar,Chamarajanagar,Chamarajanagar PS,Cybercrime,11.805362,76.923663,01-01-2023,low,investigating
Belagavi,Chikodi,Chikodi PS,Murder,15.683517,74.329102,10-11-2023,low,investigating
Gadag,Gadag,Betageri PS,Assault,15.260964,75.490993,01-03-2023,low,investigating
Chikkaballapura,Sidlaghatta,Sidlaghatta PS,Burglary,13.272487,77.599576,12-11-2023,low,open
Chikkaballapura,Bagepalli,Bagepalli PS,Assault,13.173754,77.974969,26-04-2024,low,closed
Bengaluru Rural,Nelamangala,Nelamangala PS,Vehicle Theft,13.396435,77.593227,22-09-2024,low,open
Vijayapura,Sindagi,Rural PS,Mobile Theft,17.102858,76.009128,29-11-2024,medium,closed
Ballari,Hospet,Rural PS,Theft,15.043453,76.905403,08-08-2024,medium,investigating
Raichur,Sindhanur,Sindhanur PS,Land Dispute,15.978214,77.284291,04-04-2023,low,closed
Mandya,Mandya,Traffic PS,Robbery,12.319098,77.11349,23-05-2024,low,open
Chitradurga,Chitradurga,Chitradurga PS,Vehicle Theft,14.159675,76.634372,17-09-2024,low,investigating
Uttara Kannada,Karwar,Traffic PS,Cybercrime,14.82998,74.584807,19-05-2023,medium,investigating
Mandya,Srirangapatna,Rural PS,Fraud,12.679256,77.137908,19-10-2023,high,investigating
Haveri,Ranebennur,Ranebennur PS,Theft,15.048951,75.234071,31-12-2023,medium,closed
Yadgir,Yadgir City,Traffic PS,Assault,16.945492,77.225462,25-08-2024,high,investigating
Bidar,Bhalki,Bhalki PS,Fraud,18.067247,77.792118,31-07-2024,low,open
Kolar,Bangarapet,Town PS,Burglary,13.358091,78.300453,08-12-2024,low,closed
Bengaluru Rural,Doddaballapura,Doddaballapura PS,Assault,13.010465,77.682575,17-05-2024,high,investigating
Udupi,Udupi,Manipal PS,Land Dispute,13.387957,74.987445,02-01-2024,medium,open
Shivamogga,Bhadravati,Bhadravati PS,Mobile Theft,13.978736,75.652468,19-10-2023,medium,investigating
Dakshina Kannada,Puttur,Town PS,Cybercrime,12.992053,75.260348,22-07-2023,low,closed
Bengaluru Urban,Whitefield,Kadugodi PS,Mobile Theft,13.144245,77.892521,02-08-2023,low,investigating
Vijayapura,Sindagi,Sindagi PS,Theft,16.8485,75.602108,17-09-2024,low,investigating
Gadag,Gadag,Betageri PS,Theft,15.122304,75.559788,28-08-2023,medium,investigating
Belagavi,Chikodi,Rural PS,Fraud,15.852755,74.760266,12-10-2024,low,investigating
Chitradurga,Chitradurga,Chitradurga PS,Fraud,14.473291,76.219308,15-11-2024,medium,open
Koppal,Gangavathi,Gangavathi PS,Vehicle Theft,15.640157,76.137753,08-02-2024,medium,investigating
Mysuru,Mysuru City,Nazarbad PS,Mobile Theft,12.593928,76.561408,23-06-2024,high,closed
Ballari,Hospet,Traffic PS,Theft,15.403955,77.038213,21-01-2023,low,open
Bengaluru Rural,Devanahalli,Vijayapura PS,Kidnapping,13.069119,77.308157,12-06-2023,high,closed
Ramanagara,Magadi,Magadi PS,Kidnapping,12.934556,77.194132,30-06-2023,medium,open
Tumakuru,Madhugiri,Rural PS,Mobile Theft,13.140238,77.151784,05-01-2023,high,open
Hubballi-Dharwad,Hubballi,Vidyanagar PS,Burglary,15.100921,74.858939,19-05-2024,medium,closed
Chikkamagaluru,Tarikere,Tarikere PS,Burglary,13.121754,75.819318,04-02-2024,low,closed
Davangere,Davangere City,Traffic PS,Murder,14.724018,76.217787,20-08-2023,low,investigating
Bengaluru Urban,Koramangala,Koramangala PS,Kidnapping,12.982156,77.741691,27-02-2023,medium,closed
Davangere,Honnali,Rural PS,Cybercrime,14.715057,75.682117,11-10-2023,medium,investigating
Shivamogga,Sagara,Rural PS,Land Dispute,13.751077,75.608016,28-09-2024,medium,investigating
Vijayapura,Vijayapura City,Traffic PS,Kidnapping,17.109033,75.49448,27-02-2023,medium,closed
Yadgir,Gurmitkal,Rural PS,Robbery,16.92544,77.045797,27-01-2023,low,open
Tumakuru,Madhugiri,Madhugiri PS,Kidnapping,13.589483,77.003869,15-06-2024,medium,closed
Raichur,Raichur City,Traffic PS,Chain Snatching,16.075378,77.522207,06-10-2023,low,investigating
Hassan,Arsikere,Arsikere PS,Cybercrime,13.130543,76.008361,26-11-2023,low,investigating
Raichur,Raichur City,Traffic PS,Land Dispute,16.324182,77.124868,09-11-2023,low,open
Gadag,Mundargi,Town PS,Burglary,15.3515,75.54833,19-05-2023,high,closed
Mandya,Srirangapatna,Town PS,Murder,12.817663,76.599675,25-01-2024,medium,investigating
Hassan,Hassan City,Traffic PS,Assault,13.145459,76.235192,20-11-2023,medium,closed
Hubballi-Dharwad,Dharwad,Traffic PS,Vehicle Theft,15.453784,75.324713,30-12-2023,medium,closed
Chikkaballapura,Sidlaghatta,Rural PS,Assault,13.145461,77.971493,25-03-2024,medium,closed
Chitradurga,Chitradurga,Traffic PS,Land Dispute,14.413196,76.57559,07-06-2024,low,open
Bengaluru Rural,Doddaballapura,Rural PS,Vehicle Theft,13.434487,77.326251,16-10-2024,low,closed
Chikkamagaluru,Chikkamagaluru City,Town PS,Murder,13.049554,75.733161,18-01-2023,medium,closed
Chamarajanagar,Chamarajanagar,Traffic PS,Cybercrime,12.11436,77.174135,06-04-2024,medium,open
Chamarajanagar,Kollegal,Town PS,Theft,12.026114,76.756187,10-12-2024,medium,investigating
Udupi,Kundapura,Gangolli PS,Robbery,13.515236,74.531427,30-03-2024,medium,open
Raichur,Sindhanur,Sindhanur PS,Robbery,16.306769,77.572417,05-06-2024,medium,open
Bidar,Bhalki,Town PS,Assault,18.039914,77.437187,10-05-2023,medium,closed
Dakshina Kannada,Bantwal,Bantwal PS,Robbery,13.050079,75.130586,03-01-2024,medium,open
Kalaburagi,Kalaburagi City,Station Bazaar PS,Vehicle Theft,17.243035,76.957801,10-02-2023,low,open
Bengaluru Rural,Doddaballapura,Doddaballapura PS,Vehicle Theft,13.058368,77.39498,13-12-2024,low,open
Bidar,Bidar City,Bidar PS,Cybercrime,18.030134,77.412358,13-10-2024,high,open
Gadag,Gadag,Gadag Town PS,Vehicle Theft,15.46756,75.556959,19-04-2023,low,investigating
Mangaluru,Surathkal,Surathkal PS,Drug Offense,12.654139,74.606655,26-09-2024,low,investigating
Dakshina Kannada,Bantwal,Bantwal PS,Kidnapping,12.748614,74.970611,13-06-2024,low,open
Bengaluru Rural,Nelamangala,Nelamangala PS,Drug Offense,13.1333,77.572525,20-09-2023,low,open
Kalaburagi,Kalaburagi City,Brahmapur PS,Land Dispute,17.178097,76.947449,16-08-2024,low,open
Davangere,Davangere City,KTJ Nagar PS,Robbery,14.240886,75.732538,10-02-2024,medium,closed
Chamarajanagar,Gundlupet,Gundlupet PS,Land Dispute,11.92097,76.904365,23-01-2023,medium,closed
Kalaburagi,Jewargi,Yadrami PS,Drug Offense,17.571965,76.999753,09-06-2024,low,investigating
Mangaluru,Mangaluru,Mangaluru North PS,Murder,12.897843,74.835597,04-10-2024,low,closed
Hassan,Hassan City,Hassan PS,Kidnapping,13.019797,76.219691,11-01-2024,medium,open
Mandya,Srirangapatna,Rural PS,Theft,12.377442,76.605983,22-02-2023,low,closed
Davangere,Harihar,Rural PS,Domestic Violence,14.298151,76.102452,08-04-2024,low,closed
Chikkaballapura,Bagepalli,Rural PS,Drug Offense,13.44088,77.906779,17-11-2023,low,investigating
Yadgir,Gurmitkal,Gurmitkal PS,Vehicle Theft,16.682233,77.231001,09-01-2024,medium,open
Haveri,Haveri,Town PS,Domestic Violence,14.945844,75.331511,11-07-2024,low,closed
Hassan,Hassan City,Extension PS,Assault,12.805716,75.891865,04-10-2024,medium,closed
Davangere,Harihar,Town PS,Mobile Theft,14.497019,76.104956,12-04-2023,high,investigating
Raichur,Raichur City,Raichur PS,Drug Offense,16.281255,77.330533,15-10-2023,high,open
Belagavi,Chikodi,Rural PS,Chain Snatching,15.897318,74.782563,04-09-2024,low,open
Koppal,Gangavathi,Town PS,Vehicle Theft,15.290704,75.962583,17-05-2024,low,open
Chitradurga,Chitradurga,Traffic PS,Theft,14.038825,76.249453,16-02-2023,medium,investigating
Mangaluru,Mangaluru,Mangaluru North PS,Burglary,13.053112,74.684026,06-07-2024,medium,investigating
Chikkamagaluru,Chikkamagaluru City,Town PS,Chain Snatching,13.332944,75.629301,08-04-2023,high,open
Shivamogga,Sagara,Rural PS,Assault,13.964191,75.534076,11-08-2023,medium,open
Shivamogga,Shivamogga City,Doddapete PS,Fraud,14.040438,75.31358,04-02-2023,low,open
Bengaluru Rural,Devanahalli,Devanahalli PS,Land Dispute,13.065654,77.39088,25-08-2024,medium,investigating
Vijayapura,Indi,Rural PS,Cybercrime,16.838986,75.841539,21-05-2024,medium,closed
Kalaburagi,Jewargi,Rural PS,Kidnapping,17.075499,76.89162,08-09-2024,medium,closed
Bengaluru Urban,Whitefield,Whitefield PS,Cybercrime,12.896975,77.308384,03-08-2023,high,investigating
Chitradurga,Hiriyur,Town PS,Kidnapping,14.177648,76.193393,04-05-2023,medium,open
Mandya,Mandya,Mandya PS,Kidnapping,12.238547,76.641051,17-09-2023,medium,closed
Belagavi,Gokak,Traffic PS,Vehicle Theft,15.810684,74.282405,09-10-2023,low,closed
Bengaluru Rural,Devanahalli,Airport PS,Murder,13.068487,77.332621,09-01-2023,low,closed
Dakshina Kannada,Bantwal,Town PS,Land Dispute,12.547478,75.447471,26-11-2024,low,closed
Haveri,Haveri,Town PS,Cybercrime,14.903268,75.667758,14-06-2024,medium,open
Koppal,Gangavathi,Rural PS,Robbery,15.229008,75.873232,14-08-2024,low,closed
Hassan,Arsikere,Town PS,Assault,13.215817,76.012661,06-06-2023,low,investigating
Chikkaballapura,Bagepalli,Rural PS,Theft,13.147274,77.950787,23-06-2023,medium,closed
Uttara Kannada,Sirsi,Town PS,Fraud,14.731675,74.645845,21-09-2024,medium,open
Hassan,Hassan City,Extension PS,Burglary,12.838542,75.889228,23-01-2023,low,investigating
Chamarajanagar,Kollegal,Kollegal PS,Mobile Theft,11.686609,76.985952,17-05-2024,low,closed
Gadag,Gadag,Betageri PS,Chain Snatching,15.575861,75.384506,06-10-2023,low,closed
Yadgir,Shahapur,Rural PS,Robbery,16.482328,76.983188,10-09-2024,low,closed
Chikkamagaluru,Kadur,Town PS,Chain Snatching,13.027173,75.962887,27-03-2023,low,investigating
Kalaburagi,Jewargi,Yadrami PS,Domestic Violence,17.119786,76.990705,02-01-2024,low,open
Mandya,Srirangapatna,Town PS,Kidnapping,12.774184,77.166675,04-10-2023,low,investigating
Haveri,Savanur,Town PS,Domestic Violence,14.714979,75.585482,05-11-2023,low,closed
Belagavi,Belagavi City,Belagavi PS,Mobile Theft,15.684869,74.562291,11-02-2024,low,open
Gadag,Ron,Ron PS,Cybercrime,15.710993,75.783792,02-01-2023,low,closed
Kodagu,Virajpet,Virajpet PS,Mobile Theft,12.592098,75.876356,12-11-2024,low,closed
Raichur,Sindhanur,Town PS,Domestic Violence,16.093207,77.459286,06-03-2024,low,open
Vijayapura,Indi,Indi PS,Chain Snatching,16.663856,75.779715,12-03-2024,low,closed
Bengaluru Rural,Doddaballapura,Town PS,Vehicle Theft,13.112074,77.364351,20-08-2024,medium,closed
Udupi,Kundapura,Kundapura PS,Cybercrime,13.174419,74.715554,30-04-2023,medium,closed
Hassan,Sakleshpur,Town PS,Chain Snatching,12.755649,76.041034,06-09-2023,low,closed
Hassan,Sakleshpur,Rural PS,Theft,12.9558,76.150989,01-08-2023,medium,open
Hubballi-Dharwad,Dharwad,Sub Urban PS,Assault,15.115888,74.857145,12-05-2023,high,open
Kolar,Malur,Town PS,Murder,13.280278,78.226794,03-11-2024,low,investigating
Ramanagara,Magadi,Rural PS,Murder,12.416519,77.126869,30-11-2024,low,closed
Tumakuru,Madhugiri,Rural PS,Robbery,13.561045,77.291058,27-12-2023,medium,investigating
Bengaluru Rural,Doddaballapura,Doddaballapura PS,Cybercrime,13.166925,77.677085,16-03-2024,high,open
Hassan,Sakleshpur,Sakleshpur PS,Assault,13.18338,76.03245,03-06-2024,low,open
Tumakuru,Madhugiri,Town PS,Assault,13.039541,76.871191,12-05-2023,medium,investigating
Yadgir,Yadgir City,Traffic PS,Theft,16.821202,76.936825,19-12-2023,low,closed
Shivamogga,Bhadravati,Bhadravati PS,Land Dispute,13.783292,75.594382,15-03-2024,low,open
Dakshina Kannada,Puttur,Traffic PS,Drug Offense,12.60033,75.225596,28-11-2023,low,closed
Kolar,Bangarapet,Rural PS,Mobile Theft,13.077984,77.959588,31-01-2023,medium,closed
Bengaluru Rural,Devanahalli,Airport PS,Assault,13.071331,77.263347,15-08-2023,high,open
Haveri,Haveri,Town PS,Theft,14.636743,75.37774,11-03-2024,medium,investigating
Bengaluru Urban,Yelahanka,Yelahanka New Town PS,Kidnapping,12.870155,77.525337,03-04-2023,medium,investigating
Chamarajanagar,Kollegal,Town PS,Land Dispute,11.847628,76.814618,10-11-2023,medium,open
Kolar,Kolar,Traffic PS,Cybercrime,13.206538,78.14968,06-06-2023,low,investigating
Yadgir,Shahapur,Town PS,Vehicle Theft,16.78912,76.855777,01-09-2023,medium,open
Chikkamagaluru,Kadur,Town PS,Murder,13.152139,75.778304,12-07-2023,high,open
Bengaluru Urban,Whitefield,Varthur PS,Drug Offense,12.9332,77.765228,22-04-2023,medium,open
Bengaluru Urban,Whitefield,Kadugodi PS,Kidnapping,12.957909,77.456976,25-02-2024,low,investigating
Ballari,Ballari City,Ballari PS,Assault,14.919241,76.887091,08-01-2024,low,open
Ballari,Ballari City,Brucepet PS,Chain Snatching,15.302931,76.943851,06-05-2024,medium,closed
Ballari,Hospet,Rural PS,Land Dispute,15.197504,77.091661,17-12-2024,low,open
Udupi,Kundapura,Kundapura PS,Kidnapping,13.244069,74.989857,27-09-2024,low,investigating
Kalaburagi,Sedam,Town PS,Chain Snatching,17.624499,76.799724,14-11-2023,medium,open
Udupi,Kundapura,Gangolli PS,Vehicle Theft,13.116447,74.751902,24-12-2023,low,investigating
Gadag,Ron,Ron PS,Vehicle Theft,15.476927,75.337381,11-11-2023,high,investigating
Vijayapura,Vijayapura City,Adarsh Nagar PS,Murder,16.684244,75.956461,11-01-2024,low,investigating
Mangaluru,Surathkal,Surathkal PS,Chain Snatching,12.843917,75.123533,12-09-2024,high,open
Gadag,Ron,Rural PS,Mobile Theft,15.644548,75.41702,28-08-2024,high,open
Belagavi,Gokak,Traffic PS,Robbery,15.982785,74.679513,19-09-2023,low,open
Mandya,Maddur,Town PS,Burglary,12.628964,76.691252,02-02-2023,low,investigating
Belagavi,Belagavi City,Belagavi PS,Mobile Theft,15.802462,74.562321,06-11-2023,high,open
Hubballi-Dharwad,Dharwad,Dharwad Town PS,Burglary,15.516435,75.13789,08-04-2023,medium,open
Uttara Kannada,Karwar,Karwar Town PS,Domestic Violence,14.608965,74.437738,14-05-2024,low,closed
Dakshina Kannada,Bantwal,Town PS,Chain Snatching,12.60776,74.967986,10-10-2023,low,open
Kolar,Kolar,Kolar PS,Vehicle Theft,13.247956,78.313221,31-12-2023,medium,investigating
Shivamogga,Bhadravati,Paper Town PS,Mobile Theft,13.93836,75.543968,02-11-2023,medium,investigating
Tumakuru,Madhugiri,Madhugiri PS,Burglary,13.064841,77.162255,20-03-2024,low,investigating
Bidar,Bidar City,Traffic PS,Vehicle Theft,18.006176,77.237141,17-03-2023,medium,open
Kolar,Bangarapet,Bangarapet PS,Mobile Theft,12.899294,78.299775,06-06-2024,high,investigating
Bengaluru Rural,Devanahalli,Airport PS,Vehicle Theft,13.438313,77.361231,13-01-2023,low,open
Ballari,Ballari City,Brucepet PS,Drug Offense,14.979432,76.866977,12-12-2023,medium,closed
Bengaluru Urban,Yelahanka,Yelahanka PS,Chain Snatching,12.924356,77.706002,24-11-2023,medium,investigating
Yadgir,Yadgir City,Yadgir PS,Murder,16.99488,77.395367,24-10-2024,medium,open
Chikkamagaluru,Tarikere,Rural PS,Drug Offense,13.535011,75.487787,25-07-2023,low,investigating
Kolar,Bangarapet,Rural PS,Chain Snatching,13.241063,78.23013,23-01-2024,high,investigating
Chikkamagaluru,Tarikere,Tarikere PS,Drug Offense,13.456158,76.034738,12-02-2023,low,investigating
Chamarajanagar,Gundlupet,Rural PS,Kidnapping,11.690154,77.010049,24-03-2024,low,closed
Kolar,Kolar,Town PS,Theft,13.270389,78.189335,18-06-2023,medium,open
Vijayapura,Vijayapura City,Gandhi Chowk PS,Mobile Theft,16.806445,75.580539,24-12-2024,low,closed
Davangere,Davangere City,Davangere PS,Burglary,14.516473,75.695801,10-12-2024,low,closed
Haveri,Haveri,Haveri PS,Chain Snatching,14.569245,75.401937,12-07-2024,low,investigating
Mandya,Maddur,Maddur PS,Fraud,12.408342,77.172476,27-01-2024,low,closed
Mandya,Srirangapatna,Town PS,Chain Snatching,12.403437,76.847324,16-01-2024,low,open
Haveri,Haveri,Town PS,Robbery,14.643274,75.173095,26-06-2023,high,open
Mysuru,Nanjangud,Nanjangud Town PS,Drug Offense,12.029278,76.469912,16-02-2023,low,investigating
Udupi,Kundapura,Byndoor PS,Kidnapping,13.093995,74.636139,01-03-2023,low,closed
Vijayapura,Indi,Rural PS,Cybercrime,17.123626,75.575356,24-02-2024,low,closed
Dakshina Kannada,Bantwal,Bantwal PS,Domestic Violence,12.77519,75.528771,13-12-2024,low,investigating
Belagavi,Belagavi City,Belagavi PS,Burglary,15.605189,74.338568,22-04-2023,low,investigating
Mangaluru,Ullal,Kotekar PS,Domestic Violence,12.714378,74.673497,26-10-2024,high,investigating
Chikkaballapura,Bagepalli,Bagepalli PS,Mobile Theft,13.371841,77.948594,07-09-2024,low,open
Shivamogga,Shivamogga City,Traffic PS,Burglary,13.958595,75.843286,03-02-2024,low,closed
Mysuru,Mysuru City,Nazarbad PS,Assault,12.211993,76.509658,29-06-2023,low,investigating
Chamarajanagar,Gundlupet,Town PS,Vehicle Theft,11.774781,76.923276,14-03-2023,low,open
Koppal,Gangavathi,Gangavathi PS,Theft,15.25817,76.182869,04-06-2024,medium,open
Kolar,Kolar,Traffic PS,Cybercrime,13.21301,78.324604,28-07-2024,low,closed
Vijayapura,Sindagi,Sindagi PS,Murder,16.790119,75.632844,13-10-2024,low,closed
Mangaluru,Mangaluru,Mangaluru South PS,Drug Offense,13.025746,74.82308,15-08-2024,low,open
Dakshina Kannada,Puttur,Traffic PS,Vehicle Theft,12.980593,75.150799,24-05-2024,low,open
Chikkaballapura,Bagepalli,Rural PS,Mobile Theft,13.239812,77.525191,29-07-2023,high,open
Mangaluru,Mangaluru,Pandeshwar PS,Land Dispute,13.210371,74.562256,05-06-2023,medium,open
Haveri,Savanur,Savanur PS,Cybercrime,14.535223,75.109555,15-08-2023,medium,investigating
Mandya,Maddur,Maddur PS,Mobile Theft,12.548423,76.857759,27-08-2024,medium,investigating
Mysuru,Hunsur,Rural PS,Cybercrime,12.127783,76.90062,11-04-2024,low,open
Ballari,Ballari City,Brucepet PS,Domestic Violence,14.967949,76.650502,22-08-2024,low,open
Hassan,Arsikere,Arsikere PS,Vehicle Theft,12.816812,76.173989,21-02-2023,medium,open
Kolar,Bangarapet,Town PS,Cybercrime,13.324423,77.85824,20-10-2023,low,closed
Chitradurga,Hosadurga,Rural PS,Theft,13.971068,76.601433,10-09-2023,medium,closed
Gadag,Mundargi,Mundargi PS,Robbery,15.713903,75.751634,28-02-2023,low,closed
Koppal,Kushtagi,Town PS,Drug Offense,15.535951,76.079129,25-10-2024,medium,investigating
Bidar,Basavakalyan,Town PS,Cybercrime,17.729895,77.752678,21-09-2024,low,open
Chikkamagaluru,Kadur,Kadur PS,Domestic Violence,13.175465,75.882659,14-10-2024,medium,investigating
Mangaluru,Surathkal,Surathkal PS,Fraud,12.853931,74.768181,23-05-2023,low,open
Bidar,Bidar City,Traffic PS,Theft,17.966739,77.258872,27-09-2024,low,open
Bengaluru Urban,Whitefield,Whitefield PS,Burglary,12.896785,77.883967,12-08-2024,high,open
Vijayapura,Sindagi,Town PS,Burglary,17.105895,75.645245,18-05-2024,medium,investigating
Chikkaballapura,Sidlaghatta,Rural PS,Mobile Theft,13.51355,77.961243,09-07-2023,low,open
Hassan,Arsikere,Rural PS,Cybercrime,13.24508,76.134987,18-10-2024,high,closed
Kodagu,Virajpet,Rural PS,Land Dispute,12.308603,75.70107,12-07-2023,low,investigating
Udupi,Karkala,Karkala PS,Burglary,13.439487,75.025007,25-02-2024,low,closed
Bidar,Bhalki,Rural PS,Assault,17.902659,77.557998,11-03-2023,medium,open
Uttara Kannada,Karwar,Bazar PS,Vehicle Theft,14.807005,74.812285,07-09-2024,low,open
Mysuru,Nanjangud,Traffic PS,Robbery,12.018995,76.463142,05-05-2023,medium,closed
Raichur,Raichur City,Raichur PS,Chain Snatching,16.327853,77.223456,21-08-2023,low,closed
Mysuru,Mysuru City,Devaraja PS,Chain Snatching,12.452388,76.824327,09-03-2024,low,closed
Kalaburagi,Sedam,Town PS,Murder,17.394289,76.861505,30-01-2024,low,investigating
Kalaburagi,Jewargi,Rural PS,Cybercrime,17.114654,77.029402,07-11-2024,low,open
Tumakuru,Madhugiri,Madhugiri PS,Vehicle Theft,13.275558,76.844767,29-03-2023,low,closed
Mangaluru,Ullal,Kotekar PS,Domestic Violence,13.016298,74.757633,20-08-2024,high,open
Kolar,Malur,Rural PS,Mobile Theft,13.249223,78.35526,15-12-2024,medium,open
Raichur,Sindhanur,Sindhanur PS,Land Dispute,16.460614,77.599408,20-03-2023,low,investigating
Kalaburagi,Kalaburagi City,University PS,Mobile Theft,17.439013,76.847459,05-02-2023,low,closed
Hubballi-Dharwad,Dharwad,Sub Urban PS,Chain Snatching,15.557354,75.130756,24-08-2023,low,closed
Shivamogga,Bhadravati,Paper Town PS,Drug Offense,13.68408,75.605251,22-08-2023,high,closed
Yadgir,Yadgir City,Yadgir PS,Burglary,16.72013,77.250322,06-10-2023,low,closed
Bengaluru Rural,Nelamangala,Soladevanahalli PS,Robbery,13.338356,77.544813,15-01-2023,medium,open
Chikkaballapura,Sidlaghatta,Sidlaghatta PS,Mobile Theft,13.56934,77.708944,10-03-2023,low,closed
Gadag,Mundargi,Rural PS,Theft,15.49484,75.401183,30-11-2024,medium,closed
Kalaburagi,Sedam,Rural PS,Cybercrime,17.541843,76.854958,10-04-2024,medium,closed
Ramanagara,Kanakapura,Rural PS,Theft,12.479453,77.021248,14-05-2024,medium,closed
Ballari,Sandur,Rural PS,Drug Offense,14.995006,77.207538,25-05-2023,high,closed
Dakshina Kannada,Puttur,Traffic PS,Cybercrime,12.742652,75.125495,02-08-2023,high,investigating
Kalaburagi,Kalaburagi City,University PS,Drug Offense,17.111728,76.919493,01-06-2023,low,open
Dakshina Kannada,Sullia,Town PS,Theft,12.670342,75.449436,22-07-2023,low,open
Mandya,Maddur,Town PS,Burglary,12.598963,76.860907,20-06-2024,low,closed
Chikkamagaluru,Tarikere,Rural PS,Drug Offense,13.181678,75.595243,11-03-2024,low,closed
Shivamogga,Bhadravati,Paper Town PS,Mobile Theft,13.759723,75.305113,07-10-2024,low,closed
Chamarajanagar,Gundlupet,Gundlupet PS,Domestic Violence,11.782227,76.829257,01-04-2024,low,open
Bidar,Bhalki,Rural PS,Kidnapping,17.894402,77.744085,12-12-2023,low,open
Udupi,Karkala,Karkala PS,Drug Offense,13.373241,74.782525,21-06-2024,high,open
Shivamogga,Shivamogga City,Doddapete PS,Burglary,13.707376,75.448158,23-07-2023,low,closed
Tumakuru,Tumakuru City,Tumakuru PS,Assault,13.158794,77.017605,03-06-2023,low,investigating
Bengaluru Rural,Nelamangala,Soladevanahalli PS,Land Dispute,13.439673,77.623345,28-02-2024,medium,closed
Shivamogga,Shivamogga City,Traffic PS,Domestic Violence,13.942819,75.834878,04-01-2024,low,closed
Kalaburagi,Jewargi,Yadrami PS,Mobile Theft,17.339423,77.03868,22-06-2023,low,open
Shivamogga,Shivamogga City,Doddapete PS,Theft,13.702476,75.704922,21-11-2023,medium,closed
Koppal,Gangavathi,Rural PS,Cybercrime,15.297426,76.242971,20-03-2023,high,investigating
Chikkaballapura,Bagepalli,Town PS,Vehicle Theft,13.31523,77.439874,01-03-2024,medium,investigating
Udupi,Udupi,Udupi Town PS,Chain Snatching,13.511714,74.498333,09-03-2023,medium,closed
Gadag,Ron,Rural PS,Land Dispute,15.683869,75.350945,04-08-2024,low,open
Ramanagara,Ramanagara,Traffic PS,Robbery,12.479364,77.072205,06-08-2024,low,open
Ramanagara,Magadi,Town PS,Drug Offense,12.977552,77.179398,23-12-2024,medium,open
Udupi,Udupi,Manipal PS,Land Dispute,13.193159,74.595471,27-03-2023,medium,closed
Davangere,Harihar,Town PS,Drug Offense,14.28397,76.204876,26-09-2023,medium,closed
Yadgir,Shahapur,Town PS,Domestic Violence,16.977834,77.152679,14-04-2024,low,closed
Bengaluru Urban,Yelahanka,Attur PS,Robbery,13.219024,77.379167,15-01-2023,medium,investigating
Uttara Kannada,Bhatkal,Bhatkal PS,Theft,14.739539,74.736882,25-08-2023,low,open
Yadgir,Gurmitkal,Town PS,Burglary,16.682041,77.101275,28-11-2023,low,investigating
Bidar,Bidar City,Traffic PS,Cybercrime,18.188081,77.397559,10-11-2024,low,investigating
Shivamogga,Shivamogga City,Traffic PS,Land Dispute,14.077948,75.793205,25-06-2023,high,investigating
Uttara Kannada,Karwar,Karwar Town PS,Cybercrime,14.656362,74.586133,29-10-2023,low,open
Shivamogga,Shivamogga City,Traffic PS,Vehicle Theft,13.705562,75.663902,29-11-2024,high,closed
Chitradurga,Chitradurga,Chitradurga PS,Kidnapping,13.943199,76.547888,12-05-2024,high,investigating
Koppal,Kushtagi,Rural PS,Cybercrime,15.344356,76.414579,11-07-2023,low,investigating
Yadgir,Shahapur,Shahapur PS,Kidnapping,16.68247,77.00639,22-02-2023,medium,investigating
Koppal,Koppal City,Traffic PS,Burglary,15.510608,75.92099,16-03-2023,high,open
Raichur,Manvi,Town PS,Land Dispute,16.05454,77.209157,15-05-2024,medium,investigating
Chikkamagaluru,Chikkamagaluru City,Town PS,Domestic Violence,13.397085,75.886453,05-07-2024,medium,investigating
Mangaluru,Mangaluru,Mangaluru North PS,Robbery,13.192108,75.117489,22-01-2024,low,investigating
Mangaluru,Mangaluru,Mangaluru North PS,Theft,13.200218,74.653619,13-06-2024,low,open
Davangere,Davangere City,KTJ Nagar PS,Burglary,14.701589,75.642067,03-03-2024,high,open
Kodagu,Madikeri,Traffic PS,Robbery,12.089426,75.545666,15-09-2024,medium,closed
Kodagu,Virajpet,Virajpet PS,Chain Snatching,12.305012,75.689084,13-11-2023,medium,closed
Mangaluru,Surathkal,Surathkal PS,Drug Offense,12.879869,74.802062,17-04-2024,medium,closed
Bengaluru Urban,Yelahanka,Yelahanka New Town PS,Land Dispute,12.778142,77.434781,14-05-2024,medium,open
Tumakuru,Madhugiri,Town PS,Theft,13.619825,77.201595,13-06-2023,low,closed
Yadgir,Gurmitkal,Town PS,Fraud,16.585877,77.240379,14-05-2024,high,investigating
Mysuru,Mysuru City,Nazarbad PS,Chain Snatching,12.377672,76.712581,11-02-2023,high,open
Bengaluru Rural,Devanahalli,Airport PS,Theft,13.419914,77.280742,26-09-2023,low,closed
Tumakuru,Tiptur,Town PS,Theft,13.44432,77.402868,03-05-2024,low,open
Raichur,Sindhanur,Rural PS,Robbery,16.325958,77.511637,19-09-2023,high,open
Belagavi,Gokak,Gokak Town PS,Mobile Theft,15.667997,74.535737,19-08-2023,low,open
Yadgir,Yadgir City,Town PS,Robbery,16.571506,76.915803,28-12-2023,low,closed
Kalaburagi,Kalaburagi City,University PS,Burglary,17.36391,77.064791,11-12-2023,low,closed
Bengaluru Rural,Nelamangala,Nelamangala PS,Cybercrime,13.052301,77.524782,19-04-2023,low,open
Chitradurga,Chitradurga,Town PS,Domestic Violence,14.340298,76.423796,11-07-2024,low,open
Haveri,Haveri,Haveri PS,Land Dispute,14.499248,75.550893,27-10-2023,medium,open
Mangaluru,Mangaluru,Mangaluru South PS,Chain Snatching,13.061116,74.882714,31-07-2023,medium,closed
Bengaluru Urban,Whitefield,Whitefield PS,Theft,12.739926,77.595643,06-05-2023,medium,investigating
Chikkaballapura,Sidlaghatta,Sidlaghatta PS,Domestic Violence,13.258836,77.802128,05-08-2023,low,investigating
Hassan,Arsikere,Town PS,Assault,13.239967,76.217822,07-05-2024,medium,open
Chamarajanagar,Kollegal,Kollegal PS,Vehicle Theft,11.888249,76.780428,24-05-2024,low,open
Bengaluru Urban,Koramangala,HSR Layout PS,Drug Offense,12.703121,77.59705,30-03-2023,low,closed
Ballari,Sandur,Toranagallu PS,Kidnapping,14.97904,76.847051,14-06-2023,medium,open
Hubballi-Dharwad,Navanagar,Navanagar PS,Theft,15.17437,75.207122,29-09-2024,medium,closed
Tumakuru,Tiptur,Town PS,Land Dispute,13.559256,77.401457,03-05-2023,low,investigating
Hubballi-Dharwad,Navanagar,Rural PS,Burglary,15.445101,75.198817,16-03-2023,low,open
Mangaluru,Ullal,Kotekar PS,Domestic Violence,12.899418,75.064907,02-11-2023,low,investigating
Uttara Kannada,Bhatkal,Rural PS,Cybercrime,14.604956,74.992947,19-07-2024,medium,investigating
Bengaluru Rural,Nelamangala,Soladevanahalli PS,Burglary,12.906733,77.63061,16-04-2024,medium,closed
Mangaluru,Surathkal,Panambur PS,Mobile Theft,12.947014,74.77007,02-05-2023,low,investigating
Yadgir,Gurmitkal,Town PS,Vehicle Theft,16.529619,77.020411,17-09-2024,high,open
Koppal,Gangavathi,Rural PS,Vehicle Theft,15.312179,75.897005,28-05-2024,high,closed
Kolar,Bangarapet,Town PS,Chain Snatching,13.064913,78.215691,14-12-2024,medium,investigating
Mysuru,Mysuru City,Devaraja PS,Drug Offense,12.27191,76.82674,08-05-2024,medium,closed
Hubballi-Dharwad,Dharwad,Traffic PS,Chain Snatching,15.180992,74.917647,13-08-2024,medium,closed
Mandya,Srirangapatna,Town PS,Assault,12.321466,76.845837,16-01-2023,low,open
Udupi,Kundapura,Byndoor PS,Murder,13.205831,74.472564,07-07-2023,medium,closed
Uttara Kannada,Bhatkal,Rural PS,Murder,14.560339,74.429195,08-10-2023,low,open
Kolar,Bangarapet,Town PS,Land Dispute,12.931447,77.985854,24-12-2024,high,closed
Kolar,Malur,Rural PS,Cybercrime,13.25058,77.89418,26-06-2024,high,investigating
Mangaluru,Mangaluru,Pandeshwar PS,Kidnapping,13.082948,74.945683,01-04-2023,low,investigating
Haveri,Haveri,Town PS,Burglary,14.683598,75.602141,19-12-2024,medium,investigating
Mysuru,Mysuru City,Devaraja PS,Theft,12.152853,76.787393,09-04-2024,low,open
Haveri,Ranebennur,Rural PS,Domestic Violence,15.008317,75.243738,19-08-2023,low,closed
Kodagu,Virajpet,Town PS,Assault,12.488148,76.030826,20-05-2023,medium,investigating
Belagavi,Belagavi City,Tilakwadi PS,Cybercrime,15.966487,74.375701,12-12-2023,low,closed
Hassan,Hassan City,Traffic PS,Kidnapping,12.720444,76.337101,22-11-2024,medium,closed
Gadag,Mundargi,Mundargi PS,Assault,15.522003,75.363846,28-11-2023,low,open
Kalaburagi,Kalaburagi City,University PS,Assault,17.368396,76.566524,15-04-2023,medium,investigating
Kolar,Malur,Town PS,Fraud,12.962516,77.967588,26-10-2023,medium,open
Ballari,Ballari City,Cowl Bazaar PS,Assault,15.359258,76.796603,30-09-2023,low,closed
Bengaluru Urban,Whitefield,Whitefield PS,Burglary,12.905789,77.435697,23-06-2023,low,open
Chitradurga,Hosadurga,Town PS,Mobile Theft,14.39884,76.597922,25-03-2023,low,closed
Kodagu,Somwarpet,Kushalnagar PS,Murder,12.495065,75.810826,02-07-2024,low,investigating
Gadag,Gadag,Betageri PS,Vehicle Theft,15.30152,75.344917,24-06-2023,high,open
Mandya,Srirangapatna,Srirangapatna PS,Chain Snatching,12.547154,77.192842,26-05-2023,high,open
Bengaluru Urban,Whitefield,Kadugodi PS,Murder,12.782551,77.833655,08-01-2024,low,closed
Belagavi,Belagavi City,Tilakwadi PS,Cybercrime,15.812627,74.366842,13-07-2023,medium,investigating
Bidar,Basavakalyan,Rural PS,Fraud,17.690825,77.802589,14-10-2024,low,investigating
Davangere,Honnali,Honnali PS,Chain Snatching,14.18714,75.871395,12-07-2023,low,closed
Udupi,Udupi,Malpe PS,Fraud,13.107117,74.689227,08-12-2024,low,closed
Haveri,Ranebennur,Town PS,Land Dispute,15.005042,75.683951,03-08-2023,low,open
Raichur,Sindhanur,Sindhanur PS,Vehicle Theft,16.186183,77.152004,06-03-2024,low,investigating
Uttara Kannada,Sirsi,Rural PS,Land Dispute,14.527583,74.553853,20-07-2024,low,closed
Ramanagara,Magadi,Rural PS,Theft,12.500526,77.034825,17-10-2023,low,closed
Vijayapura,Vijayapura City,Gandhi Chowk PS,Cybercrime,16.861478,75.591218,21-11-2024,high,investigating
Ballari,Ballari City,Ballari PS,Assault,14.938145,76.809003,23-10-2023,low,closed
Kolar,Kolar,Kolar PS,Land Dispute,13.163868,78.319584,09-06-2024,medium,closed
Ballari,Hospet,Traffic PS,Theft,14.876304,76.799427,27-03-2023,high,investigating
Uttara Kannada,Sirsi,Sirsi PS,Fraud,14.882786,74.955032,03-08-2023,low,investigating
Bengaluru Rural,Nelamangala,Soladevanahalli PS,Theft,13.396765,77.363595,04-11-2023,low,investigating
Ramanagara,Ramanagara,Town PS,Chain Snatching,12.743228,77.246659,08-09-2024,medium,open
Belagavi,Chikodi,Rural PS,Vehicle Theft,16.049836,74.543346,14-12-2023,medium,closed
Ramanagara,Ramanagara,Town PS,Vehicle Theft,12.692601,77.307641,04-12-2024,low,investigating
Udupi,Udupi,Malpe PS,Chain Snatching,13.293402,74.651903,26-11-2024,high,closed
Chamarajanagar,Kollegal,Kollegal PS,Cybercrime,11.637131,76.954588,29-02-2024,high,closed
Chikkamagaluru,Kadur,Kadur PS,Burglary,13.108176,75.878646,13-08-2024,low,investigating
Kolar,Malur,Rural PS,Vehicle Theft,12.948219,77.962043,26-03-2024,medium,investigating
Koppal,Gangavathi,Town PS,Kidnapping,15.351439,76.387108,14-03-2023,low,closed
Kodagu,Somwarpet,Kushalnagar PS,Drug Offense,12.188494,75.876817,07-01-2024,low,closed
Yadgir,Yadgir City,Town PS,Cybercrime,17.001977,77.366419,04-07-2024,low,closed
Chikkaballapura,Chikkaballapura,Chikkaballapura PS,Theft,13.628391,78.000341,28-11-2023,low,closed
Mangaluru,Ullal,Kotekar PS,Mobile Theft,12.849409,74.872918,14-03-2023,low,closed
Mangaluru,Mangaluru,Mangaluru South PS,Murder,12.797046,74.742669,18-04-2024,low,investigating
Udupi,Karkala,Karkala PS,Vehicle Theft,13.579576,74.453118,06-09-2024,medium,open
Mangaluru,Ullal,Kotekar PS,Mobile Theft,13.004497,74.669496,30-03-2023,medium,closed
Haveri,Ranebennur,Ranebennur PS,Land Dispute,14.927409,75.144514,12-02-2023,low,closed
Raichur,Raichur City,Raichur PS,Chain Snatching,16.293377,77.581389,17-09-2023,medium,investigating
Kodagu,Virajpet,Town PS,Vehicle Theft,12.130022,75.882455,26-10-2024,medium,investigating
Hubballi-Dharwad,Dharwad,Traffic PS,Land Dispute,15.334511,74.949886,05-01-2023,medium,investigating
Udupi,Karkala,Karkala PS,Burglary,13.637173,74.45522,17-04-2024,low,open
Bengaluru Rural,Nelamangala,Nelamangala PS,Drug Offense,13.428021,77.169481,17-08-2023,medium,open
Davangere,Honnali,Honnali PS,Robbery,14.351367,75.884452,09-01-2024,medium,closed
Vijayapura,Vijayapura City,Gandhi Chowk PS,Assault,16.679988,75.693512,28-05-2024,low,closed
Bengaluru Urban,Whitefield,Whitefield PS,Cybercrime,13.239196,77.7245,09-05-2023,low,open
Yadgir,Gurmitkal,Town PS,Kidnapping,16.969339,77.351296,23-01-2024,medium,open
Koppal,Koppal City,Town PS,Robbery,15.086246,76.000803,08-12-2024,low,investigating
Udupi,Udupi,Malpe PS,Murder,13.044712,74.843695,01-10-2023,low,investigating
Chikkamagaluru,Chikkamagaluru City,Traffic PS,Robbery,13.400479,75.970096,28-02-2023,low,closed
Udupi,Karkala,Ajekar PS,Cybercrime,13.450774,74.470766,08-12-2023,medium,investigating
Davangere,Davangere City,KTJ Nagar PS,Land Dispute,14.581507,76.106221,14-01-2023,low,investigating
Tumakuru,Tumakuru City,New Extension PS,Chain Snatching,13.426336,77.113724,17-08-2023,low,open
Belagavi,Belagavi City,Belagavi PS,Murder,15.978216,74.681038,23-07-2024,medium,open
Ramanagara,Magadi,Rural PS,Theft,12.606123,77.565713,21-12-2024,medium,investigating
Chikkaballapura,Chikkaballapura,Chikkaballapura PS,Mobile Theft,13.267944,77.855689,09-07-2023,medium,closed
Kalaburagi,Jewargi,Jewargi PS,Chain Snatching,17.039521,76.888684,29-05-2023,low,open
Yadgir,Yadgir City,Town PS,Chain Snatching,16.816495,77.235565,09-12-2024,medium,closed
Dakshina Kannada,Bantwal,Rural PS,Mobile Theft,12.890811,75.407907,15-02-2023,low,closed
Bidar,Bhalki,Rural PS,Cybercrime,17.644592,77.62381,16-09-2023,high,closed
Kodagu,Madikeri,Traffic PS,Kidnapping,12.400539,75.963728,24-03-2024,low,investigating
Hassan,Arsikere,Arsikere PS,Mobile Theft,12.855372,76.392307,21-02-2023,low,closed
Mangaluru,Surathkal,Mulki PS,Vehicle Theft,12.688494,74.646403,11-02-2023,high,open
Kolar,Bangarapet,Bangarapet PS,Fraud,13.053274,78.306831,29-08-2024,medium,investigating
Ramanagara,Kanakapura,Town PS,Murder,12.699718,77.251334,15-10-2024,medium,closed
Dakshina Kannada,Bantwal,Town PS,Kidnapping,13.055859,75.078814,24-11-2024,low,closed
Uttara Kannada,Sirsi,Rural PS,Assault,14.763446,74.669793,13-05-2024,low,open
Bengaluru Urban,Koramangala,Madiwala PS,Drug Offense,13.154131,77.601192,20-11-2023,low,closed
Yadgir,Yadgir City,Traffic PS,Drug Offense,16.606959,76.940087,09-06-2023,medium,closed
Uttara Kannada,Karwar,Traffic PS,Mobile Theft,14.945444,74.914572,19-12-2023,low,closed
Bidar,Basavakalyan,Rural PS,Theft,18.1071,77.284847,20-08-2024,medium,investigating
Davangere,Davangere City,Davangere PS,Burglary,14.462135,75.857112,20-01-2023,low,closed
Vijayapura,Vijayapura City,Traffic PS,Domestic Violence,17.06141,75.879796,24-09-2023,high,closed
Tumakuru,Tiptur,Tiptur PS,Burglary,13.436399,77.121532,29-07-2023,low,open
Davangere,Honnali,Rural PS,Assault,14.708225,75.779046,17-08-2023,low,investigating
Bengaluru Urban,Koramangala,Koramangala PS,Theft,13.205362,77.69942,01-08-2023,high,open
Udupi,Udupi,Udupi Town PS,Cybercrime,13.120406,74.527517,16-08-2023,low,closed
Mandya,Srirangapatna,Srirangapatna PS,Land Dispute,12.672161,76.676979,28-11-2023,low,investigating
Chamarajanagar,Gundlupet,Town PS,Kidnapping,11.827059,77.140536,05-12-2024,high,open
Davangere,Honnali,Nyamathi PS,Kidnapping,14.435866,75.680275,23-07-2024,high,investigating
Kolar,Malur,Malur PS,Mobile Theft,13.243638,77.95269,27-11-2024,low,open
Ramanagara,Magadi,Rural PS,Domestic Violence,12.64566,77.336336,09-06-2024,low,investigating
Vijayapura,Sindagi,Town PS,Theft,16.755341,75.548793,19-08-2024,low,closed
Bengaluru Urban,Koramangala,Koramangala PS,Domestic Violence,12.90753,77.754476,14-12-2023,low,investigating
Vijayapura,Vijayapura City,Traffic PS,Chain Snatching,16.972555,75.900731,30-06-2023,high,open
Bengaluru Rural,Devanahalli,Airport PS,Drug Offense,13.08955,77.374336,03-04-2024,low,open
Shivamogga,Sagara,Rural PS,Drug Offense,14.07551,75.547453,31-08-2023,medium,investigating
Haveri,Ranebennur,Rural PS,Cybercrime,15.095839,75.116837,20-07-2023,medium,investigating
Bidar,Basavakalyan,Town PS,Land Dispute,17.741609,77.712294,26-02-2023,low,investigating
Gadag,Mundargi,Rural PS,Assault,15.564025,75.65774,30-11-2023,medium,investigating
Hassan,Arsikere,Rural PS,Domestic Violence,13.138997,76.23395,14-11-2023,medium,open
Haveri,Haveri,Town PS,Robbery,14.535225,75.50753,16-04-2024,low,closed
Yadgir,Gurmitkal,Rural PS,Kidnapping,16.770939,77.066111,04-01-2023,medium,closed
Yadgir,Yadgir City,Yadgir PS,Cybercrime,16.899259,77.377027,17-05-2024,high,closed
Kalaburagi,Jewargi,Yadrami PS,Burglary,17.261536,77.067002,30-05-2023,medium,closed
Yadgir,Gurmitkal,Rural PS,Mobile Theft,16.856293,77.192569,29-12-2024,high,closed
Koppal,Koppal City,Traffic PS,Mobile Theft,15.318143,76.319149,17-03-2023,medium,open
Mysuru,Mysuru City,Devaraja PS,Fraud,12.159423,76.846385,20-06-2024,low,open
Mangaluru,Ullal,Konaje PS,Land Dispute,12.663393,74.902367,02-02-2023,low,closed
Kodagu,Madikeri,Rural PS,Murder,12.101144,75.976133,15-10-2024,low,investigating
Kalaburagi,Jewargi,Rural PS,Kidnapping,17.36769,76.961493,15-01-2023,low,closed
Tumakuru,Tumakuru City,New Extension PS,Domestic Violence,13.373222,77.136025,14-02-2023,low,closed
Uttara Kannada,Bhatkal,Bhatkal PS,Cybercrime,14.783124,74.922383,20-07-2024,medium,investigating
Ramanagara,Magadi,Town PS,Cybercrime,12.616593,77.256979,22-01-2023,medium,open
Udupi,Karkala,Ajekar PS,Theft,13.11548,74.790884,07-06-2023,low,investigating
Kolar,Malur,Town PS,Assault,13.213868,78.353784,16-01-2024,medium,investigating
Bengaluru Rural,Nelamangala,Nelamangala PS,Domestic Violence,13.117064,77.329762,20-08-2024,high,investigating
Mandya,Maddur,Maddur PS,Theft,12.277278,77.029759,07-09-2023,low,closed
Hassan,Arsikere,Arsikere PS,Cybercrime,12.86481,75.850245,19-11-2024,low,investigating
Mandya,Maddur,Rural PS,Mobile Theft,12.231399,77.187247,15-10-2024,low,investigating
Haveri,Ranebennur,Rural PS,Fraud,14.995648,75.543901,17-07-2023,low,open
Mandya,Mandya,Town PS,Mobile Theft,12.403865,76.870236,06-08-2024,low,open
Shivamogga,Bhadravati,Bhadravati PS,Cybercrime,13.801615,75.588272,05-11-2024,low,open
Kalaburagi,Kalaburagi City,Brahmapur PS,Kidnapping,17.36619,77.050663,08-10-2024,medium,investigating
Hassan,Arsikere,Arsikere PS,Land Dispute,13.258632,75.828776,11-07-2024,low,open
Chikkamagaluru,Chikkamagaluru City,Town PS,Vehicle Theft,13.347579,75.826032,04-12-2023,low,closed
Udupi,Karkala,Ajekar PS,Fraud,13.640698,74.887259,10-05-2023,low,open
Belagavi,Belagavi City,Market PS,Land Dispute,15.683752,74.711061,26-08-2023,low,closed
Raichur,Manvi,Town PS,Fraud,16.064701,77.430537,02-10-2023,medium,closed
Davangere,Davangere City,Davangere PS,Kidnapping,14.567177,75.830386,26-10-2024,low,open
Koppal,Kushtagi,Rural PS,Domestic Violence,15.383094,76.372494,11-09-2023,medium,investigating
Bidar,Basavakalyan,Rural PS,Assault,17.885044,77.429311,29-08-2023,low,open
Davangere,Harihar,Harihar PS,Kidnapping,14.763926,75.882518,09-06-2023,low,closed
Ramanagara,Kanakapura,Town PS,Burglary,12.429517,77.374077,01-10-2023,medium,open
Hubballi-Dharwad,Navanagar,Town PS,Chain Snatching,15.29317,75.170899,28-10-2023,low,open
Ballari,Hospet,Rural PS,Fraud,15.234574,76.746429,06-11-2023,medium,open
Bidar,Bhalki,Town PS,Robbery,17.75314,77.690729,09-10-2024,medium,closed
Hassan,Sakleshpur,Sakleshpur PS,Kidnapping,12.742022,76.314835,20-05-2023,high,closed
Udupi,Kundapura,Byndoor PS,Kidnapping,13.444585,74.590987,01-09-2024,medium,open
Udupi,Udupi,Malpe PS,Vehicle Theft,13.638697,74.718126,03-02-2024,low,investigating
Gadag,Ron,Town PS,Mobile Theft,15.356859,75.840999,04-04-2023,medium,open
Vijayapura,Vijayapura City,Gandhi Chowk PS,Robbery,17.12978,75.547134,29-09-2023,medium,closed
Udupi,Udupi,Manipal PS,Vehicle Theft,13.60799,75.010395,24-05-2023,high,open
Dakshina Kannada,Puttur,Puttur PS,Theft,12.825273,75.115944,09-01-2023,medium,closed
Hubballi-Dharwad,Navanagar,Town PS,Kidnapping,15.400811,75.19535,08-08-2024,medium,closed
Haveri,Haveri,Town PS,Chain Snatching,14.702015,75.183487,28-01-2024,medium,investigating
Ramanagara,Kanakapura,Kanakapura PS,Murder,12.969922,77.163261,04-11-2024,medium,investigating
Bengaluru Rural,Nelamangala,Traffic PS,Fraud,13.151302,77.201393,06-06-2024,medium,investigating
Bengaluru Urban,Yelahanka,Yelahanka PS,Domestic Violence,12.880407,77.395896,23-03-2024,low,closed
Tumakuru,Tiptur,Rural PS,Robbery,13.134976,76.94061,29-07-2024,high,open
Bengaluru Rural,Doddaballapura,Doddaballapura PS,Robbery,13.117546,77.64494,03-07-2023,medium,investigating
Udupi,Kundapura,Gangolli PS,Fraud,13.54314,74.558878,08-10-2024,low,open
Chitradurga,Chitradurga,Chitradurga PS,Mobile Theft,14.289718,76.32468,13-10-2023,low,open
Dakshina Kannada,Bantwal,Rural PS,Mobile Theft,12.643021,75.126206,04-04-2024,low,investigating
Vijayapura,Sindagi,Rural PS,Land Dispute,16.895109,75.61219,30-10-2024,low,closed
Kodagu,Madikeri,Madikeri PS,Cybercrime,12.189247,75.710035,12-03-2023,low,investigating
Uttara Kannada,Karwar,Bazar PS,Theft,14.621313,74.570864,06-08-2024,low,open
Mangaluru,Mangaluru,Pandeshwar PS,Robbery,13.138803,74.769312,01-12-2024,medium,open
Kolar,Kolar,Town PS,Domestic Violence,13.361293,78.30268,29-01-2023,medium,investigating
Chikkamagaluru,Tarikere,Rural PS,Mobile Theft,13.449873,75.549111,22-10-2023,high,open
Chikkamagaluru,Kadur,Town PS,Kidnapping,13.218586,75.917007,29-07-2023,low,open
Mangaluru,Surathkal,Mulki PS,Kidnapping,12.812284,74.887461,02-06-2024,low,open
Uttara Kannada,Karwar,Karwar Town PS,Drug Offense,14.599127,74.528149,09-12-2023,medium,open
Shivamogga,Shivamogga City,Vinobanagar PS,Cybercrime,13.778843,75.720163,14-01-2024,low,closed
Chamarajanagar,Chamarajanagar,Town PS,Theft,12.103885,76.701739,12-11-2023,high,closed
Chikkamagaluru,Chikkamagaluru City,Town PS,Cybercrime,13.370482,75.529261,22-01-2024,low,investigating
Davangere,Honnali,Nyamathi PS,Vehicle Theft,14.249214,75.703161,04-11-2024,medium,closed
Davangere,Harihar,Town PS,Burglary,14.722379,75.932957,09-06-2024,high,open
Kodagu,Madikeri,Madikeri PS,Burglary,12.582381,75.997268,16-01-2023,medium,open
Uttara Kannada,Sirsi,Rural PS,Robbery,14.810478,74.565191,17-05-2023,high,closed
Ballari,Ballari City,Brucepet PS,Fraud,15.276832,77.2003,17-10-2024,low,closed
Bidar,Bhalki,Rural PS,Burglary,18.181053,77.511223,12-05-2023,low,closed
Mangaluru,Mangaluru,Mangaluru South PS,Kidnapping,12.630597,74.760144,19-01-2023,medium,investigating
Shivamogga,Bhadravati,Old Town PS,Kidnapping,13.634001,75.828096,10-04-2023,medium,investigating
Hassan,Arsikere,Rural PS,Land Dispute,12.791111,75.995664,10-02-2023,high,closed
Bengaluru Urban,Whitefield,Kadugodi PS,Vehicle Theft,12.680755,77.85861,12-08-2023,low,investigating
Chamarajanagar,Chamarajanagar,Town PS,Chain Snatching,11.711084,76.744507,24-12-2024,low,investigating
Yadgir,Gurmitkal,Gurmitkal PS,Mobile Theft,17.011149,77.178088,21-08-2023,low,closed
Uttara Kannada,Sirsi,Rural PS,Burglary,14.499019,74.965807,06-05-2023,high,closed
Bengaluru Urban,Whitefield,Whitefield PS,Kidnapping,12.948162,77.394927,23-01-2024,low,open
Kalaburagi,Sedam,Rural PS,Domestic Violence,17.172977,76.986792,25-08-2023,high,investigating
Bengaluru Rural,Doddaballapura,Rural PS,Drug Offense,12.986982,77.562501,09-05-2023,low,investigating
Chitradurga,Hiriyur,Hiriyur PS,Fraud,14.271708,76.205971,10-06-2024,low,investigating
Bengaluru Rural,Nelamangala,Nelamangala PS,Fraud,12.95781,77.407748,30-05-2024,low,investigating
Chitradurga,Chitradurga,Chitradurga PS,Assault,13.980054,76.548872,28-06-2023,medium,investigating
Haveri,Ranebennur,Ranebennur PS,Domestic Violence,14.718047,75.687019,09-12-2023,low,investigating
Ramanagara,Ramanagara,Town PS,Kidnapping,12.861886,77.56025,04-11-2024,high,open
Chikkamagaluru,Tarikere,Tarikere PS,Mobile Theft,13.077306,76.052658,30-01-2024,medium,open
Ballari,Ballari City,Ballari PS,Kidnapping,15.280616,77.078056,11-08-2024,high,investigating
Kalaburagi,Jewargi,Jewargi PS,Theft,17.360217,76.992642,24-10-2024,low,investigating
Chitradurga,Hosadurga,Rural PS,Vehicle Theft,14.521366,76.192565,02-01-2024,medium,investigating
Hassan,Hassan City,Extension PS,Cybercrime,12.967602,75.93433,09-09-2024,medium,closed
Chikkaballapura,Sidlaghatta,Rural PS,Robbery,13.157638,77.978091,30-07-2023,low,closed
Belagavi,Belagavi City,Tilakwadi PS,Robbery,16.033162,74.685994,04-09-2024,low,closed
Hubballi-Dharwad,Dharwad,Sub Urban PS,Cybercrime,15.565468,74.880269,21-11-2023,high,open
Kodagu,Madikeri,Madikeri PS,Theft,12.368369,75.529743,17-12-2023,low,closed
Mangaluru,Surathkal,Surathkal PS,Drug Offense,12.75886,74.567164,11-05-2024,low,closed
Kolar,Bangarapet,Town PS,Land Dispute,13.093878,77.917291,01-02-2023,low,open
Chitradurga,Hiriyur,Rural PS,Kidnapping,14.15303,76.490511,19-12-2024,medium,closed
Uttara Kannada,Karwar,Bazar PS,Mobile Theft,14.821331,74.65442,23-12-2023,low,closed
Hassan,Hassan City,Extension PS,Chain Snatching,13.198447,75.891298,27-01-2023,high,open
Belagavi,Belagavi City,Tilakwadi PS,Drug Offense,15.69428,74.752605,18-10-2024,low,investigating
Chitradurga,Chitradurga,Chitradurga PS,Drug Offense,14.389372,76.637844,20-10-2024,low,investigating
Koppal,Gangavathi,Town PS,Land Dispute,15.309557,76.431005,12-01-2024,medium,open
Belagavi,Gokak,Rural PS,Burglary,15.606277,74.706225,01-02-2024,medium,investigating
Hubballi-Dharwad,Hubballi,Vidyanagar PS,Burglary,15.276137,75.263237,07-11-2024,medium,open
Dakshina Kannada,Sullia,Town PS,Burglary,12.638319,75.209661,01-03-2024,medium,closed
Dakshina Kannada,Sullia,Town PS,Fraud,13.015861,75.222658,26-10-2023,low,open
Ramanagara,Ramanagara,Ramanagara PS,Murder,12.829826,77.276963,10-02-2024,medium,open
Mandya,Srirangapatna,Town PS,Theft,12.502539,77.111333,27-03-2024,medium,investigating
Chitradurga,Hiriyur,Hiriyur PS,Mobile Theft,14.157383,76.672962,31-05-2024,medium,investigating
Ramanagara,Ramanagara,Town PS,Theft,12.472577,77.202443,20-12-2024,medium,closed
Gadag,Gadag,Traffic PS,Assault,15.626221,75.598769,24-02-2023,high,investigating
Davangere,Harihar,Harihar PS,Theft,14.242478,76.197266,23-04-2024,medium,investigating
Vijayapura,Indi,Town PS,Burglary,16.866803,75.823082,23-03-2023,low,open
Gadag,Mundargi,Rural PS,Cybercrime,15.229308,75.416945,11-11-2024,high,closed
Koppal,Gangavathi,Gangavathi PS,Vehicle Theft,15.415116,75.967299,27-10-2023,low,closed
Ballari,Sandur,Toranagallu PS,Robbery,15.145842,76.988826,06-10-2024,low,closed
Kolar,Malur,Malur PS,Vehicle Theft,13.333282,77.902353,14-11-2024,high,closed
Haveri,Savanur,Town PS,Domestic Violence,14.629939,75.114384,26-06-2023,high,investigating
Shivamogga,Bhadravati,Old Town PS,Land Dispute,13.944806,75.575924,08-05-2024,high,open
Chikkaballapura,Sidlaghatta,Rural PS,Cybercrime,13.647761,77.470922,27-04-2023,high,investigating
Bengaluru Rural,Devanahalli,Devanahalli PS,Mobile Theft,13.047661,77.271888,10-12-2023,low,investigating
Dakshina Kannada,Bantwal,Town PS,Robbery,12.925631,75.182166,16-02-2024,medium,closed
Raichur,Sindhanur,Sindhanur PS,Assault,16.338776,77.58503,03-02-2024,medium,open
Ballari,Sandur,Sandur PS,Mobile Theft,15.127917,76.804709,06-05-2023,low,open
Tumakuru,Tumakuru City,Tumakuru PS,Land Dispute,13.604564,76.864999,14-06-2024,medium,closed
Chamarajanagar,Kollegal,Rural PS,Cybercrime,11.97305,77.214495,16-05-2023,medium,closed
Vijayapura,Indi,Town PS,Kidnapping,16.619628,75.880289,17-01-2024,low,closed
Dakshina Kannada,Puttur,Traffic PS,Murder,12.953287,75.544045,03-09-2024,low,investigating
Tumakuru,Tiptur,Tiptur PS,Robbery,13.317964,77.091754,27-05-2024,medium,open
Mysuru,Nanjangud,Nanjangud Town PS,Mobile Theft,12.398695,76.765633,28-10-2024,medium,investigating
Shivamogga,Bhadravati,Bhadravati PS,Murder,14.175011,75.518863,28-01-2024,low,investigating
Kodagu,Somwarpet,Kushalnagar PS,Fraud,12.354406,75.989124,06-12-2023,low,open
Kolar,Malur,Rural PS,Cybercrime,12.91332,78.265787,03-05-2024,medium,investigating
Ballari,Sandur,Sandur PS,Theft,14.851703,77.112419,14-02-2024,medium,closed
Dakshina Kannada,Bantwal,Bantwal PS,Cybercrime,13.128509,75.466572,19-11-2023,medium,closed
Udupi,Udupi,Malpe PS,Kidnapping,13.218018,74.5846,10-09-2023,low,investigating
Chamarajanagar,Gundlupet,Gundlupet PS,Theft,11.777176,76.828178,09-05-2023,medium,open
Bengaluru Urban,Koramangala,HSR Layout PS,Kidnapping,12.902129,77.454732,14-07-2023,medium,investigating
Udupi,Kundapura,Gangolli PS,Kidnapping,13.640761,74.664795,27-05-2024,low,closed
Bidar,Bidar City,New Town PS,Kidnapping,17.882491,77.241077,04-06-2024,medium,investigating
Kodagu,Virajpet,Rural PS,Fraud,12.12253,75.665075,15-11-2023,high,closed
Koppal,Koppal City,Traffic PS,Burglary,15.623895,76.018401,03-10-2024,low,investigating
Hassan,Arsikere,Arsikere PS,Fraud,12.960876,76.167475,01-06-2023,low,closed
Ramanagara,Ramanagara,Traffic PS,Robbery,12.417383,77.543352,23-07-2023,medium,open
Hassan,Hassan City,Extension PS,Robbery,13.17086,76.154041,24-01-2024,low,closed
Chikkamagaluru,Tarikere,Tarikere PS,Vehicle Theft,13.113672,75.92679,07-01-2023,low,investigating
Koppal,Gangavathi,Town PS,Vehicle Theft,15.500051,76.188818,10-01-2024,medium,open
Mandya,Mandya,Traffic PS,Land Dispute,12.765536,76.984128,10-06-2024,low,open
Bidar,Bhalki,Rural PS,Chain Snatching,18.154063,77.715182,01-09-2023,low,investigating
Yadgir,Gurmitkal,Rural PS,Fraud,17.003642,77.29832,27-03-2023,low,open
Kodagu,Virajpet,Virajpet PS,Murder,12.13205,75.620203,20-02-2024,medium,investigating
Yadgir,Gurmitkal,Town PS,Murder,16.997074,77.050059,01-06-2024,low,open
Chamarajanagar,Kollegal,Kollegal PS,Robbery,11.857855,76.988103,31-05-2024,low,investigating
Davangere,Honnali,Rural PS,Fraud,14.666848,75.663343,15-12-2024,medium,closed
Tumakuru,Tiptur,Town PS,Mobile Theft,13.328935,77.209329,14-01-2023,medium,open
Hassan,Hassan City,Traffic PS,Robbery,12.947497,76.117842,19-10-2024,low,closed
Ramanagara,Ramanagara,Ramanagara PS,Theft,13.012018,77.406629,03-12-2023,low,investigating
Kodagu,Somwarpet,Rural PS,Assault,12.177428,75.635241,13-04-2024,low,open
Bengaluru Urban,Yelahanka,Attur PS,Assault,13.263882,77.417214,09-03-2024,low,investigating
Udupi,Karkala,Ajekar PS,Drug Offense,13.571063,74.685296,14-03-2024,high,investigating
Kalaburagi,Kalaburagi City,University PS,Murder,17.248296,77.001076,20-04-2023,low,open
Shivamogga,Shivamogga City,Vinobanagar PS,Murder,14.031859,75.307155,18-12-2023,low,open
Chikkaballapura,Sidlaghatta,Sidlaghatta PS,Fraud,13.531105,77.61432,19-11-2024,high,investigating
Dakshina Kannada,Sullia,Sullia PS,Assault,12.987716,75.299276,19-03-2023,medium,investigating
Dakshina Kannada,Sullia,Rural PS,Robbery,13.070371,75.161076,03-08-2023,low,investigating
Vijayapura,Vijayapura City,Traffic PS,Theft,16.607135,75.98296,10-01-2023,low,closed
Ballari,Hospet,Rural PS,Domestic Violence,14.942401,77.105764,17-02-2024,low,investigating
Ramanagara,Ramanagara,Ramanagara PS,Land Dispute,12.716681,77.558171,11-09-2024,medium,closed
Bidar,Bhalki,Town PS,Cybercrime,18.134073,77.564959,06-04-2023,low,closed
Kodagu,Somwarpet,Somwarpet PS,Theft,12.541106,75.79337,31-05-2024,low,open
Mandya,Srirangapatna,Rural PS,Robbery,12.407277,76.831387,01-11-2024,medium,open
Bidar,Bhalki,Rural PS,Domestic Violence,18.085553,77.614683,07-11-2024,medium,closed
Vijayapura,Indi,Town PS,Burglary,16.667275,75.855124,07-10-2023,medium,open
Vijayapura,Vijayapura City,Gandhi Chowk PS,Chain Snatching,16.561428,75.906428,10-03-2024,medium,closed
Mysuru,Mysuru City,Nazarbad PS,Vehicle Theft,12.587938,76.730132,14-02-2023,medium,open
Mandya,Srirangapatna,Srirangapatna PS,Cybercrime,12.413689,76.668002,24-03-2024,high,closed
Mysuru,Hunsur,Bilikere PS,Chain Snatching,12.213562,76.56981,05-10-2024,low,closed
Udupi,Karkala,Karkala PS,Land Dispute,13.422355,74.468684,12-04-2024,low,closed
Chamarajanagar,Gundlupet,Town PS,Domestic Violence,11.640207,77.095201,25-11-2023,medium,open
Chikkaballapura,Sidlaghatta,Rural PS,Cybercrime,13.558954,77.694115,22-06-2024,high,closed
Kalaburagi,Jewargi,Rural PS,Robbery,17.616547,76.611387,31-07-2023,medium,open
Chitradurga,Hosadurga,Rural PS,Mobile Theft,13.987458,76.400656,28-07-2023,low,open
Hubballi-Dharwad,Dharwad,Sub Urban PS,Vehicle Theft,15.165423,75.278437,29-01-2023,medium,investigating
Kolar,Malur,Town PS,Domestic Violence,13.091837,78.229192,21-03-2024,medium,open
Chitradurga,Hiriyur,Hiriyur PS,Drug Offense,14.081715,76.241714,24-03-2023,medium,closed
Tumakuru,Madhugiri,Madhugiri PS,Cybercrime,13.502664,76.828166,10-04-2024,medium,closed
Mysuru,Mysuru City,Nazarbad PS,Chain Snatching,12.103332,76.667071,03-12-2024,medium,investigating
Bidar,Bhalki,Bhalki PS,Chain Snatching,18.063571,77.785921,27-12-2023,medium,investigating
Raichur,Manvi,Manvi PS,Robbery,16.137378,77.296091,27-12-2024,medium,closed
Koppal,Kushtagi,Rural PS,Kidnapping,15.418335,76.315862,30-09-2024,medium,open
Haveri,Ranebennur,Town PS,Burglary,14.720343,75.53861,17-06-2023,low,closed
Bengaluru Urban,Yelahanka,Attur PS,Theft,13.062091,77.409275,22-01-2023,low,open
Tumakuru,Tumakuru City,Traffic PS,Mobile Theft,13.414049,77.057401,29-06-2024,low,closed
Mangaluru,Mangaluru,Mangaluru South PS,Chain Snatching,13.075649,74.569403,19-08-2023,medium,open
Kolar,Bangarapet,Bangarapet PS,Murder,13.291132,77.937683,27-08-2024,low,investigating
Dakshina Kannada,Puttur,Town PS,Burglary,12.794859,75.512034,01-11-2023,high,investigating
Chikkamagaluru,Kadur,Rural PS,Vehicle Theft,13.285411,75.600003,31-01-2023,low,investigating
Mysuru,Nanjangud,Nanjangud Town PS,Mobile Theft,12.298211,76.431833,04-10-2024,low,investigating
Bengaluru Urban,Koramangala,Koramangala PS,Burglary,13.249557,77.366712,16-07-2023,medium,open
Belagavi,Gokak,Traffic PS,Robbery,15.975517,74.643881,03-12-2024,medium,closed
Bengaluru Urban,Koramangala,Koramangala PS,Vehicle Theft,12.974643,77.83177,02-09-2023,medium,investigating
Tumakuru,Madhugiri,Town PS,Assault,13.14112,77.210241,21-08-2023,high,open
Haveri,Savanur,Savanur PS,Murder,14.602296,75.516389,09-05-2024,high,closed
Kolar,Bangarapet,Rural PS,Drug Offense,12.934006,77.913102,03-02-2024,low,investigating
Kolar,Bangarapet,Town PS,Murder,13.174143,78.345958,09-02-2023,medium,closed
Kalaburagi,Kalaburagi City,University PS,Kidnapping,17.463566,76.670141,12-03-2024,low,closed
Bidar,Bidar City,Traffic PS,Drug Offense,18.049452,77.259171,15-12-2023,low,open
Chitradurga,Chitradurga,Traffic PS,Chain Snatching,13.993551,76.237417,10-10-2024,high,closed
Kodagu,Madikeri,Traffic PS,Drug Offense,12.242201,76.043924,04-06-2024,low,closed
Chamarajanagar,Chamarajanagar,Town PS,Assault,11.703207,77.141872,13-02-2023,low,open
Bengaluru Urban,Koramangala,HSR Layout PS,Vehicle Theft,12.751772,77.388791,24-03-2024,low,open
Bengaluru Rural,Nelamangala,Nelamangala PS,Land Dispute,12.936687,77.685688,23-09-2023,low,closed
Raichur,Raichur City,West PS,Vehicle Theft,16.505867,77.58124,21-08-2024,low,closed
Kodagu,Somwarpet,Somwarpet PS,Burglary,12.222845,75.641107,19-10-2023,medium,open
Kodagu,Virajpet,Rural PS,Drug Offense,12.041719,76.009628,03-07-2024,medium,open
Ramanagara,Kanakapura,Town PS,Assault,12.865031,77.165635,13-02-2023,low,closed
Koppal,Gangavathi,Gangavathi PS,Fraud,15.516204,75.953881,21-06-2024,low,investigating
Kodagu,Madikeri,Madikeri PS,Kidnapping,12.629042,75.758679,11-03-2023,high,investigating
Chitradurga,Chitradurga,Chitradurga PS,Mobile Theft,14.416483,76.493056,29-10-2023,low,investigating
Hassan,Sakleshpur,Rural PS,Vehicle Theft,12.966107,76.134389,29-09-2024,low,open
Bengaluru Urban,Koramangala,Koramangala PS,Fraud,12.708418,77.753765,08-09-2024,low,investigating
Bidar,Basavakalyan,Town PS,Domestic Violence,17.833958,77.480449,05-03-2024,low,investigating
Raichur,Sindhanur,Town PS,Assault,16.160265,77.334328,20-05-2023,low,investigating
Udupi,Karkala,Karkala PS,Mobile Theft,13.452479,75.023379,01-07-2024,low,closed
Kolar,Malur,Malur PS,Robbery,13.147886,77.947451,10-09-2024,high,open
Yadgir,Shahapur,Shahapur PS,Theft,16.59526,76.889155,05-01-2024,low,investigating
Bengaluru Urban,Koramangala,HSR Layout PS,Theft,12.697873,77.314911,08-12-2024,low,closed
Ballari,Hospet,Rural PS,Assault,15.303901,76.851962,15-05-2024,low,closed
Kolar,Kolar,Traffic PS,Assault,13.277755,78.204698,21-01-2023,low,open
Gadag,Gadag,Gadag Town PS,Murder,15.622767,75.849306,23-12-2023,low,closed
Koppal,Kushtagi,Town PS,Assault,15.25112,76.127002,14-06-2024,medium,investigating
Hassan,Sakleshpur,Town PS,Cybercrime,12.796605,75.927757,13-09-2024,high,closed
Bengaluru Rural,Nelamangala,Traffic PS,Assault,13.264128,77.494087,23-11-2023,low,investigating
Hassan,Hassan City,Traffic PS,Burglary,13.047412,75.866478,05-04-2024,high,closed
Kalaburagi,Jewargi,Jewargi PS,Kidnapping,17.517587,77.095092,13-01-2024,low,closed
Kodagu,Virajpet,Virajpet PS,Domestic Violence,12.17206,75.840867,29-06-2023,low,closed
Mysuru,Mysuru City,Lakshmipuram PS,Domestic Violence,12.238337,76.47651,30-08-2024,low,investigating
Chamarajanagar,Chamarajanagar,Traffic PS,Vehicle Theft,11.869207,76.903337,06-12-2023,low,investigating
Ramanagara,Magadi,Rural PS,Robbery,12.679816,77.063686,21-08-2023,medium,closed
Chikkaballapura,Bagepalli,Town PS,Theft,13.625673,78.019103,11-09-2024,low,open
Uttara Kannada,Sirsi,Sirsi PS,Mobile Theft,14.642558,74.832175,22-08-2024,medium,closed
Ballari,Ballari City,Brucepet PS,Assault,14.85146,77.029512,21-11-2024,medium,investigating
Yadgir,Yadgir City,Yadgir PS,Kidnapping,16.838292,77.21537,02-06-2023,high,open
Davangere,Davangere City,Davangere PS,Fraud,14.417615,76.10238,12-09-2023,high,investigating
Bengaluru Rural,Devanahalli,Airport PS,Assault,13.143096,77.494212,21-02-2023,low,investigating
Chamarajanagar,Gundlupet,Gundlupet PS,Domestic Violence,11.668742,77.098863,09-11-2024,low,closed
Hassan,Sakleshpur,Rural PS,Fraud,12.867315,75.946069,02-07-2023,low,investigating
Mandya,Mandya,Mandya PS,Burglary,12.452871,76.895804,26-07-2023,medium,closed
Shivamogga,Bhadravati,Old Town PS,Vehicle Theft,13.961478,75.625671,28-09-2024,medium,investigating
Shivamogga,Sagara,Rural PS,Cybercrime,14.005689,75.681538,24-07-2023,high,investigating
Tumakuru,Madhugiri,Town PS,Vehicle Theft,13.301174,77.131971,30-09-2023,high,closed
Hubballi-Dharwad,Hubballi,Vidyanagar PS,Assault,15.293603,75.136735,24-08-2023,medium,investigating
Gadag,Ron,Ron PS,Land Dispute,15.380725,75.481061,29-09-2024,medium,investigating
Bengaluru Urban,Koramangala,Koramangala PS,Kidnapping,13.215579,77.740468,06-08-2024,high,investigating
Tumakuru,Tiptur,Tiptur PS,Domestic Violence,13.536441,77.295544,26-10-2023,high,open
Belagavi,Belagavi City,Belagavi PS,Burglary,16.139854,74.342446,20-01-2023,low,closed
Hubballi-Dharwad,Navanagar,Navanagar PS,Drug Offense,15.221261,74.92696,27-10-2024,medium,investigating
Bengaluru Urban,Koramangala,Madiwala PS,Fraud,12.919055,77.732677,04-07-2024,medium,investigating
Tumakuru,Madhugiri,Madhugiri PS,Murder,13.572169,76.935238,20-09-2023,medium,closed
Dakshina Kannada,Sullia,Rural PS,Domestic Violence,13.044198,75.356161,25-06-2024,medium,closed
Tumakuru,Madhugiri,Rural PS,Theft,13.107772,76.825154,04-11-2023,medium,closed
Mandya,Srirangapatna,Town PS,Vehicle Theft,12.373922,76.630308,24-02-2024,low,open
Belagavi,Belagavi City,Tilakwadi PS,Theft,16.035302,74.780219,15-02-2024,medium,open
Chikkamagaluru,Chikkamagaluru City,Traffic PS,Domestic Violence,13.131824,75.634768,13-03-2023,low,investigating
Tumakuru,Tumakuru City,New Extension PS,Assault,13.272873,77.043408,21-07-2024,medium,open
Uttara Kannada,Bhatkal,Bhatkal PS,Chain Snatching,14.573617,74.507111,10-09-2024,high,open
Chamarajanagar,Kollegal,Town PS,Fraud,11.652627,76.796353,30-07-2023,low,investigating
Kolar,Malur,Malur PS,Mobile Theft,13.344531,78.278348,15-11-2023,low,investigating
Gadag,Mundargi,Rural PS,Land Dispute,15.518447,75.767106,04-08-2024,high,investigating
Bengaluru Rural,Devanahalli,Devanahalli PS,Chain Snatching,13.385134,77.604239,08-10-2024,high,closed
Mangaluru,Mangaluru,Mangaluru South PS,Vehicle Theft,12.682993,74.821584,18-12-2024,medium,closed
Chikkamagaluru,Chikkamagaluru City,Traffic PS,Kidnapping,13.03032,76.03072,09-08-2023,low,closed
Mandya,Mandya,Mandya PS,Chain Snatching,12.304285,76.931088,19-12-2024,medium,open
Chitradurga,Hosadurga,Hosadurga PS,Land Dispute,14.00749,76.259286,12-06-2023,low,open
Belagavi,Belagavi City,Market PS,Vehicle Theft,16.004484,74.360226,02-10-2024,medium,open
Mangaluru,Ullal,Konaje PS,Land Dispute,13.178966,74.913031,04-01-2023,low,closed
Chitradurga,Hiriyur,Hiriyur PS,Mobile Theft,13.967299,76.400158,02-06-2023,high,closed
Bidar,Bidar City,New Town PS,Fraud,17.941274,77.602379,14-08-2024,low,open
Haveri,Savanur,Town PS,Burglary,14.662556,75.17767,15-12-2024,medium,closed
Mandya,Maddur,Rural PS,Domestic Violence,12.750874,76.917319,15-08-2023,low,closed
Udupi,Udupi,Manipal PS,Fraud,13.331669,74.75377,26-09-2024,high,closed
Gadag,Ron,Rural PS,Murder,15.349302,75.814165,30-11-2023,low,closed
Gadag,Ron,Town PS,Assault,15.475537,75.441892,04-03-2024,low,investigating
Uttara Kannada,Bhatkal,Town PS,Theft,14.857994,74.719693,28-04-2024,low,open
Gadag,Ron,Rural PS,Chain Snatching,15.528633,75.425051,24-01-2024,low,closed
Mangaluru,Ullal,Kotekar PS,Domestic Violence,12.99643,74.622949,29-12-2024,low,investigating
Shivamogga,Shivamogga City,Traffic PS,Assault,13.753124,75.322594,02-12-2024,low,investigating
Bengaluru Urban,Koramangala,HSR Layout PS,Burglary,13.072969,77.653503,01-11-2023,low,open
Davangere,Davangere City,Davangere PS,Cybercrime,14.683458,75.88846,11-07-2023,medium,investigating
Koppal,Kushtagi,Town PS,Cybercrime,15.170634,76.181371,23-03-2024,medium,investigating
Kalaburagi,Sedam,Rural PS,Land Dispute,17.323114,76.542894,14-07-2024,medium,open
Kalaburagi,Sedam,Sedam PS,Robbery,17.280837,76.907142,21-06-2023,low,closed
Chikkaballapura,Sidlaghatta,Town PS,Mobile Theft,13.471999,77.459568,03-04-2023,medium,investigating
Raichur,Manvi,Town PS,Drug Offense,15.940822,77.31487,07-05-2023,low,closed
Tumakuru,Tiptur,Tiptur PS,Theft,13.355565,77.003313,07-04-2023,medium,open
Bengaluru Rural,Doddaballapura,Town PS,Kidnapping,13.265371,77.720122,23-06-2023,low,closed
Udupi,Udupi,Manipal PS,Murder,13.124598,74.494712,03-10-2023,low,investigating
Bengaluru Rural,Devanahalli,Vijayapura PS,Robbery,13.467052,77.253275,13-10-2024,low,investigating
Haveri,Ranebennur,Ranebennur PS,Assault,14.832197,75.656681,20-02-2024,low,open
Bengaluru Urban,Whitefield,Whitefield PS,Domestic Violence,13.252582,77.777825,12-01-2023,medium,closed
Raichur,Manvi,Town PS,Fraud,15.975569,77.276194,20-09-2024,medium,open
Bengaluru Urban,Yelahanka,Attur PS,Cybercrime,13.232288,77.574223,08-12-2023,low,open
Chikkamagaluru,Tarikere,Lakkavalli PS,Mobile Theft,13.04455,75.893025,19-06-2024,low,closed
Udupi,Udupi,Udupi Town PS,Burglary,13.591348,74.704074,29-10-2024,medium,investigating
Chikkaballapura,Bagepalli,Bagepalli PS,Domestic Violence,13.17448,77.543378,05-09-2024,medium,open
Kodagu,Virajpet,Virajpet PS,Murder,12.414674,75.95213,12-01-2023,high,closed
Bengaluru Rural,Devanahalli,Devanahalli PS,Kidnapping,13.028147,77.262565,17-10-2024,high,investigating
Kalaburagi,Kalaburagi City,Brahmapur PS,Theft,17.080761,76.61374,08-08-2024,low,closed
Chitradurga,Hiriyur,Rural PS,Murder,14.182649,76.434993,10-11-2023,low,closed
Chitradurga,Hiriyur,Rural PS,Cybercrime,14.438559,76.240976,23-01-2024,low,closed
Gadag,Mundargi,Rural PS,Kidnapping,15.429095,75.582726,30-01-2024,high,investigating
Bengaluru Rural,Doddaballapura,Rural PS,Murder,13.010554,77.280243,29-12-2024,high,investigating
Hassan,Hassan City,Hassan PS,Chain Snatching,13.027123,76.104376,02-08-2024,high,closed
Mysuru,Hunsur,Rural PS,Robbery,12.080324,76.476691,27-05-2024,low,closed
Chikkaballapura,Sidlaghatta,Town PS,Land Dispute,13.437326,77.734917,17-06-2024,low,closed
Davangere,Davangere City,Traffic PS,Domestic Violence,14.348097,76.161916,04-11-2024,medium,open
Uttara Kannada,Bhatkal,Bhatkal PS,Cybercrime,14.855747,74.600404,22-06-2023,medium,investigating
Mysuru,Nanjangud,Rural PS,Land Dispute,12.275094,76.416604,02-09-2024,low,closed
Vijayapura,Sindagi,Sindagi PS,Domestic Violence,16.659411,75.960976,07-01-2023,medium,investigating
Bengaluru Urban,Whitefield,Varthur PS,Mobile Theft,12.681532,77.777694,24-09-2024,medium,investigating
Chitradurga,Hosadurga,Hosadurga PS,Domestic Violence,14.129477,76.588703,01-11-2023,medium,closed
Yadgir,Shahapur,Rural PS,Vehicle Theft,16.589264,76.888104,29-10-2023,low,open
Chamarajanagar,Chamarajanagar,Chamarajanagar PS,Murder,11.951058,76.978511,30-12-2023,low,closed
Chitradurga,Chitradurga,Town PS,Drug Offense,14.020744,76.570775,01-01-2023,low,closed
Ballari,Ballari City,Ballari PS,Murder,15.250304,76.661431,21-09-2024,high,closed
Kalaburagi,Jewargi,Rural PS,Mobile Theft,17.391361,76.744474,22-06-2024,low,investigating
Chamarajanagar,Kollegal,Kollegal PS,Domestic Violence,12.198561,76.838171,08-03-2024,low,open
Ballari,Ballari City,Brucepet PS,Robbery,15.375424,76.846075,29-07-2024,low,open
Koppal,Kushtagi,Kushtagi PS,Burglary,15.64514,76.178528,17-02-2023,low,closed
Kolar,Malur,Town PS,Burglary,13.308702,78.254983,22-08-2024,medium,open
Kalaburagi,Jewargi,Jewargi PS,Murder,17.069502,76.802441,25-01-2023,low,closed
Hubballi-Dharwad,Navanagar,Navanagar PS,Murder,15.546147,74.885745,16-05-2024,medium,closed
Mangaluru,Ullal,Ullal PS,Kidnapping,12.701025,74.768715,03-10-2023,low,open
Davangere,Harihar,Town PS,Kidnapping,14.416944,75.826092,18-02-2023,low,closed
Mysuru,Nanjangud,Rural PS,Assault,12.19681,76.390154,13-08-2023,medium,closed
Udupi,Kundapura,Byndoor PS,Robbery,13.258636,74.504103,20-10-2023,high,open
Mangaluru,Mangaluru,Mangaluru North PS,Robbery,13.193343,74.610383,25-06-2024,medium,closed
Udupi,Karkala,Karkala PS,Burglary,13.43766,74.88944,12-12-2024,high,open
Chitradurga,Chitradurga,Town PS,Mobile Theft,14.03283,76.125908,18-03-2024,low,open
Chitradurga,Hosadurga,Rural PS,Murder,14.172288,76.689831,26-05-2024,medium,open
Kodagu,Madikeri,Traffic PS,Robbery,12.125896,75.97859,14-12-2023,low,investigating
Mangaluru,Surathkal,Panambur PS,Theft,12.797289,74.929928,26-02-2023,low,closed
Yadgir,Shahapur,Town PS,Murder,16.988721,77.316371,16-12-2024,low,closed
Belagavi,Gokak,Gokak Town PS,Assault,16.064112,74.334605,07-12-2023,low,open
Kolar,Kolar,Town PS,Domestic Violence,12.993342,78.189206,21-09-2024,low,open
Chitradurga,Hiriyur,Rural PS,Chain Snatching,14.270623,76.137508,20-11-2023,medium,open
Udupi,Udupi,Udupi Town PS,Burglary,13.199755,74.698146,07-09-2024,medium,open
Uttara Kannada,Karwar,Traffic PS,Chain Snatching,14.52951,74.917574,30-11-2024,medium,investigating
Raichur,Raichur City,Traffic PS,Assault,16.50584,77.537093,01-06-2024,medium,open
Gadag,Gadag,Betageri PS,Vehicle Theft,15.682324,75.870695,08-02-2024,medium,investigating
Vijayapura,Indi,Rural PS,Assault,17.075676,75.647589,13-03-2023,medium,investigating
Shivamogga,Sagara,Sagara PS,Kidnapping,14.198634,75.336351,23-06-2024,medium,investigating
Vijayapura,Indi,Town PS,Domestic Violence,16.610177,75.457323,10-07-2024,low,investigating
Udupi,Kundapura,Kundapura PS,Kidnapping,13.328845,74.44308,09-09-2023,low,investigating
Hassan,Arsikere,Arsikere PS,Cybercrime,12.811929,76.25324,09-06-2023,low,investigating
Davangere,Honnali,Honnali PS,Fraud,14.53995,75.631235,04-05-2024,high,closed
Bengaluru Urban,Koramangala,Koramangala PS,Assault,13.176765,77.619164,07-09-2023,low,investigating
Gadag,Gadag,Betageri PS,Drug Offense,15.122352,75.797039,24-10-2024,medium,open
Tumakuru,Tumakuru City,New Extension PS,Domestic Violence,13.6104,76.946244,15-04-2024,medium,closed
Chikkamagaluru,Tarikere,Rural PS,Cybercrime,13.064239,75.613233,04-03-2023,low,open
Mandya,Srirangapatna,Town PS,Cybercrime,12.784783,76.869737,17-06-2023,high,investigating
Udupi,Kundapura,Kundapura PS,Burglary,13.206452,74.616988,05-12-2024,low,open
Mysuru,Nanjangud,Nanjangud Town PS,Drug Offense,12.485628,76.847483,10-05-2023,low,open
Davangere,Honnali,Nyamathi PS,Drug Offense,14.331022,75.712351,26-08-2023,medium,closed
Belagavi,Belagavi City,Tilakwadi PS,Chain Snatching,16.010567,74.361457,26-09-2024,low,open
Kalaburagi,Kalaburagi City,Brahmapur PS,Domestic Violence,17.195442,76.680261,23-02-2024,low,investigating
Ramanagara,Ramanagara,Ramanagara PS,Mobile Theft,12.901251,77.484858,19-03-2023,medium,closed
Kalaburagi,Jewargi,Rural PS,Mobile Theft,17.476493,76.933476,06-02-2023,low,closed
Kodagu,Somwarpet,Rural PS,Cybercrime,12.253518,75.855523,14-06-2024,medium,closed
Ballari,Sandur,Rural PS,Land Dispute,14.878926,76.860832,26-04-2024,medium,open
Shivamogga,Sagara,Anandapura PS,Vehicle Theft,13.863856,75.683547,23-06-2023,medium,investigating
Koppal,Kushtagi,Rural PS,Theft,15.623797,76.377473,27-04-2024,low,investigating
Ballari,Ballari City,Cowl Bazaar PS,Cybercrime,15.097626,77.022636,25-12-2024,medium,investigating
Bidar,Bhalki,Rural PS,Domestic Violence,17.943547,77.291115,03-10-2024,low,open
Koppal,Gangavathi,Gangavathi PS,Cybercrime,15.217607,75.934228,30-06-2023,low,open
Vijayapura,Indi,Indi PS,Theft,16.733049,75.611798,28-03-2023,low,closed
Kodagu,Virajpet,Virajpet PS,Mobile Theft,12.502749,76.042504,12-03-2024,low,closed
Kolar,Malur,Rural PS,Burglary,12.838462,78.25367,17-02-2023,low,closed
Haveri,Savanur,Town PS,Chain Snatching,14.96091,75.392359,14-04-2023,medium,investigating
Bengaluru Urban,Whitefield,Varthur PS,Theft,12.974424,77.567901,27-01-2023,medium,investigating
Shivamogga,Bhadravati,Paper Town PS,Vehicle Theft,13.943543,75.69347,06-05-2023,medium,closed
Davangere,Honnali,Rural PS,Murder,14.45653,76.114046,16-03-2024,low,open
Kodagu,Madikeri,Madikeri PS,Burglary,12.381067,75.677271,15-08-2023,low,investigating
Mangaluru,Mangaluru,Mangaluru South PS,Cybercrime,12.723433,75.092184,10-09-2023,high,open
Bidar,Bhalki,Rural PS,Drug Offense,17.987565,77.645186,21-04-2023,low,investigating
Chitradurga,Hosadurga,Town PS,Murder,14.224659,76.357957,16-05-2024,medium,open
Dakshina Kannada,Sullia,Town PS,Assault,13.036216,75.507039,02-11-2023,low,open
Bidar,Bidar City,Traffic PS,Cybercrime,18.072632,77.712191,15-03-2024,low,open
Shivamogga,Shivamogga City,Traffic PS,Domestic Violence,13.75127,75.277927,09-05-2023,low,open
Mandya,Srirangapatna,Srirangapatna PS,Domestic Violence,12.548345,76.750086,01-02-2024,low,investigating
Dakshina Kannada,Puttur,Puttur PS,Drug Offense,12.617466,75.464654,11-07-2023,low,open
Mandya,Srirangapatna,Rural PS,Theft,12.523517,76.997787,12-02-2024,low,open
Hassan,Arsikere,Rural PS,Chain Snatching,12.805596,75.905992,06-06-2023,low,investigating
Haveri,Ranebennur,Ranebennur PS,Cybercrime,15.033734,75.373428,12-09-2023,low,open
Raichur,Sindhanur,Sindhanur PS,Land Dispute,16.161557,77.115091,11-01-2024,medium,closed
Tumakuru,Tumakuru City,Tumakuru PS,Theft,13.486714,77.134558,17-12-2024,high,closed
Udupi,Udupi,Malpe PS,Kidnapping,13.615126,74.557611,29-01-2023,medium,investigating
Mandya,Mandya,Traffic PS,Mobile Theft,12.772894,76.680718,09-09-2023,medium,open
Vijayapura,Vijayapura City,Gandhi Chowk PS,Domestic Violence,16.617292,75.495545,29-01-2024,low,investigating
Ballari,Ballari City,Cowl Bazaar PS,Murder,15.274984,76.800891,25-06-2023,low,open
Shivamogga,Bhadravati,Old Town PS,Kidnapping,13.830074,75.3321,31-05-2024,low,investigating
Chikkaballapura,Chikkaballapura,Traffic PS,Drug Offense,13.651582,78.003442,23-05-2024,medium,open
Gadag,Mundargi,Town PS,Fraud,15.292088,75.568678,19-09-2023,high,open
Chitradurga,Hosadurga,Rural PS,Land Dispute,14.520482,76.53806,15-08-2023,low,investigating
Ramanagara,Magadi,Rural PS,Kidnapping,12.895452,77.502887,04-12-2024,medium,open
Gadag,Mundargi,Town PS,Vehicle Theft,15.440375,75.613971,08-02-2024,medium,closed
Vijayapura,Vijayapura City,Gandhi Chowk PS,Kidnapping,16.640683,75.562467,09-03-2023,low,open
Tumakuru,Tumakuru City,Traffic PS,Drug Offense,13.251682,77.410943,11-03-2024,medium,closed
Bidar,Basavakalyan,Town PS,Land Dispute,17.619082,77.475406,24-05-2023,high,closed
Yadgir,Shahapur,Shahapur PS,Cybercrime,16.935238,76.89762,14-02-2024,high,investigating
Koppal,Kushtagi,Rural PS,Vehicle Theft,15.440993,76.253768,27-04-2023,medium,closed
Hassan,Arsikere,Town PS,Murder,13.158394,75.815962,26-10-2023,medium,open
Mandya,Mandya,Mandya PS,Robbery,12.29189,76.880408,24-08-2024,medium,open
Mandya,Maddur,Town PS,Theft,12.541691,76.885094,09-10-2024,low,closed
Chamarajanagar,Kollegal,Town PS,Murder,11.953976,77.223641,28-08-2024,medium,investigating
Raichur,Raichur City,West PS,Domestic Violence,16.156314,77.623995,21-09-2024,low,investigating
Kalaburagi,Jewargi,Rural PS,Robbery,17.298069,77.113421,05-06-2023,high,investigating
Kalaburagi,Jewargi,Jewargi PS,Burglary,17.070107,77.134256,02-08-2024,medium,open
Haveri,Haveri,Haveri PS,Kidnapping,14.599242,75.67864,17-08-2023,low,open
Belagavi,Chikodi,Rural PS,Domestic Violence,15.852377,74.41065,18-10-2024,low,open
Bengaluru Urban,Koramangala,HSR Layout PS,Assault,13.066623,77.334924,08-06-2023,low,closed
Ramanagara,Kanakapura,Kanakapura PS,Vehicle Theft,12.833524,77.428363,10-11-2024,medium,closed
Hassan,Sakleshpur,Town PS,Theft,12.807089,76.335482,12-03-2023,high,open
Davangere,Davangere City,KTJ Nagar PS,Cybercrime,14.345713,76.039751,25-02-2024,medium,closed
Raichur,Raichur City,West PS,Burglary,16.415431,77.070239,02-03-2023,high,open
Chitradurga,Hiriyur,Town PS,Vehicle Theft,14.444582,76.233087,25-05-2024,medium,investigating
Hubballi-Dharwad,Hubballi,Keshwapur PS,Chain Snatching,15.509121,74.906668,08-02-2024,high,investigating
Gadag,Gadag,Traffic PS,Kidnapping,15.547916,75.55193,01-03-2024,low,investigating
Kolar,Malur,Malur PS,Domestic Violence,13.011841,77.973387,19-04-2023,low,investigating
Kodagu,Virajpet,Town PS,Land Dispute,12.516209,76.09381,12-03-2024,medium,investigating
Mangaluru,Surathkal,Panambur PS,Burglary,12.669105,74.813983,13-01-2024,high,closed
Haveri,Savanur,Savanur PS,Mobile Theft,15.049638,75.643265,09-08-2023,high,open
Mysuru,Nanjangud,Traffic PS,Assault,12.244006,76.581504,14-02-2024,low,investigating
Chikkaballapura,Sidlaghatta,Rural PS,Drug Offense,13.342813,77.786084,16-08-2024,medium,closed
Haveri,Savanur,Savanur PS,Land Dispute,14.617341,75.129501,13-08-2024,low,open
Davangere,Harihar,Town PS,Drug Offense,14.680892,75.926312,22-04-2024,low,investigating
Ramanagara,Kanakapura,Town PS,Assault,12.72834,77.45399,16-06-2024,high,open
Hassan,Sakleshpur,Sakleshpur PS,Domestic Violence,12.799939,76.228444,25-06-2024,high,investigating
Hassan,Sakleshpur,Rural PS,Theft,13.292395,75.922709,10-09-2024,low,investigating
Chitradurga,Chitradurga,Chitradurga PS,Domestic Violence,13.958183,76.424938,15-08-2024,medium,closed
Chamarajanagar,Chamarajanagar,Traffic PS,Burglary,11.781443,77.034256,01-06-2023,high,closed
Ballari,Sandur,Rural PS,Robbery,15.425265,76.705673,26-10-2024,low,closed
Tumakuru,Tumakuru City,Tumakuru PS,Theft,13.40834,77.003765,24-12-2023,low,closed
Bengaluru Rural,Nelamangala,Nelamangala PS,Domestic Violence,13.481709,77.357818,31-05-2023,high,open
Davangere,Davangere City,Traffic PS,Cybercrime,14.544499,75.815599,17-07-2024,low,investigating
Ballari,Sandur,Toranagallu PS,Cybercrime,15.025481,77.160835,29-03-2023,medium,investigating
Chikkaballapura,Bagepalli,Town PS,Robbery,13.728917,77.841682,04-07-2024,high,open
Shivamogga,Bhadravati,Paper Town PS,Burglary,13.654617,75.736009,20-06-2023,low,closed
Mangaluru,Surathkal,Surathkal PS,Fraud,13.123409,74.860155,19-10-2023,high,closed
Hubballi-Dharwad,Hubballi,Vidyanagar PS,Chain Snatching,15.485726,75.23304,24-03-2024,low,investigating
Belagavi,Chikodi,Chikodi PS,Kidnapping,16.026471,74.306601,27-03-2023,high,open
Koppal,Koppal City,Koppal PS,Murder,15.628794,76.354367,11-04-2024,medium,closed
Yadgir,Gurmitkal,Rural PS,Cybercrime,16.837023,77.060101,25-12-2023,low,open
Chikkaballapura,Chikkaballapura,Chikkaballapura PS,Fraud,13.185246,77.534593,15-10-2024,medium,open
Kalaburagi,Jewargi,Rural PS,Domestic Violence,17.458438,76.89206,08-08-2023,medium,investigating
Kodagu,Somwarpet,Rural PS,Land Dispute,12.3911,75.77364,24-04-2023,high,investigating
Koppal,Koppal City,Koppal PS,Kidnapping,15.294263,76.350909,04-02-2024,medium,investigating
Hubballi-Dharwad,Hubballi,Keshwapur PS,Kidnapping,15.518858,75.172648,10-04-2024,medium,closed
Uttara Kannada,Karwar,Karwar Town PS,Vehicle Theft,14.995474,74.39489,26-09-2024,low,open
Koppal,Kushtagi,Kushtagi PS,Kidnapping,15.36883,76.412415,15-10-2024,low,open
Kodagu,Madikeri,Traffic PS,Mobile Theft,12.576165,75.944351,09-01-2024,high,closed
Raichur,Manvi,Manvi PS,Cybercrime,16.346469,77.078585,20-05-2024,low,open
Hubballi-Dharwad,Navanagar,Navanagar PS,Assault,15.065443,75.153473,16-04-2023,low,closed
Kodagu,Virajpet,Town PS,Burglary,12.503924,75.845763,25-04-2024,low,closed
Yadgir,Yadgir City,Town PS,Theft,16.807972,77.110875,20-11-2024,medium,investigating
Mysuru,Mysuru City,Lakshmipuram PS,Cybercrime,12.594451,76.84981,10-02-2023,high,closed
Chitradurga,Hosadurga,Town PS,Robbery,14.172972,76.376574,02-11-2024,high,closed
Chitradurga,Hosadurga,Hosadurga PS,Chain Snatching,14.137156,76.556103,05-07-2024,low,closed
Ramanagara,Kanakapura,Town PS,Mobile Theft,12.966037,77.540569,28-07-2024,low,investigating
Chitradurga,Hiriyur,Town PS,Mobile Theft,14.281526,76.289187,21-06-2023,low,open
Chikkaballapura,Sidlaghatta,Sidlaghatta PS,Robbery,13.369135,77.73089,03-11-2023,medium,investigating
Kolar,Malur,Rural PS,Vehicle Theft,13.045114,77.966228,19-12-2023,low,closed
Kolar,Malur,Rural PS,Theft,13.211427,78.098478,25-07-2024,high,investigating
Mysuru,Hunsur,Rural PS,Robbery,12.141339,76.546952,06-02-2023,medium,closed
Belagavi,Belagavi City,Tilakwadi PS,Murder,15.629283,74.578709,16-10-2023,low,closed
Gadag,Ron,Town PS,Domestic Violence,15.449312,75.414565,20-09-2024,low,investigating
Kodagu,Virajpet,Rural PS,Theft,12.541645,75.717312,13-09-2023,medium,investigating
Bengaluru Urban,Yelahanka,Yelahanka New Town PS,Kidnapping,12.971275,77.779783,21-02-2024,low,closed
Mangaluru,Surathkal,Surathkal PS,Murder,12.654524,74.713106,27-09-2023,medium,open
Vijayapura,Sindagi,Sindagi PS,Cybercrime,16.693849,75.568357,26-08-2024,low,closed
Bengaluru Urban,Whitefield,Varthur PS,Vehicle Theft,12.977041,77.601115,05-11-2024,low,investigating
Shivamogga,Sagara,Anandapura PS,Mobile Theft,13.905598,75.360201,05-05-2024,high,investigating
Tumakuru,Tumakuru City,Tumakuru PS,Drug Offense,13.355129,77.018117,31-08-2023,medium,closed
Kalaburagi,Jewargi,Rural PS,Assault,17.042909,76.665014,09-06-2024,medium,investigating
Davangere,Honnali,Nyamathi PS,Domestic Violence,14.305661,75.835143,30-07-2024,medium,investigating
Chikkamagaluru,Kadur,Rural PS,Mobile Theft,13.378988,75.544129,04-04-2024,low,investigating
Chikkaballapura,Chikkaballapura,Traffic PS,Fraud,13.395315,77.778081,16-07-2024,medium,open
Hubballi-Dharwad,Navanagar,Town PS,Assault,15.070016,75.368362,19-06-2023,high,investigating
Tumakuru,Madhugiri,Madhugiri PS,Land Dispute,13.605062,76.993841,10-06-2023,low,closed
Chikkaballapura,Sidlaghatta,Town PS,Burglary,13.596153,77.860838,25-11-2024,medium,open
Vijayapura,Sindagi,Town PS,Fraud,16.755575,75.712846,30-09-2024,low,investigating
Gadag,Mundargi,Mundargi PS,Kidnapping,15.541881,75.551081,20-11-2024,low,open
Hassan,Hassan City,Traffic PS,Cybercrime,13.279786,76.343166,06-05-2023,high,closed
Bengaluru Rural,Devanahalli,Vijayapura PS,Drug Offense,13.236305,77.461967,26-06-2024,low,closed
Yadgir,Yadgir City,Yadgir PS,Vehicle Theft,16.68784,76.88182,08-09-2023,medium,open
Dakshina Kannada,Bantwal,Bantwal PS,Fraud,12.814027,75.457934,27-04-2023,medium,open
Vijayapura,Sindagi,Town PS,Burglary,16.597767,75.926737,02-10-2024,medium,closed
Kodagu,Madikeri,Rural PS,Murder,12.223615,75.606681,03-07-2023,low,closed
Koppal,Kushtagi,Town PS,Kidnapping,15.406984,76.378613,11-02-2023,low,investigating
Gadag,Ron,Town PS,Land Dispute,15.174273,75.545676,06-05-2024,low,closed
Ballari,Hospet,Rural PS,Theft,14.889358,76.997824,21-01-2023,low,open
Hassan,Sakleshpur,Rural PS,Assault,12.933149,76.288102,11-03-2024,low,open
Shivamogga,Sagara,Sagara PS,Murder,14.173261,75.438054,12-09-2023,low,investigating
Koppal,Koppal City,Town PS,Murder,15.19223,76.353712,20-03-2023,low,closed
Mysuru,Hunsur,Hunsur PS,Chain Snatching,12.080961,76.558788,10-01-2023,low,open
Dakshina Kannada,Puttur,Town PS,Vehicle Theft,13.009985,75.282768,05-07-2023,medium,investigating
Bengaluru Rural,Doddaballapura,Rural PS,Theft,13.486007,77.26815,12-03-2023,medium,closed
Hassan,Sakleshpur,Rural PS,Chain Snatching,12.788427,76.253703,06-05-2024,low,closed
Raichur,Manvi,Manvi PS,Fraud,16.008749,77.358754,28-01-2023,medium,open
Gadag,Ron,Ron PS,Fraud,15.663572,75.911527,02-09-2023,high,investigating
Bidar,Bidar City,New Town PS,Cybercrime,17.914171,77.343133,30-06-2024,high,investigating
Kalaburagi,Sedam,Sedam PS,Land Dispute,17.3591,76.706293,27-01-2024,medium,investigating
Tumakuru,Tumakuru City,Traffic PS,Cybercrime,13.62416,77.245398,26-05-2024,low,open
Chikkaballapura,Bagepalli,Bagepalli PS,Robbery,13.664701,77.971363,15-10-2023,medium,open
Mangaluru,Mangaluru,Mangaluru North PS,Murder,12.819562,74.597701,23-06-2023,low,investigating
Kodagu,Somwarpet,Rural PS,Drug Offense,12.56603,75.744805,10-09-2023,low,investigating
Ballari,Ballari City,Brucepet PS,Fraud,15.329551,77.200911,01-02-2023,low,closed
Hassan,Arsikere,Town PS,Chain Snatching,12.945666,76.350311,16-07-2024,medium,closed
Hassan,Sakleshpur,Sakleshpur PS,Vehicle Theft,13.178773,76.012056,12-10-2023,medium,investigating
Mangaluru,Surathkal,Mulki PS,Kidnapping,12.711785,74.769107,23-12-2023,high,open
Udupi,Udupi,Udupi Town PS,Mobile Theft,13.595927,74.640621,24-08-2024,medium,open
Udupi,Kundapura,Gangolli PS,Drug Offense,13.563367,74.922098,15-11-2024,low,closed
Bidar,Bhalki,Bhalki PS,Domestic Violence,17.773135,77.466833,23-03-2024,low,open
Tumakuru,Tiptur,Tiptur PS,Drug Offense,13.148998,77.315374,04-01-2023,medium,investigating
Raichur,Raichur City,Raichur PS,Domestic Violence,16.007112,77.07858,04-04-2023,high,open
Chikkaballapura,Sidlaghatta,Sidlaghatta PS,Robbery,13.66534,77.866598,12-01-2023,high,closed
Bengaluru Urban,Yelahanka,Yelahanka PS,Burglary,13.199619,77.664554,11-06-2023,medium,investigating
Bengaluru Urban,Whitefield,Whitefield PS,Drug Offense,12.981501,77.494102,05-01-2024,medium,investigating
Chitradurga,Hiriyur,Rural PS,Domestic Violence,14.236761,76.504779,11-04-2023,low,closed
Dakshina Kannada,Puttur,Town PS,Robbery,12.588404,75.267876,22-12-2024,low,closed
Vijayapura,Indi,Indi PS,Mobile Theft,16.966011,75.547566,03-10-2023,high,investigating
Shivamogga,Sagara,Anandapura PS,Vehicle Theft,13.676245,75.606413,13-10-2023,medium,closed
Belagavi,Belagavi City,Tilakwadi PS,Kidnapping,15.771892,74.329284,11-06-2024,medium,open
Chikkamagaluru,Kadur,Kadur PS,Drug Offense,13.220418,75.619049,03-07-2024,low,closed
Mysuru,Nanjangud,Rural PS,Domestic Violence,12.488453,76.475989,24-02-2024,medium,open
Koppal,Kushtagi,Town PS,Theft,15.609121,76.032164,29-07-2024,high,open
Hubballi-Dharwad,Navanagar,Town PS,Vehicle Theft,15.574672,75.378517,01-10-2023,medium,investigating
Kalaburagi,Sedam,Town PS,Drug Offense,17.360836,76.970533,19-11-2024,low,open
Kalaburagi,Kalaburagi City,Brahmapur PS,Domestic Violence,17.469134,76.610119,22-09-2023,low,closed
Davangere,Honnali,Honnali PS,Burglary,14.72217,76.017334,30-07-2024,high,open
Raichur,Sindhanur,Rural PS,Assault,16.216716,77.377887,21-04-2024,low,closed
Bengaluru Rural,Doddaballapura,Doddaballapura PS,Vehicle Theft,13.432408,77.480737,09-06-2024,medium,closed
Yadgir,Shahapur,Rural PS,Domestic Violence,16.535249,77.049624,30-12-2023,medium,closed
Udupi,Karkala,Karkala PS,Chain Snatching,13.128406,74.915919,03-02-2024,medium,closed
Kalaburagi,Jewargi,Rural PS,Burglary,17.398502,76.923325,20-10-2024,low,investigating
Kalaburagi,Jewargi,Yadrami PS,Mobile Theft,17.529377,77.08474,25-09-2023,medium,closed
Tumakuru,Tiptur,Rural PS,Robbery,13.134066,77.001665,27-02-2024,low,investigating
Bengaluru Urban,Yelahanka,Attur PS,Kidnapping,13.109311,77.555673,06-05-2023,low,closed
Ramanagara,Ramanagara,Ramanagara PS,Land Dispute,12.418704,77.069946,29-02-2024,medium,open
Raichur,Manvi,Rural PS,Murder,16.189106,77.204473,14-09-2023,low,open
Ramanagara,Ramanagara,Town PS,Fraud,12.777098,77.24833,02-03-2023,medium,investigating
Kolar,Malur,Town PS,Cybercrime,13.423708,78.006327,07-05-2024,low,open
Belagavi,Gokak,Gokak Town PS,Land Dispute,15.933694,74.373703,15-01-2023,low,open
Kolar,Bangarapet,Bangarapet PS,Cybercrime,13.403107,78.06165,12-05-2024,low,investigating
Hassan,Sakleshpur,Town PS,Cybercrime,12.858638,76.167949,18-11-2023,low,closed
Bengaluru Rural,Nelamangala,Soladevanahalli PS,Chain Snatching,12.911102,77.478864,18-10-2024,low,open
Haveri,Savanur,Town PS,Chain Snatching,14.979256,75.473213,24-04-2024,medium,open
Koppal,Gangavathi,Rural PS,Kidnapping,15.296768,76.143026,30-05-2023,medium,closed
Koppal,Kushtagi,Rural PS,Land Dispute,15.518762,76.180051,28-12-2023,low,closed
Kalaburagi,Jewargi,Jewargi PS,Mobile Theft,17.491153,76.721572,02-12-2024,low,investigating
Gadag,Gadag,Traffic PS,Murder,15.446017,75.87486,10-10-2023,high,open
Chikkamagaluru,Chikkamagaluru City,Town PS,Murder,13.470313,75.599313,02-02-2023,low,investigating
Hubballi-Dharwad,Navanagar,Town PS,Murder,15.131765,75.273058,18-11-2024,low,closed
Gadag,Ron,Ron PS,Mobile Theft,15.360074,75.479309,08-08-2024,high,investigating
Hassan,Sakleshpur,Town PS,Land Dispute,12.982735,76.153395,09-02-2024,low,investigating
Vijayapura,Vijayapura City,Adarsh Nagar PS,Murder,16.62597,75.943639,06-04-2023,low,closed
Mandya,Srirangapatna,Srirangapatna PS,Domestic Violence,12.783627,77.098894,26-01-2023,low,closed
Davangere,Davangere City,KTJ Nagar PS,Robbery,14.434256,76.203883,08-04-2024,high,open
Vijayapura,Vijayapura City,Adarsh Nagar PS,Domestic Violence,16.975202,75.573522,01-04-2023,medium,investigating
Mangaluru,Surathkal,Panambur PS,Assault,13.139209,74.726595,03-05-2024,low,open
Kalaburagi,Jewargi,Yadrami PS,Robbery,17.495323,77.118867,21-06-2023,high,investigating
Kodagu,Virajpet,Town PS,Vehicle Theft,12.43546,75.526984,30-01-2023,medium,investigating
Chitradurga,Hosadurga,Hosadurga PS,Mobile Theft,14.290832,76.618214,17-10-2024,low,investigating
Chikkaballapura,Bagepalli,Town PS,Vehicle Theft,13.342663,77.65824,07-02-2024,low,open
Chitradurga,Hiriyur,Hiriyur PS,Kidnapping,14.486591,76.152841,16-06-2023,low,closed
Yadgir,Shahapur,Town PS,Theft,16.849151,76.988688,04-02-2024,low,closed
Mangaluru,Ullal,Konaje PS,Drug Offense,13.117348,74.626673,30-08-2023,low,open
Haveri,Haveri,Traffic PS,Domestic Violence,14.835076,75.560719,23-06-2023,low,open
Tumakuru,Madhugiri,Town PS,Chain Snatching,13.194782,77.273428,29-03-2023,low,closed
Tumakuru,Tumakuru City,Traffic PS,Cybercrime,13.59234,77.102051,27-02-2023,high,open
Belagavi,Chikodi,Chikodi PS,Domestic Violence,16.061683,74.579463,12-06-2024,medium,open
Uttara Kannada,Bhatkal,Town PS,Drug Offense,14.864711,74.407652,12-08-2023,low,open
Kolar,Malur,Town PS,Mobile Theft,13.03706,78.387328,28-07-2023,low,open
Tumakuru,Tumakuru City,Traffic PS,Domestic Violence,13.220582,76.976928,10-04-2023,low,open
Haveri,Haveri,Town PS,Vehicle Theft,14.761436,75.674066,28-08-2023,low,investigating
Chikkaballapura,Chikkaballapura,Chikkaballapura PS,Mobile Theft,13.570591,77.527692,18-08-2024,medium,open
Gadag,Mundargi,Mundargi PS,Robbery,15.585396,75.906841,21-08-2023,low,closed
Gadag,Mundargi,Rural PS,Theft,15.226507,75.428551,26-12-2023,low,open
Shivamogga,Sagara,Anandapura PS,Land Dispute,13.832177,75.435122,24-05-2023,medium,investigating
Haveri,Savanur,Rural PS,Kidnapping,14.538283,75.205585,26-06-2024,medium,investigating
Bidar,Bhalki,Town PS,Mobile Theft,17.876453,77.806247,09-02-2024,low,open
Bengaluru Rural,Nelamangala,Nelamangala PS,Burglary,13.314759,77.664342,09-07-2023,medium,closed
Raichur,Manvi,Manvi PS,Kidnapping,16.435878,77.249026,13-02-2024,low,closed
Uttara Kannada,Bhatkal,Rural PS,Land Dispute,14.924246,74.611218,21-08-2024,medium,investigating
Belagavi,Chikodi,Nippani PS,Theft,15.798609,74.625288,05-10-2023,medium,closed
Chikkamagaluru,Tarikere,Tarikere PS,Burglary,13.038069,75.805168,05-12-2023,low,closed
Tumakuru,Tumakuru City,Traffic PS,Chain Snatching,13.187536,76.930307,16-09-2023,high,open
Dakshina Kannada,Bantwal,Town PS,Assault,13.135166,75.333359,20-04-2024,low,investigating
Shivamogga,Bhadravati,Old Town PS,Fraud,13.929578,75.539548,24-09-2024,low,closed
Davangere,Honnali,Honnali PS,Theft,14.342184,75.772877,16-05-2023,medium,investigating
Mandya,Srirangapatna,Town PS,Assault,12.558319,76.653534,26-05-2024,low,closed
Shivamogga,Sagara,Anandapura PS,Cybercrime,13.937856,75.416696,06-03-2023,medium,investigating
Kodagu,Somwarpet,Rural PS,Domestic Violence,12.474372,76.048632,09-03-2023,medium,open
Kalaburagi,Sedam,Rural PS,Drug Offense,17.265448,77.048067,11-02-2024,high,open
Belagavi,Belagavi City,Belagavi PS,Chain Snatching,15.602768,74.628371,16-05-2024,medium,investigating
Hubballi-Dharwad,Hubballi,Keshwapur PS,Cybercrime,15.361737,75.275931,27-03-2024,medium,open
Chikkaballapura,Sidlaghatta,Town PS,Mobile Theft,13.199817,77.768106,30-12-2023,medium,closed
Vijayapura,Indi,Town PS,Theft,17.073447,75.658614,29-02-2024,low,closed
Bengaluru Rural,Nelamangala,Traffic PS,Theft,13.453497,77.215564,24-05-2023,high,investigating
Yadgir,Gurmitkal,Town PS,Assault,16.660788,77.128651,04-06-2023,low,investigating
Shivamogga,Sagara,Sagara PS,Drug Offense,13.811143,75.287408,17-11-2024,low,investigating
Bengaluru Rural,Nelamangala,Nelamangala PS,Mobile Theft,13.369693,77.391906,20-04-2024,low,closed
Ballari,Sandur,Rural PS,Robbery,15.118306,76.694017,08-02-2023,medium,investigating
Gadag,Ron,Rural PS,Cybercrime,15.301261,75.447814,09-07-2023,medium,closed
Mandya,Srirangapatna,Town PS,Fraud,12.461587,76.702335,14-09-2023,high,closed
Dakshina Kannada,Sullia,Town PS,Chain Snatching,12.927372,75.01074,30-06-2024,high,closed
Hassan,Hassan City,Hassan PS,Domestic Violence,12.712142,75.825347,09-09-2023,high,closed
Raichur,Manvi,Rural PS,Vehicle Theft,16.446354,77.339172,08-05-2024,medium,closed
Bidar,Basavakalyan,Basavakalyan PS,Drug Offense,18.097374,77.3329,16-06-2023,medium,investigating
Bengaluru Rural,Devanahalli,Vijayapura PS,Assault,13.067563,77.362458,11-10-2023,low,closed
Vijayapura,Vijayapura City,Gandhi Chowk PS,Mobile Theft,16.683432,75.936747,20-04-2023,high,investigating
Davangere,Harihar,Town PS,Land Dispute,14.502933,75.672857,30-06-2024,low,investigating
Shivamogga,Sagara,Sagara PS,Robbery,14.073847,75.674765,19-12-2024,medium,closed
Bidar,Bhalki,Town PS,Chain Snatching,17.711339,77.713918,09-08-2024,high,investigating
Kodagu,Virajpet,Rural PS,Theft,12.251852,75.827955,20-03-2023,high,investigating
Chikkaballapura,Sidlaghatta,Sidlaghatta PS,Cybercrime,13.265554,77.785126,10-01-2023,low,open
Kolar,Malur,Town PS,Kidnapping,13.155835,77.882911,04-08-2023,low,closed
Haveri,Ranebennur,Rural PS,Land Dispute,14.745159,75.397456,23-10-2024,low,investigating
Chitradurga,Chitradurga,Town PS,Murder,14.236714,76.179795,02-07-2024,high,closed
Kolar,Malur,Rural PS,Murder,12.987842,78.245624,15-11-2023,medium,open
Bidar,Bidar City,Traffic PS,Kidnapping,17.907356,77.350721,17-01-2024,medium,investigating
Hubballi-Dharwad,Dharwad,Dharwad Town PS,Theft,15.092941,75.103488,07-04-2023,high,open
Belagavi,Chikodi,Nippani PS,Burglary,15.677354,74.500799,01-02-2023,high,investigating
Mangaluru,Mangaluru,Pandeshwar PS,Drug Offense,12.962462,74.681197,22-05-2024,low,investigating
Belagavi,Belagavi City,Market PS,Murder,15.805657,74.582729,15-09-2024,low,investigating
Ramanagara,Kanakapura,Town PS,Assault,12.562848,77.394726,13-01-2024,low,open
Hubballi-Dharwad,Navanagar,Navanagar PS,Mobile Theft,15.123074,74.919928,08-10-2024,low,investigating
Kolar,Kolar,Town PS,Drug Offense,12.876263,78.148932,17-11-2024,low,closed
Haveri,Haveri,Traffic PS,Assault,15.050795,75.626547,10-10-2024,low,open
Uttara Kannada,Sirsi,Rural PS,Chain Snatching,14.49165,74.585326,13-10-2023,low,closed
Koppal,Koppal City,Traffic PS,Murder,15.173573,76.218805,07-01-2024,low,closed
Chamarajanagar,Chamarajanagar,Chamarajanagar PS,Fraud,11.952622,76.923404,14-07-2024,medium,open
Ballari,Ballari City,Brucepet PS,Kidnapping,14.965031,76.759534,16-02-2023,low,closed
Chitradurga,Hiriyur,Town PS,Robbery,14.007612,76.622082,31-10-2023,medium,open
Hassan,Arsikere,Rural PS,Murder,12.831612,76.354729,02-07-2023,low,closed
Kolar,Kolar,Kolar PS,Domestic Violence,13.119646,78.111819,06-01-2023,low,closed
Bengaluru Urban,Koramangala,Koramangala PS,Murder,12.94732,77.463319,19-05-2023,high,open
Kalaburagi,Jewargi,Rural PS,Domestic Violence,17.427959,76.866113,25-01-2024,medium,investigating
Bidar,Basavakalyan,Rural PS,Chain Snatching,17.916833,77.604427,04-02-2023,low,open
Shivamogga,Shivamogga City,Vinobanagar PS,Land Dispute,14.166311,75.578792,24-12-2024,medium,open
Bidar,Basavakalyan,Town PS,Drug Offense,18.181292,77.349902,20-04-2024,medium,investigating
Bengaluru Urban,Whitefield,Varthur PS,Drug Offense,13.016619,77.683799,12-01-2023,high,closed
Belagavi,Gokak,Rural PS,Robbery,16.141141,74.597776,24-05-2023,low,open
Yadgir,Shahapur,Town PS,Burglary,16.948497,76.983331,29-06-2023,low,open
Bidar,Bhalki,Town PS,Drug Offense,17.622605,77.287928,13-03-2023,low,open
Kalaburagi,Jewargi,Yadrami PS,Kidnapping,17.186866,76.860728,12-04-2023,high,investigating
Bengaluru Urban,Yelahanka,Yelahanka New Town PS,Burglary,13.101594,77.477512,10-08-2024,medium,investigating
Belagavi,Gokak,Traffic PS,Chain Snatching,15.968329,74.268806,15-08-2024,low,closed
Chikkaballapura,Sidlaghatta,Rural PS,Drug Offense,13.370517,77.943412,27-11-2024,medium,investigating
Chikkaballapura,Chikkaballapura,Traffic PS,Murder,13.585971,77.793761,21-04-2024,low,open
Kalaburagi,Jewargi,Rural PS,Kidnapping,17.215852,77.098741,16-03-2024,high,investigating
Chikkaballapura,Sidlaghatta,Town PS,Theft,13.249027,77.525033,04-05-2023,low,closed
Raichur,Manvi,Rural PS,Vehicle Theft,16.446716,77.271355,10-01-2023,low,closed
Haveri,Ranebennur,Town PS,Drug Offense,14.596809,75.320913,29-10-2023,high,investigating
Raichur,Manvi,Manvi PS,Fraud,16.244097,77.18115,09-07-2024,medium,closed
Davangere,Davangere City,KTJ Nagar PS,Land Dispute,14.435906,76.032269,02-05-2024,low,investigating
Mysuru,Hunsur,Hunsur PS,Murder,12.405087,76.431649,15-02-2023,high,open
Vijayapura,Vijayapura City,Traffic PS,Domestic Violence,16.739323,75.757262,21-02-2024,medium,open
Koppal,Koppal City,Koppal PS,Burglary,15.295208,76.155343,30-09-2024,medium,open
Ballari,Sandur,Sandur PS,Theft,14.995525,77.111362,01-10-2023,low,open
Kodagu,Somwarpet,Kushalnagar PS,Murder,12.49742,76.049902,17-10-2023,medium,investigating
Davangere,Honnali,Nyamathi PS,Murder,14.598815,75.939719,04-10-2023,low,investigating
Uttara Kannada,Sirsi,Sirsi PS,Fraud,14.521993,74.914011,26-12-2024,medium,open
Mandya,Srirangapatna,Srirangapatna PS,Land Dispute,12.699315,76.835504,29-05-2023,medium,open
Vijayapura,Vijayapura City,Traffic PS,Mobile Theft,16.780452,75.42522,10-08-2024,low,investigating
Chitradurga,Chitradurga,Town PS,Cybercrime,14.27927,76.444944,05-10-2024,high,investigating
Kolar,Kolar,Traffic PS,Robbery,12.949508,78.221887,08-03-2023,medium,open
Ballari,Ballari City,Brucepet PS,Drug Offense,15.420877,77.158387,15-10-2023,medium,investigating
Bidar,Basavakalyan,Basavakalyan PS,Burglary,17.644443,77.534083,21-10-2024,low,closed
Chitradurga,Hosadurga,Hosadurga PS,Burglary,14.306448,76.624821,10-06-2023,medium,closed
Davangere,Davangere City,Davangere PS,Murder,14.43612,76.095069,07-04-2024,low,closed
Chikkaballapura,Sidlaghatta,Sidlaghatta PS,Drug Offense,13.693915,77.459147,11-10-2023,medium,closed
Kolar,Malur,Malur PS,Kidnapping,13.425984,78.221705,22-04-2023,medium,open
Mangaluru,Surathkal,Surathkal PS,Land Dispute,12.642601,74.611927,21-04-2023,low,closed
Bidar,Bhalki,Town PS,Burglary,18.102925,77.801102,14-07-2023,low,closed
Tumakuru,Madhugiri,Madhugiri PS,Robbery,13.123335,76.835878,25-07-2024,medium,closed
Hassan,Sakleshpur,Sakleshpur PS,Vehicle Theft,12.936922,76.365879,19-12-2024,medium,closed
Mandya,Maddur,Town PS,Fraud,12.680618,77.130218,01-08-2024,medium,closed
Mandya,Maddur,Maddur PS,Mobile Theft,12.403619,76.99789,08-11-2024,low,investigating
Udupi,Udupi,Malpe PS,Cybercrime,13.222636,74.865915,13-06-2023,low,open
Chikkamagaluru,Tarikere,Lakkavalli PS,Domestic Violence,13.325833,75.822261,05-12-2023,low,investigating
Haveri,Savanur,Town PS,Drug Offense,14.732007,75.236323,02-02-2023,medium,open
Ballari,Sandur,Sandur PS,Kidnapping,15.392712,77.040407,19-01-2023,low,closed
Ramanagara,Magadi,Magadi PS,Murder,12.522217,77.212418,25-12-2024,low,open
Tumakuru,Madhugiri,Madhugiri PS,Theft,13.094414,77.366892,11-03-2024,low,closed
Gadag,Mundargi,Mundargi PS,Burglary,15.659299,75.901646,04-06-2023,medium,investigating
Ballari,Sandur,Rural PS,Murder,15.271371,76.862374,16-05-2023,high,open
Ballari,Ballari City,Brucepet PS,Burglary,14.883218,76.650911,04-04-2024,low,investigating
Kalaburagi,Sedam,Rural PS,Murder,17.407223,77.060355,13-12-2023,low,investigating
Kolar,Bangarapet,Bangarapet PS,Robbery,13.165191,78.21594,22-01-2024,high,open
Mangaluru,Surathkal,Panambur PS,Cybercrime,12.648999,74.657675,22-02-2024,low,open
Chikkaballapura,Sidlaghatta,Rural PS,Robbery,13.47196,77.437323,28-04-2024,medium,open
Hassan,Sakleshpur,Sakleshpur PS,Murder,12.775272,76.187097,22-09-2023,medium,investigating
Vijayapura,Vijayapura City,Traffic PS,Kidnapping,16.635601,75.931628,01-07-2023,medium,closed
Chikkamagaluru,Chikkamagaluru City,Town PS,Chain Snatching,13.215767,75.640051,13-10-2023,low,open
Davangere,Davangere City,Davangere PS,Domestic Violence,14.358106,76.183975,14-04-2023,medium,open
Yadgir,Yadgir City,Traffic PS,Fraud,16.840418,77.042968,28-04-2023,medium,open
Chikkamagaluru,Kadur,Kadur PS,Domestic Violence,13.309696,76.029571,05-05-2023,medium,closed
Hubballi-Dharwad,Navanagar,Navanagar PS,Mobile Theft,15.233331,75.407383,28-06-2023,low,investigating
Davangere,Honnali,Honnali PS,Vehicle Theft,14.693513,75.988962,16-09-2024,low,investigating
Chamarajanagar,Gundlupet,Town PS,Drug Offense,11.842849,76.879434,20-01-2024,low,closed
Tumakuru,Tumakuru City,Tumakuru PS,Robbery,13.339202,77.128634,09-01-2024,low,investigating
Mangaluru,Surathkal,Mulki PS,Robbery,13.078791,74.795619,28-10-2024,low,investigating
Mandya,Maddur,Rural PS,Kidnapping,12.424566,76.667469,08-06-2024,low,investigating
Hubballi-Dharwad,Navanagar,Town PS,Vehicle Theft,15.576042,75.322233,03-03-2023,medium,open
Uttara Kannada,Karwar,Bazar PS,Kidnapping,14.601029,74.562208,16-05-2023,medium,open
Mangaluru,Surathkal,Surathkal PS,Robbery,12.992773,75.000768,25-03-2023,low,open
Ramanagara,Kanakapura,Town PS,Chain Snatching,12.492807,77.077262,27-08-2023,medium,investigating
Hassan,Arsikere,Town PS,Drug Offense,13.182915,76.097455,16-12-2023,low,investigating
Koppal,Kushtagi,Town PS,Murder,15.448328,76.233108,03-08-2023,low,open
Chikkamagaluru,Kadur,Kadur PS,Murder,13.066585,75.721876,05-12-2023,high,open
Koppal,Koppal City,Koppal PS,Mobile Theft,15.480783,75.866548,05-02-2024,low,open
Mandya,Srirangapatna,Rural PS,Fraud,12.561752,77.026925,13-06-2024,low,closed
Davangere,Davangere City,Davangere PS,Theft,14.401237,75.891638,21-04-2024,low,open
Bengaluru Rural,Nelamangala,Traffic PS,Murder,13.136015,77.158886,25-11-2024,medium,investigating
Chitradurga,Hosadurga,Rural PS,Burglary,13.955359,76.30882,24-09-2023,medium,closed
Chikkaballapura,Chikkaballapura,Chikkaballapura PS,Theft,13.726198,77.503099,16-07-2024,medium,investigating
Uttara Kannada,Bhatkal,Rural PS,Land Dispute,14.584105,74.708467,29-12-2024,high,closed
Bengaluru Urban,Whitefield,Varthur PS,Theft,12.688024,77.876336,29-08-2024,medium,open
Vijayapura,Sindagi,Rural PS,Drug Offense,17.056058,75.588189,08-06-2024,medium,investigating
Chikkaballapura,Sidlaghatta,Rural PS,Mobile Theft,13.377414,77.477866,03-12-2023,low,closed
Hassan,Hassan City,Traffic PS,Theft,13.230977,76.342572,01-04-2023,low,investigating
Kalaburagi,Sedam,Town PS,Burglary,17.159483,76.999102,31-10-2023,low,open
Haveri,Ranebennur,Town PS,Mobile Theft,14.837896,75.682972,19-06-2024,low,investigating
Kodagu,Madikeri,Rural PS,Burglary,12.278777,75.673512,15-12-2024,high,closed
Ramanagara,Kanakapura,Town PS,Drug Offense,12.654265,77.311776,09-07-2024,medium,investigating
Udupi,Karkala,Ajekar PS,Chain Snatching,13.4854,74.470344,30-07-2023,medium,closed
Bengaluru Urban,Whitefield,Whitefield PS,Theft,12.897198,77.660338,22-10-2023,low,investigating
Chikkamagaluru,Tarikere,Tarikere PS,Murder,13.515968,75.825829,09-06-2024,high,investigating
Bengaluru Urban,Koramangala,HSR Layout PS,Cybercrime,13.014445,77.418008,02-01-2024,low,investigating
Yadgir,Yadgir City,Town PS,Murder,16.685705,77.146149,07-06-2024,medium,open
Mysuru,Nanjangud,Nanjangud Town PS,Robbery,12.031545,76.454634,10-08-2023,medium,investigating
Hubballi-Dharwad,Hubballi,Vidyanagar PS,Domestic Violence,15.492207,75.05389,17-08-2023,medium,closed
Chitradurga,Hiriyur,Rural PS,Theft,14.152118,76.166847,26-11-2023,high,closed
Vijayapura,Sindagi,Sindagi PS,Assault,16.71127,75.421885,15-08-2024,low,investigating
Kolar,Kolar,Kolar PS,Land Dispute,13.285243,77.866958,20-07-2024,medium,investigating
Bengaluru Urban,Yelahanka,Yelahanka New Town PS,Burglary,13.033076,77.383254,01-11-2023,low,open
Ballari,Sandur,Rural PS,Mobile Theft,15.367867,76.705477,09-06-2023,low,investigating
Ballari,Hospet,Hospet Town PS,Drug Offense,15.170428,77.135208,09-10-2024,medium,open
Tumakuru,Tiptur,Rural PS,Robbery,13.125193,77.114955,17-03-2023,high,investigating
Vijayapura,Indi,Town PS,Robbery,16.763464,75.583061,21-06-2024,low,closed
Davangere,Honnali,Nyamathi PS,Assault,14.54903,75.874225,05-12-2024,medium,open
Ramanagara,Magadi,Town PS,Cybercrime,12.589628,77.227674,26-04-2023,medium,closed
Vijayapura,Sindagi,Sindagi PS,Domestic Violence,17.090202,75.866025,28-10-2023,high,open
Bidar,Bidar City,Traffic PS,Chain Snatching,17.937222,77.682234,09-05-2023,high,open
Uttara Kannada,Karwar,Bazar PS,Cybercrime,14.595496,74.581012,26-01-2023,medium,open
Raichur,Manvi,Manvi PS,Cybercrime,16.235298,77.098012,13-05-2024,low,open
Kolar,Malur,Malur PS,Land Dispute,13.117272,78.283551,22-04-2024,low,investigating
Vijayapura,Sindagi,Rural PS,Drug Offense,16.700581,75.905694,30-07-2024,low,open
Koppal,Gangavathi,Town PS,Vehicle Theft,15.586526,76.302558,13-11-2023,low,closed
Ballari,Sandur,Rural PS,Theft,15.13139,76.85313,29-05-2024,medium,closed
Tumakuru,Madhugiri,Town PS,Cybercrime,13.287815,77.18004,16-07-2023,low,investigating
Chitradurga,Chitradurga,Chitradurga PS,Assault,14.190129,76.144566,17-08-2023,low,investigating
Mangaluru,Ullal,Kotekar PS,Chain Snatching,12.660636,75.063636,24-06-2024,low,closed
Hassan,Arsikere,Rural PS,Kidnapping,12.846844,76.025741,11-03-2024,high,open
Mysuru,Hunsur,Bilikere PS,Vehicle Theft,12.578833,76.434665,19-06-2024,high,investigating
Yadgir,Gurmitkal,Gurmitkal PS,Drug Offense,16.89056,76.910449,06-04-2023,low,closed
Hassan,Hassan City,Hassan PS,Theft,13.014574,75.912737,04-11-2023,low,open
Kalaburagi,Kalaburagi City,Brahmapur PS,Chain Snatching,17.282195,76.87269,01-06-2023,low,investigating
Gadag,Mundargi,Rural PS,Assault,15.271544,75.691741,08-10-2023,low,investigating
Bengaluru Rural,Nelamangala,Soladevanahalli PS,Vehicle Theft,13.076555,77.735249,16-04-2023,low,investigating
Bidar,Bidar City,Bidar PS,Theft,17.771775,77.26252,26-09-2023,low,open
Raichur,Raichur City,Raichur PS,Cybercrime,16.020063,77.116428,09-11-2023,medium,open
Haveri,Haveri,Traffic PS,Mobile Theft,14.573179,75.262327,16-06-2023,low,closed
Kalaburagi,Kalaburagi City,Brahmapur PS,Murder,17.515238,76.832,22-07-2023,medium,investigating
Belagavi,Belagavi City,Tilakwadi PS,Mobile Theft,15.943172,74.481473,19-12-2023,medium,investigating
Kalaburagi,Sedam,Town PS,Assault,17.127635,76.900578,23-07-2024,medium,investigating
Uttara Kannada,Bhatkal,Rural PS,Domestic Violence,14.735,74.859789,28-01-2023,medium,open
Vijayapura,Vijayapura City,Traffic PS,Robbery,16.891316,75.826395,04-10-2024,low,closed
Bengaluru Rural,Doddaballapura,Town PS,Cybercrime,13.185682,77.615504,02-12-2024,medium,closed
Yadgir,Gurmitkal,Gurmitkal PS,Robbery,16.919622,76.856671,18-12-2023,medium,open
Dakshina Kannada,Bantwal,Rural PS,Chain Snatching,12.873038,75.030923,13-01-2023,medium,investigating
Mandya,Mandya,Town PS,Assault,12.682938,77.125964,30-04-2024,low,open
Kalaburagi,Jewargi,Yadrami PS,Fraud,17.607316,76.940509,13-01-2023,medium,closed
Davangere,Honnali,Nyamathi PS,Drug Offense,14.470531,75.83417,23-01-2024,medium,investigating
Koppal,Gangavathi,Rural PS,Burglary,15.053232,76.247178,10-09-2023,high,closed
Chikkaballapura,Bagepalli,Bagepalli PS,Chain Snatching,13.354205,77.446011,05-09-2024,medium,closed
Mysuru,Mysuru City,Lakshmipuram PS,Fraud,12.493742,76.799826,16-06-2024,medium,investigating
Koppal,Kushtagi,Town PS,Kidnapping,15.195502,76.198473,09-07-2024,medium,investigating
Mysuru,Hunsur,Bilikere PS,Drug Offense,12.517142,76.547653,19-10-2024,medium,closed
Belagavi,Gokak,Traffic PS,Chain Snatching,15.80797,74.497123,14-02-2023,low,closed
Koppal,Gangavathi,Gangavathi PS,Cybercrime,15.61837,76.117747,21-06-2024,low,open
Mysuru,Hunsur,Rural PS,Mobile Theft,12.02377,76.676166,19-10-2024,medium,closed
Bengaluru Urban,Whitefield,Whitefield PS,Murder,12.778121,77.409018,07-05-2024,medium,open
Chitradurga,Hiriyur,Town PS,Fraud,14.485693,76.16602,31-07-2024,medium,closed
Yadgir,Shahapur,Shahapur PS,Theft,16.520323,77.182954,25-06-2023,high,open
Ramanagara,Ramanagara,Town PS,Cybercrime,12.808063,77.256819,21-08-2024,medium,investigating
Hubballi-Dharwad,Navanagar,Rural PS,Land Dispute,15.213161,75.126477,20-04-2023,low,investigating
Uttara Kannada,Sirsi,Town PS,Theft,15.033869,74.609503,05-06-2023,low,closed
Kolar,Kolar,Kolar PS,Robbery,13.318887,78.276738,09-06-2023,low,investigating
Tumakuru,Madhugiri,Madhugiri PS,Murder,13.386161,77.187392,14-12-2024,low,closed
Uttara Kannada,Karwar,Traffic PS,Theft,14.704849,74.515792,15-05-2023,high,closed
Hassan,Hassan City,Traffic PS,Theft,13.124362,76.280321,28-02-2024,medium,closed
Chamarajanagar,Chamarajanagar,Town PS,Domestic Violence,11.926901,76.715801,04-11-2024,high,closed
Dakshina Kannada,Bantwal,Bantwal PS,Chain Snatching,13.008471,74.983345,19-11-2024,low,closed
Udupi,Karkala,Karkala PS,Fraud,13.385718,74.573519,31-01-2024,low,closed
Chikkaballapura,Chikkaballapura,Town PS,Vehicle Theft,13.460542,78.01799,18-02-2023,high,open
Chitradurga,Hiriyur,Town PS,Burglary,13.966861,76.108859,06-03-2024,high,open
Bengaluru Urban,Koramangala,HSR Layout PS,Robbery,12.776804,77.809693,10-08-2024,medium,investigating
Uttara Kannada,Bhatkal,Bhatkal PS,Domestic Violence,14.693623,74.880815,13-01-2023,low,investigating
Bengaluru Rural,Devanahalli,Devanahalli PS,Land Dispute,13.421601,77.718179,30-05-2023,low,open
Mandya,Maddur,Town PS,Domestic Violence,12.6705,76.74729,27-11-2024,high,closed
Chitradurga,Hiriyur,Hiriyur PS,Domestic Violence,14.114806,76.174601,08-10-2023,medium,closed
Vijayapura,Vijayapura City,Traffic PS,Assault,16.942667,75.904627,05-01-2023,high,open
Belagavi,Gokak,Rural PS,Assault,15.571687,74.591631,24-08-2023,low,closed
Chitradurga,Hosadurga,Hosadurga PS,Kidnapping,14.383348,76.378413,22-05-2023,high,investigating
Bengaluru Rural,Devanahalli,Airport PS,Land Dispute,13.220197,77.151375,19-02-2024,low,open
Bengaluru Urban,Whitefield,Whitefield PS,Robbery,12.768379,77.676071,15-03-2023,low,investigating
Chikkaballapura,Bagepalli,Rural PS,Assault,13.222642,77.521394,21-10-2024,high,open
Hubballi-Dharwad,Hubballi,Old Hubballi PS,Land Dispute,15.160242,75.217862,25-06-2024,low,investigating
Ballari,Sandur,Toranagallu PS,Fraud,15.363456,76.657191,29-06-2024,low,investigating
Haveri,Haveri,Traffic PS,Drug Offense,14.86129,75.349829,24-02-2023,medium,investigating
Koppal,Gangavathi,Gangavathi PS,Assault,15.339785,75.861748,06-11-2024,low,investigating
Ballari,Sandur,Toranagallu PS,Robbery,15.181133,76.796622,30-05-2023,medium,closed
Gadag,Ron,Town PS,Kidnapping,15.428001,75.371627,13-05-2023,low,closed
Chamarajanagar,Kollegal,Rural PS,Land Dispute,11.878641,77.191219,21-09-2024,medium,closed
Koppal,Gangavathi,Rural PS,Domestic Violence,15.269685,76.14723,11-08-2023,medium,investigating
Koppal,Gangavathi,Gangavathi PS,Drug Offense,15.6036,75.892785,11-02-2023,low,closed
Uttara Kannada,Karwar,Traffic PS,Fraud,14.74047,74.486022,17-03-2024,medium,closed
Chamarajanagar,Chamarajanagar,Traffic PS,Fraud,11.904606,77.017018,19-05-2024,low,closed
Uttara Kannada,Bhatkal,Town PS,Burglary,14.619451,74.994265,04-03-2023,medium,open
Chikkaballapura,Sidlaghatta,Town PS,Cybercrime,13.558617,77.927993,22-04-2024,low,closed
Chikkamagaluru,Kadur,Kadur PS,Fraud,13.032019,75.624199,30-04-2023,low,investigating
Udupi,Udupi,Malpe PS,Kidnapping,13.359619,74.837943,04-05-2023,low,closed
Udupi,Kundapura,Byndoor PS,Domestic Violence,13.496614,74.448127,23-04-2023,low,open
Bengaluru Urban,Whitefield,Whitefield PS,Assault,13.212203,77.342773,18-12-2024,medium,open
Bengaluru Rural,Devanahalli,Airport PS,Land Dispute,13.370497,77.485805,09-09-2023,medium,closed
Bidar,Bidar City,New Town PS,Murder,17.884106,77.281055,22-12-2024,low,closed
Tumakuru,Tumakuru City,New Extension PS,Burglary,13.495701,76.995025,19-04-2024,low,closed
Koppal,Koppal City,Koppal PS,Cybercrime,15.650215,76.092471,04-03-2024,low,investigating
Bengaluru Urban,Yelahanka,Yelahanka PS,Theft,12.761442,77.765084,20-01-2024,low,open
Koppal,Gangavathi,Rural PS,Assault,15.37608,76.196516,22-11-2024,low,investigating
Yadgir,Gurmitkal,Rural PS,Assault,16.541406,77.02497,12-06-2024,high,investigating
Hubballi-Dharwad,Dharwad,Sub Urban PS,Drug Offense,15.48766,75.016481,19-03-2024,low,open
Mysuru,Mysuru City,Devaraja PS,Theft,12.250167,76.701761,30-03-2024,medium,closed
Haveri,Savanur,Savanur PS,Cybercrime,14.95893,75.45078,26-02-2023,high,closed
Chitradurga,Chitradurga,Traffic PS,Chain Snatching,14.099419,76.327553,11-09-2023,medium,closed
Kalaburagi,Jewargi,Rural PS,Robbery,17.218923,76.990745,18-01-2023,low,investigating
Raichur,Manvi,Rural PS,Fraud,16.347999,77.0567,30-11-2024,low,closed
Vijayapura,Sindagi,Town PS,Kidnapping,16.544227,75.767865,05-06-2023,low,open
Kalaburagi,Sedam,Town PS,Assault,17.392411,76.854078,06-06-2023,low,open
Haveri,Savanur,Rural PS,Murder,14.530173,75.414398,14-03-2023,high,closed
Koppal,Koppal City,Koppal PS,Cybercrime,15.06102,75.89121,14-02-2024,medium,investigating
Chikkaballapura,Bagepalli,Rural PS,Cybercrime,13.152744,77.738071,01-10-2023,low,open
Tumakuru,Tumakuru City,Traffic PS,Vehicle Theft,13.243075,76.951417,21-04-2024,low,investigating
Gadag,Gadag,Betageri PS,Land Dispute,15.667748,75.376382,29-09-2024,medium,open
Hassan,Sakleshpur,Rural PS,Mobile Theft,12.935971,76.302971,13-05-2023,medium,closed
Belagavi,Chikodi,Chikodi PS,Drug Offense,16.085923,74.469958,16-08-2023,low,open
Uttara Kannada,Sirsi,Town PS,Mobile Theft,14.670145,74.756066,01-02-2023,low,open
Mangaluru,Ullal,Kotekar PS,Kidnapping,12.974147,74.556291,17-06-2024,medium,closed
Belagavi,Gokak,Traffic PS,Chain Snatching,15.728846,74.337097,13-06-2024,low,open
Udupi,Kundapura,Gangolli PS,Burglary,13.621323,74.56105,05-04-2024,low,closed
Hubballi-Dharwad,Navanagar,Town PS,Kidnapping,15.420801,75.201218,27-05-2024,medium,investigating
Ramanagara,Ramanagara,Town PS,Mobile Theft,12.45658,77.142627,12-01-2024,medium,closed
Ballari,Ballari City,Brucepet PS,Fraud,15.031528,76.847733,18-03-2024,medium,closed
Shivamogga,Shivamogga City,Vinobanagar PS,Kidnapping,13.865404,75.525875,29-07-2024,low,open
Bengaluru Rural,Doddaballapura,Town PS,Mobile Theft,13.091169,77.151325,03-09-2023,low,investigating
Yadgir,Shahapur,Rural PS,Fraud,16.847917,77.437858,05-09-2024,medium,investigating
Chikkamagaluru,Tarikere,Rural PS,Drug Offense,13.020674,76.040472,04-12-2024,low,closed
Vijayapura,Vijayapura City,Adarsh Nagar PS,Burglary,16.58581,75.999776,12-05-2023,low,investigating
Chitradurga,Hiriyur,Town PS,Burglary,13.931275,76.564811,16-02-2023,low,investigating
Chikkamagaluru,Kadur,Town PS,Drug Offense,13.383346,75.732009,12-07-2024,medium,open
Vijayapura,Vijayapura City,Gandhi Chowk PS,Cybercrime,16.703462,75.615285,17-04-2024,low,open
Bidar,Bhalki,Bhalki PS,Robbery,18.002709,77.755076,09-03-2023,medium,closed
Mangaluru,Ullal,Konaje PS,Vehicle Theft,13.063509,74.603739,19-07-2024,low,open
Shivamogga,Bhadravati,Old Town PS,Chain Snatching,13.749828,75.704229,08-10-2023,low,investigating
Gadag,Gadag,Betageri PS,Murder,15.13234,75.651957,14-02-2024,low,open
Chikkamagaluru,Kadur,Rural PS,Vehicle Theft,13.550656,75.950324,11-10-2023,low,investigating
Ballari,Hospet,Hospet Town PS,Theft,15.051729,76.665337,21-08-2024,low,investigating
Mandya,Mandya,Town PS,Domestic Violence,12.780514,77.136344,30-07-2024,low,investigating
Kalaburagi,Kalaburagi City,University PS,Murder,17.154099,76.897184,16-01-2023,low,open
Uttara Kannada,Karwar,Traffic PS,Land Dispute,14.955511,74.684019,29-11-2024,low,closed
Raichur,Manvi,Town PS,Burglary,16.261609,77.154625,16-11-2023,medium,closed
Bengaluru Rural,Doddaballapura,Rural PS,Vehicle Theft,13.347604,77.717551,08-07-2023,medium,investigating
Ramanagara,Magadi,Town PS,Robbery,12.655961,77.098576,12-04-2023,medium,closed
Bengaluru Urban,Yelahanka,Attur PS,Fraud,13.044231,77.541674,10-12-2023,high,open
Tumakuru,Tiptur,Rural PS,Domestic Violence,13.278509,77.416058,14-03-2023,low,closed
Bengaluru Urban,Yelahanka,Yelahanka New Town PS,Land Dispute,13.111819,77.330589,09-04-2023,medium,closed
Bidar,Bhalki,Town PS,Domestic Violence,18.026115,77.411633,04-06-2023,medium,investigating
Uttara Kannada,Karwar,Traffic PS,Robbery,14.960787,74.845984,20-01-2024,high,investigating
Ballari,Sandur,Toranagallu PS,Robbery,15.39504,76.689615,28-08-2023,low,open
Chikkamagaluru,Kadur,Rural PS,Domestic Violence,13.394443,75.558834,23-02-2024,medium,investigating
Vijayapura,Sindagi,Sindagi PS,Theft,17.083723,75.952946,14-08-2024,low,closed
Ramanagara,Ramanagara,Town PS,Vehicle Theft,12.648056,77.043879,14-12-2024,medium,closed
Chikkamagaluru,Chikkamagaluru City,Traffic PS,Kidnapping,13.479082,75.842061,18-07-2023,medium,closed
Ballari,Sandur,Sandur PS,Cybercrime,15.074279,77.088795,11-06-2023,medium,open
Udupi,Kundapura,Byndoor PS,Burglary,13.134085,74.777942,19-02-2023,low,open
Kodagu,Virajpet,Virajpet PS,Assault,12.144309,75.998019,22-12-2024,medium,investigating
Belagavi,Chikodi,Nippani PS,Drug Offense,15.870561,74.303218,09-11-2024,low,closed
Kalaburagi,Jewargi,Rural PS,Vehicle Theft,17.151152,76.622555,29-06-2024,low,investigating
Udupi,Kundapura,Kundapura PS,Chain Snatching,13.447215,74.492721,30-12-2024,low,open
Raichur,Sindhanur,Rural PS,Vehicle Theft,16.268921,77.377665,10-05-2023,medium,investigating
Bengaluru Rural,Nelamangala,Traffic PS,Robbery,13.19408,77.264527,31-10-2024,high,open
Koppal,Koppal City,Town PS,Domestic Violence,15.064142,75.973345,09-12-2023,medium,open
Gadag,Mundargi,Mundargi PS,Mobile Theft,15.428188,75.931474,13-02-2023,low,open
Chikkaballapura,Sidlaghatta,Town PS,Kidnapping,13.608069,77.825297,11-12-2024,low,open
Bengaluru Rural,Devanahalli,Airport PS,Burglary,13.058831,77.513449,05-06-2023,low,investigating
Kodagu,Madikeri,Rural PS,Theft,12.092303,76.04215,24-06-2024,low,open
Shivamogga,Bhadravati,Old Town PS,Domestic Violence,14.142805,75.40116,03-05-2023,low,investigating
Mangaluru,Surathkal,Mulki PS,Fraud,13.002601,74.594258,01-02-2024,low,open
Kalaburagi,Sedam,Sedam PS,Fraud,17.38139,76.945719,31-10-2024,low,investigating
Chikkaballapura,Sidlaghatta,Rural PS,Fraud,13.678523,77.908097,21-10-2024,low,open
Yadgir,Yadgir City,Yadgir PS,Burglary,16.922999,77.232982,27-12-2024,low,investigating
Mysuru,Nanjangud,Nanjangud Town PS,Cybercrime,12.193262,76.377374,19-08-2024,low,open
Kalaburagi,Kalaburagi City,Station Bazaar PS,Robbery,17.405902,77.04623,10-06-2023,low,investigating
Belagavi,Gokak,Gokak Town PS,Burglary,15.85354,74.506322,07-12-2024,medium,closed
Gadag,Gadag,Betageri PS,Mobile Theft,15.699891,75.395684,25-10-2024,low,closed
Ballari,Hospet,Traffic PS,Fraud,15.305702,77.120919,23-10-2023,low,open
Belagavi,Chikodi,Chikodi PS,Assault,15.878963,74.208147,14-01-2023,low,investigating
Mysuru,Hunsur,Rural PS,Vehicle Theft,12.079749,76.367021,01-12-2023,medium,open
Shivamogga,Sagara,Anandapura PS,Fraud,14.027633,75.355444,26-12-2023,low,investigating
Mysuru,Mysuru City,Nazarbad PS,Assault,12.027417,76.343165,18-04-2024,medium,open
Chamarajanagar,Gundlupet,Gundlupet PS,Assault,12.093048,76.792179,25-06-2024,medium,investigating
Chitradurga,Chitradurga,Town PS,Robbery,14.437067,76.670177,15-12-2024,low,investigating
Mangaluru,Ullal,Konaje PS,Theft,13.041781,75.023152,22-10-2023,medium,open
Chikkaballapura,Sidlaghatta,Sidlaghatta PS,Domestic Violence,13.492148,77.81059,24-07-2023,low,closed
Kolar,Malur,Malur PS,Robbery,13.251326,78.102919,06-01-2024,medium,closed
Kolar,Malur,Malur PS,Chain Snatching,13.032534,78.205068,20-07-2024,low,closed
Ramanagara,Magadi,Rural PS,Fraud,12.93003,77.134704,29-09-2024,medium,closed
Haveri,Savanur,Savanur PS,Assault,14.587425,75.492081,03-01-2023,low,investigating
Bengaluru Urban,Yelahanka,Yelahanka PS,Burglary,12.87443,77.301867,20-09-2023,high,open
Tumakuru,Tumakuru City,Traffic PS,Theft,13.119585,77.240446,27-10-2024,high,closed
Kodagu,Somwarpet,Rural PS,Drug Offense,12.178738,75.935852,18-10-2023,medium,closed
Uttara Kannada,Sirsi,Town PS,Robbery,14.719687,74.914377,27-03-2024,medium,investigating
Bengaluru Urban,Koramangala,Madiwala PS,Assault,12.768489,77.858319,16-05-2024,medium,investigating
Vijayapura,Vijayapura City,Traffic PS,Domestic Violence,16.93969,76.002117,08-09-2024,high,open
Kolar,Malur,Malur PS,Robbery,12.93573,78.296877,23-08-2024,low,closed
Ballari,Sandur,Toranagallu PS,Robbery,14.956123,76.993466,11-11-2024,low,open
Kalaburagi,Kalaburagi City,University PS,Kidnapping,17.166058,77.132828,20-02-2024,medium,closed
Kodagu,Madikeri,Traffic PS,Domestic Violence,12.636006,75.780309,30-12-2024,medium,investigating
Bidar,Bidar City,Traffic PS,Land Dispute,17.811784,77.441035,30-07-2024,low,open
Ballari,Ballari City,Cowl Bazaar PS,Kidnapping,14.890138,77.173486,13-08-2023,low,closed
Gadag,Gadag,Traffic PS,Burglary,15.300549,75.778498,30-08-2023,low,closed
Tumakuru,Tumakuru City,Tumakuru PS,Kidnapping,13.44343,77.170045,21-02-2023,low,closed
Vijayapura,Sindagi,Town PS,Burglary,16.663308,75.765032,03-09-2023,high,closed
Kolar,Kolar,Town PS,Mobile Theft,13.298003,78.054261,26-03-2023,medium,investigating
Bengaluru Rural,Doddaballapura,Doddaballapura PS,Drug Offense,12.926443,77.200267,13-11-2024,low,closed
Hassan,Arsikere,Town PS,Domestic Violence,13.26924,76.379694,11-11-2024,high,closed
Dakshina Kannada,Bantwal,Bantwal PS,Mobile Theft,12.551418,75.124939,16-10-2023,high,closed
Bidar,Basavakalyan,Rural PS,Robbery,17.859936,77.384183,03-04-2024,low,investigating
Hubballi-Dharwad,Hubballi,Keshwapur PS,Assault,15.130053,75.0728,19-05-2024,medium,investigating
Bidar,Bidar City,New Town PS,Domestic Violence,17.680798,77.497775,22-12-2023,medium,closed
Vijayapura,Indi,Rural PS,Murder,16.546217,75.518903,19-08-2023,low,open
Vijayapura,Vijayapura City,Gandhi Chowk PS,Chain Snatching,16.797099,75.976623,20-09-2024,high,investigating
Hubballi-Dharwad,Dharwad,Dharwad Town PS,Cybercrime,15.43896,75.263102,16-01-2024,medium,open
Hubballi-Dharwad,Hubballi,Keshwapur PS,Drug Offense,15.413393,75.216409,08-01-2024,low,closed
Mangaluru,Mangaluru,Mangaluru South PS,Land Dispute,12.796545,74.624842,22-03-2024,low,closed
Uttara Kannada,Sirsi,Rural PS,Mobile Theft,14.541754,74.755843,02-08-2023,low,investigating
Haveri,Savanur,Savanur PS,Robbery,14.844094,75.571109,18-08-2024,low,open
Hassan,Hassan City,Traffic PS,Robbery,12.843515,75.974868,04-11-2024,medium,investigating
Bengaluru Rural,Doddaballapura,Doddaballapura PS,Vehicle Theft,13.235823,77.353329,16-04-2023,low,investigating
Vijayapura,Indi,Indi PS,Murder,17.057041,75.532887,05-07-2024,medium,closed
Haveri,Ranebennur,Town PS,Assault,15.026925,75.377569,05-01-2024,low,closed
Bengaluru Rural,Devanahalli,Devanahalli PS,Assault,13.426385,77.232747,23-04-2023,medium,closed
Chitradurga,Hosadurga,Hosadurga PS,Assault,14.363366,76.68291,15-07-2024,low,closed
Ballari,Sandur,Sandur PS,Fraud,15.007053,77.10059,14-08-2023,medium,investigating
Mangaluru,Mangaluru,Mangaluru North PS,Mobile Theft,12.994486,75.039986,08-02-2023,low,open
Mangaluru,Surathkal,Mulki PS,Mobile Theft,13.197373,74.661923,25-03-2023,low,investigating
Mysuru,Hunsur,Rural PS,Theft,12.546822,76.815239,14-05-2024,low,investigating
Chamarajanagar,Kollegal,Rural PS,Assault,12.050101,77.010881,01-01-2023,low,investigating
Hubballi-Dharwad,Dharwad,Sub Urban PS,Burglary,15.270903,75.194328,26-12-2023,low,investigating
Raichur,Raichur City,Traffic PS,Drug Offense,16.124358,77.241364,05-02-2024,low,investigating
Gadag,Mundargi,Town PS,Theft,15.144449,75.916278,04-09-2024,high,open
Udupi,Karkala,Ajekar PS,Assault,13.421548,74.65512,20-08-2023,high,investigating
Chitradurga,Hosadurga,Town PS,Chain Snatching,14.272994,76.13585,05-12-2024,low,closed
Tumakuru,Tumakuru City,Traffic PS,Drug Offense,13.108732,77.094713,06-06-2024,low,closed
Chikkamagaluru,Chikkamagaluru City,Chikkamagaluru PS,Chain Snatching,13.219532,75.52938,09-09-2024,medium,investigating
Kalaburagi,Sedam,Town PS,Drug Offense,17.490958,76.703945,27-05-2023,medium,investigating
Bidar,Bhalki,Town PS,Kidnapping,17.952967,77.62886,01-05-2023,high,closed
Hubballi-Dharwad,Hubballi,Vidyanagar PS,Murder,15.422533,75.32552,22-03-2024,medium,investigating
Dakshina Kannada,Puttur,Town PS,Cybercrime,12.630752,75.04365,18-07-2023,low,closed
Hubballi-Dharwad,Hubballi,Keshwapur PS,Mobile Theft,15.513701,74.825013,23-04-2024,medium,investigating
Chitradurga,Chitradurga,Town PS,Mobile Theft,13.930905,76.541836,26-06-2024,medium,open
Koppal,Gangavathi,Rural PS,Theft,15.304866,76.159024,01-09-2023,medium,closed
Mangaluru,Mangaluru,Mangaluru North PS,Drug Offense,13.00849,75.104434,20-10-2024,high,investigating
Mysuru,Hunsur,Bilikere PS,Theft,12.506885,76.720284,18-01-2024,medium,open
Hassan,Hassan City,Hassan PS,Robbery,12.896395,75.814868,08-05-2024,low,closed
Hubballi-Dharwad,Hubballi,Old Hubballi PS,Mobile Theft,15.202857,74.961727,09-07-2024,low,open
Mysuru,Nanjangud,Nanjangud Town PS,Fraud,12.578696,76.533682,13-08-2023,medium,closed
Bengaluru Urban,Whitefield,Varthur PS,Vehicle Theft,13.181559,77.860294,09-08-2023,low,open
Yadgir,Shahapur,Rural PS,Domestic Violence,16.70772,77.365781,08-05-2023,low,investigating
Yadgir,Gurmitkal,Town PS,Cybercrime,17.040552,77.086791,15-03-2024,medium,investigating
Yadgir,Shahapur,Town PS,Cybercrime,16.893998,76.938767,08-11-2024,low,closed
Ramanagara,Ramanagara,Ramanagara PS,Chain Snatching,12.554424,77.212999,08-02-2024,medium,investigating
Yadgir,Yadgir City,Town PS,Theft,16.854827,77.140247,23-02-2024,low,investigating
Mandya,Mandya,Town PS,Chain Snatching,12.554248,76.702439,09-12-2023,medium,investigating
Kalaburagi,Kalaburagi City,University PS,Vehicle Theft,17.203626,76.598256,15-09-2023,low,open
Udupi,Kundapura,Kundapura PS,Cybercrime,13.346316,74.485454,06-05-2023,low,open
Shivamogga,Sagara,Rural PS,Mobile Theft,14.060394,75.679707,04-03-2023,high,closed
Chamarajanagar,Chamarajanagar,Town PS,Chain Snatching,11.806,77.056479,26-09-2024,low,open
Haveri,Ranebennur,Ranebennur PS,Fraud,14.565517,75.257591,06-06-2024,high,closed
Yadgir,Gurmitkal,Gurmitkal PS,Assault,16.935481,77.092757,18-11-2024,high,closed
Raichur,Raichur City,Raichur PS,Drug Offense,16.008995,77.454611,27-04-2023,high,open
Gadag,Gadag,Betageri PS,Mobile Theft,15.56912,75.770332,01-10-2023,low,open
Chitradurga,Hiriyur,Town PS,Assault,14.19563,76.215616,07-09-2023,high,closed
Ballari,Sandur,Rural PS,Vehicle Theft,15.310133,77.178045,02-10-2023,medium,closed
Haveri,Haveri,Town PS,Assault,14.540183,75.516912,29-05-2023,low,investigating
Bengaluru Rural,Nelamangala,Traffic PS,Vehicle Theft,12.91958,77.256338,27-09-2023,low,open
Tumakuru,Madhugiri,Town PS,Burglary,13.155765,77.200768,06-03-2024,medium,closed
Chikkaballapura,Chikkaballapura,Traffic PS,Kidnapping,13.321207,77.590183,18-06-2024,low,investigating
Bengaluru Rural,Doddaballapura,Rural PS,Burglary,13.173953,77.300324,05-10-2023,low,closed
Ballari,Hospet,Traffic PS,Land Dispute,15.27202,76.839304,29-04-2023,low,investigating
Mandya,Maddur,Maddur PS,Vehicle Theft,12.614687,76.975124,15-06-2024,low,investigating
Chitradurga,Hosadurga,Rural PS,Fraud,14.014287,76.487648,13-01-2024,low,closed
Belagavi,Gokak,Traffic PS,Mobile Theft,16.034516,74.451986,09-11-2024,low,closed
Yadgir,Shahapur,Town PS,Cybercrime,17.050211,77.204661,16-11-2023,medium,open
Chikkamagaluru,Tarikere,Rural PS,Cybercrime,13.262704,75.600459,02-02-2024,medium,investigating
Chikkamagaluru,Tarikere,Lakkavalli PS,Kidnapping,13.390781,75.851814,04-02-2023,medium,investigating
Hubballi-Dharwad,Dharwad,Traffic PS,Theft,15.109366,75.217421,10-03-2023,high,closed
Kolar,Malur,Town PS,Murder,13.069031,77.952692,13-02-2024,low,investigating
Kolar,Malur,Rural PS,Fraud,13.2028,78.251771,01-07-2023,high,open
Ramanagara,Kanakapura,Kanakapura PS,Land Dispute,12.434928,77.463052,19-12-2024,medium,investigating
Yadgir,Gurmitkal,Gurmitkal PS,Domestic Violence,17.026782,77.121588,22-12-2023,medium,closed
Chikkaballapura,Chikkaballapura,Chikkaballapura PS,Fraud,13.558921,77.968057,28-12-2023,low,investigating
Chitradurga,Hosadurga,Town PS,Vehicle Theft,14.447552,76.692889,05-01-2023,low,open
Kalaburagi,Jewargi,Yadrami PS,Assault,17.611808,76.776805,28-01-2024,medium,open
Kalaburagi,Sedam,Rural PS,Theft,17.582919,76.83904,07-10-2023,medium,open
Chikkamagaluru,Tarikere,Lakkavalli PS,Domestic Violence,13.120469,75.601709,24-10-2023,medium,investigating
Mandya,Srirangapatna,Srirangapatna PS,Domestic Violence,12.768515,77.163222,17-10-2024,low,closed
Tumakuru,Madhugiri,Rural PS,Theft,13.608648,77.272899,02-10-2023,low,open
Koppal,Gangavathi,Gangavathi PS,Drug Offense,15.356957,76.411192,03-03-2023,medium,investigating
Yadgir,Yadgir City,Yadgir PS,Chain Snatching,16.652487,76.894371,21-01-2024,medium,open
Chikkaballapura,Chikkaballapura,Traffic PS,Mobile Theft,13.423804,77.830126,26-04-2024,low,open
Chikkaballapura,Bagepalli,Town PS,Murder,13.356668,77.620596,30-11-2023,medium,investigating
Chamarajanagar,Chamarajanagar,Chamarajanagar PS,Land Dispute,12.101392,76.972466,04-03-2023,medium,investigating
Hubballi-Dharwad,Navanagar,Town PS,Domestic Violence,15.245823,75.091998,10-09-2024,low,investigating
Ballari,Sandur,Rural PS,Assault,15.222046,77.191992,10-10-2023,low,open
Bidar,Bidar City,Bidar PS,Cybercrime,18.012501,77.278271,12-09-2024,medium,investigating
Kalaburagi,Jewargi,Rural PS,Robbery,17.247592,76.984726,30-03-2024,medium,investigating
Raichur,Sindhanur,Town PS,Mobile Theft,16.271314,77.561944,30-10-2024,low,open
Tumakuru,Tiptur,Town PS,Murder,13.615898,76.979731,11-10-2023,medium,investigating
Chikkaballapura,Bagepalli,Bagepalli PS,Assault,13.306591,77.591464,02-12-2023,medium,closed
Mangaluru,Mangaluru,Mangaluru South PS,Domestic Violence,12.927514,74.96693,23-09-2023,low,closed
Kolar,Malur,Rural PS,Land Dispute,13.185814,77.856194,11-04-2024,low,closed
Hubballi-Dharwad,Dharwad,Traffic PS,Murder,15.413408,74.87544,15-04-2024,medium,open
Kolar,Bangarapet,Town PS,Vehicle Theft,13.36285,78.296854,16-03-2023,low,closed
Bengaluru Rural,Nelamangala,Traffic PS,Cybercrime,13.03719,77.361707,30-08-2024,low,closed
Gadag,Gadag,Traffic PS,Fraud,15.237041,75.591477,08-10-2024,medium,open
Kolar,Kolar,Kolar PS,Mobile Theft,13.299705,78.030678,30-08-2024,low,open
Hubballi-Dharwad,Dharwad,Dharwad Town PS,Domestic Violence,15.385192,74.929728,14-12-2023,high,investigating
Bengaluru Urban,Koramangala,HSR Layout PS,Assault,12.828209,77.584287,14-09-2024,high,investigating
Udupi,Udupi,Manipal PS,Mobile Theft,13.323226,74.500708,22-06-2023,medium,open
Mangaluru,Ullal,Konaje PS,Assault,12.923506,74.913712,18-05-2024,low,open
Dakshina Kannada,Sullia,Rural PS,Burglary,12.583675,74.992367,08-03-2024,low,open
Vijayapura,Vijayapura City,Gandhi Chowk PS,Fraud,16.559394,75.893978,24-09-2023,medium,open
Kalaburagi,Sedam,Sedam PS,Drug Offense,17.147427,76.860153,25-10-2024,high,open
Yadgir,Yadgir City,Traffic PS,Cybercrime,16.985201,77.140523,22-09-2024,high,closed
Hassan,Sakleshpur,Town PS,Theft,13.235565,76.149059,28-10-2023,medium,open
Koppal,Kushtagi,Town PS,Cybercrime,15.163858,76.035715,13-12-2023,low,closed
Mandya,Srirangapatna,Town PS,Assault,12.26847,76.93922,15-05-2024,low,open
Bengaluru Urban,Whitefield,Kadugodi PS,Assault,12.944789,77.442417,21-11-2023,low,open
Chitradurga,Chitradurga,Town PS,Drug Offense,14.205756,76.115732,07-10-2023,low,closed
Kalaburagi,Sedam,Sedam PS,Chain Snatching,17.476057,76.646135,31-12-2023,medium,closed
Ramanagara,Magadi,Rural PS,Vehicle Theft,12.688046,77.548545,18-09-2023,low,closed
Chitradurga,Hosadurga,Hosadurga PS,Assault,14.255827,76.455135,26-09-2023,medium,investigating
Ramanagara,Magadi,Rural PS,Robbery,12.784978,77.286844,14-02-2024,high,open
Chitradurga,Hiriyur,Rural PS,Drug Offense,14.039604,76.235092,02-02-2024,low,investigating
Kodagu,Madikeri,Rural PS,Cybercrime,12.449608,75.796701,21-06-2024,medium,open
Gadag,Ron,Rural PS,Cybercrime,15.192085,75.643051,28-12-2023,low,investigating
Raichur,Manvi,Rural PS,Theft,16.076633,77.230706,07-06-2024,medium,open
Mangaluru,Mangaluru,Pandeshwar PS,Drug Offense,12.905334,74.601451,17-03-2023,low,investigating
Mandya,Srirangapatna,Rural PS,Fraud,12.816843,76.615572,21-09-2024,low,closed
Uttara Kannada,Sirsi,Town PS,Kidnapping,15.021076,74.991531,04-05-2023,low,investigating
Davangere,Honnali,Nyamathi PS,Robbery,14.211045,75.76244,11-04-2023,low,open
Koppal,Gangavathi,Gangavathi PS,Chain Snatching,15.233166,75.901258,15-06-2024,medium,investigating
Bengaluru Urban,Whitefield,Whitefield PS,Kidnapping,12.716859,77.646295,25-07-2023,low,closed
Mandya,Maddur,Rural PS,Mobile Theft,12.470887,76.737093,23-08-2024,medium,closed
Ballari,Hospet,Traffic PS,Theft,15.343429,76.817933,10-05-2023,medium,investigating
Kodagu,Virajpet,Virajpet PS,Cybercrime,12.157852,75.554454,08-01-2024,low,closed
Davangere,Harihar,Harihar PS,Cybercrime,14.395596,75.719265,14-04-2023,high,open
Hubballi-Dharwad,Dharwad,Sub Urban PS,Drug Offense,15.510646,74.837852,01-02-2024,medium,closed
Chikkamagaluru,Kadur,Town PS,Drug Offense,13.186724,75.808242,08-10-2024,low,closed
Chamarajanagar,Kollegal,Rural PS,Kidnapping,11.786007,77.054672,22-07-2024,medium,investigating
Shivamogga,Bhadravati,Bhadravati PS,Chain Snatching,13.950483,75.300412,04-03-2023,medium,open
Hubballi-Dharwad,Navanagar,Town PS,Robbery,15.267463,75.415135,07-08-2023,medium,open
Shivamogga,Shivamogga City,Doddapete PS,Mobile Theft,14.152181,75.575484,07-08-2023,low,open
Kodagu,Madikeri,Traffic PS,Murder,12.234627,75.745588,15-01-2024,low,closed
Kolar,Bangarapet,Town PS,Land Dispute,12.98394,78.359021,02-03-2023,low,investigating
Belagavi,Belagavi City,Belagavi PS,Mobile Theft,16.095746,74.347341,13-12-2024,low,investigating
Ballari,Hospet,Hospet Town PS,Cybercrime,15.099024,77.081746,25-04-2023,medium,investigating
Kolar,Bangarapet,Town PS,Assault,13.332098,78.006588,24-10-2024,low,investigating
Tumakuru,Tumakuru City,Traffic PS,Drug Offense,13.269864,77.36611,06-12-2024,medium,closed
Tumakuru,Madhugiri,Madhugiri PS,Domestic Violence,13.172365,77.386996,14-10-2024,low,open
Bengaluru Rural,Doddaballapura,Town PS,Mobile Theft,13.419718,77.558491,27-01-2024,low,closed
Tumakuru,Tumakuru City,Tumakuru PS,Murder,13.514821,76.935188,10-04-2024,low,investigating
Dakshina Kannada,Bantwal,Town PS,Assault,12.645801,75.335331,01-08-2024,medium,investigating
Chamarajanagar,Gundlupet,Town PS,Assault,11.731501,77.024563,04-02-2024,low,closed
Mangaluru,Ullal,Kotekar PS,Land Dispute,12.691224,74.944676,01-08-2024,low,open
Ballari,Ballari City,Ballari PS,Domestic Violence,15.154603,76.690137,13-01-2023,low,open
Bengaluru Urban,Yelahanka,Yelahanka PS,Kidnapping,12.840734,77.747394,26-03-2024,low,open
Uttara Kannada,Karwar,Traffic PS,Kidnapping,14.937781,74.440247,18-10-2024,low,investigating
Dakshina Kannada,Puttur,Traffic PS,Drug Offense,12.928967,75.285013,25-04-2024,low,open
Raichur,Manvi,Town PS,Vehicle Theft,16.027839,77.233313,29-06-2024,medium,open
Hassan,Sakleshpur,Sakleshpur PS,Chain Snatching,12.81278,76.142414,02-05-2023,medium,investigating
Hassan,Sakleshpur,Town PS,Assault,12.845741,75.902783,21-03-2024,high,closed
Haveri,Haveri,Haveri PS,Burglary,15.082831,75.174988,26-11-2023,low,closed
Tumakuru,Tiptur,Town PS,Murder,13.04565,76.904113,31-03-2023,medium,investigating
Tumakuru,Tiptur,Town PS,Murder,13.539911,76.908261,25-03-2024,low,closed
Gadag,Gadag,Traffic PS,Cybercrime,15.515105,75.836896,03-09-2024,medium,open
Ballari,Hospet,Traffic PS,Theft,15.149227,76.837512,25-07-2024,medium,investigating
Bengaluru Rural,Nelamangala,Soladevanahalli PS,Assault,12.934652,77.319368,27-04-2023,low,investigating
Chikkamagaluru,Chikkamagaluru City,Town PS,Cybercrime,13.534653,75.801657,17-04-2024,low,closed
Ballari,Hospet,Rural PS,Fraud,15.439391,76.71843,04-02-2024,low,open
Kolar,Kolar,Traffic PS,Assault,13.127773,77.889547,04-09-2023,medium,closed
Chitradurga,Chitradurga,Chitradurga PS,Robbery,14.459604,76.321934,10-11-2023,low,closed
Hassan,Arsikere,Rural PS,Theft,12.866071,75.938935,29-09-2024,medium,closed
Mysuru,Mysuru City,Devaraja PS,Domestic Violence,12.018889,76.694638,25-02-2024,high,investigating
Chikkamagaluru,Chikkamagaluru City,Town PS,Theft,13.596276,75.490295,19-01-2023,medium,closed
Uttara Kannada,Bhatkal,Rural PS,Drug Offense,14.916011,74.41217,16-05-2024,medium,open
Bengaluru Rural,Devanahalli,Vijayapura PS,Theft,12.931403,77.496294,29-08-2024,low,investigating
Bengaluru Urban,Koramangala,HSR Layout PS,Domestic Violence,12.880125,77.809688,29-03-2023,high,closed
Mangaluru,Surathkal,Surathkal PS,Fraud,13.197396,74.55893,15-10-2023,high,closed
Tumakuru,Tiptur,Tiptur PS,Burglary,13.622102,77.131443,07-05-2024,medium,investigating
Bengaluru Rural,Devanahalli,Vijayapura PS,Cybercrime,13.100284,77.294926,26-08-2024,high,investigating
Chikkaballapura,Bagepalli,Bagepalli PS,Kidnapping,13.530472,77.71242,04-11-2024,low,open
Yadgir,Yadgir City,Town PS,Domestic Violence,16.527238,77.035504,27-12-2023,high,closed
Chitradurga,Hosadurga,Rural PS,Land Dispute,14.112658,76.590315,30-01-2023,low,closed
Yadgir,Shahapur,Rural PS,Robbery,16.685552,77.403548,03-01-2024,low,open
Kalaburagi,Kalaburagi City,University PS,Murder,17.182414,77.001339,05-04-2023,low,open
Chitradurga,Hosadurga,Town PS,Vehicle Theft,14.498051,76.607855,02-08-2023,low,investigating
Belagavi,Gokak,Gokak Town PS,Vehicle Theft,15.960005,74.456318,22-06-2024,medium,closed
Vijayapura,Vijayapura City,Gandhi Chowk PS,Robbery,16.875377,75.471048,08-12-2024,high,open
Raichur,Sindhanur,Rural PS,Kidnapping,16.196281,77.066457,11-05-2023,medium,open
Vijayapura,Sindagi,Sindagi PS,Drug Offense,16.688734,75.711867,27-10-2024,low,investigating
Mandya,Srirangapatna,Town PS,Drug Offense,12.393688,76.910545,04-01-2023,low,investigating
Chamarajanagar,Chamarajanagar,Chamarajanagar PS,Land Dispute,12.16001,76.953976,25-01-2024,low,closed
Koppal,Kushtagi,Town PS,Theft,15.484025,76.246045,28-05-2024,high,investigating
Raichur,Raichur City,West PS,Murder,16.44332,77.601731,21-12-2024,low,closed
Mandya,Maddur,Maddur PS,Drug Offense,12.303467,77.091781,12-10-2024,medium,investigating
Mangaluru,Surathkal,Surathkal PS,Drug Offense,13.098328,74.568422,18-01-2023,low,open
Hassan,Sakleshpur,Rural PS,Assault,12.782867,76.020981,11-05-2024,low,closed
Hassan,Sakleshpur,Rural PS,Chain Snatching,12.815501,75.82851,20-04-2023,medium,closed
Uttara Kannada,Sirsi,Rural PS,Domestic Violence,14.970538,74.636302,09-03-2024,medium,closed
Raichur,Manvi,Town PS,Robbery,16.344052,77.429643,16-01-2024,low,investigating
Mysuru,Nanjangud,Rural PS,Kidnapping,12.533163,76.375203,11-07-2023,low,open
Chikkaballapura,Chikkaballapura,Chikkaballapura PS,Theft,13.204275,77.517815,21-02-2023,low,open
Bidar,Bidar City,New Town PS,Burglary,17.621991,77.590124,30-09-2024,low,closed
Raichur,Manvi,Town PS,Burglary,16.402047,77.199815,20-06-2024,medium,closed
Kodagu,Madikeri,Traffic PS,Vehicle Theft,12.591809,75.616127,06-11-2024,medium,closed
Hubballi-Dharwad,Hubballi,Vidyanagar PS,Chain Snatching,15.530774,75.4219,24-05-2023,high,investigating
Yadgir,Gurmitkal,Town PS,Cybercrime,16.602557,77.301298,20-05-2024,low,investigating
Haveri,Haveri,Haveri PS,Fraud,14.552606,75.385466,12-10-2023,medium,open
Davangere,Honnali,Honnali PS,Domestic Violence,14.233242,76.127821,27-11-2024,low,closed
Tumakuru,Tiptur,Rural PS,Kidnapping,13.408146,77.016693,23-04-2023,medium,open
Chitradurga,Hosadurga,Hosadurga PS,Chain Snatching,14.356469,76.460618,04-03-2023,low,closed
Gadag,Ron,Rural PS,Land Dispute,15.207177,75.553978,02-10-2024,medium,investigating
Yadgir,Yadgir City,Town PS,Vehicle Theft,16.542232,77.030185,17-11-2024,low,closed
Yadgir,Gurmitkal,Town PS,Burglary,16.539998,76.854499,12-07-2024,high,investigating
Udupi,Udupi,Manipal PS,Cybercrime,13.135323,74.506302,13-05-2024,medium,closed
Chitradurga,Hiriyur,Town PS,Vehicle Theft,14.018437,76.36481,20-08-2023,medium,investigating
Raichur,Manvi,Manvi PS,Cybercrime,16.324574,77.331065,01-01-2024,low,investigating
Ballari,Sandur,Toranagallu PS,Murder,15.077266,77.098148,15-05-2024,low,open
Belagavi,Belagavi City,Tilakwadi PS,Domestic Violence,15.929947,74.772805,19-01-2023,low,investigating
Yadgir,Gurmitkal,Rural PS,Theft,16.908431,77.429637,14-10-2023,high,open
Uttara Kannada,Karwar,Traffic PS,Drug Offense,14.51728,74.848548,28-06-2023,medium,open
Davangere,Harihar,Harihar PS,Cybercrime,14.744749,75.727459,15-06-2023,low,investigating
Raichur,Manvi,Town PS,Theft,16.138392,77.522626,27-12-2023,medium,open
Chamarajanagar,Kollegal,Town PS,Kidnapping,12.170714,76.77705,26-12-2024,medium,investigating
Vijayapura,Vijayapura City,Traffic PS,Domestic Violence,16.793015,75.666464,02-09-2024,low,open
Gadag,Ron,Town PS,Cybercrime,15.676795,75.724243,28-02-2023,low,investigating
Hubballi-Dharwad,Hubballi,Vidyanagar PS,Robbery,15.238679,75.31808,13-10-2023,low,investigating
Raichur,Sindhanur,Town PS,Burglary,16.121049,77.634341,19-06-2024,medium,investigating
Haveri,Ranebennur,Ranebennur PS,Cybercrime,14.994895,75.677236,23-05-2024,medium,investigating
Chitradurga,Hiriyur,Hiriyur PS,Cybercrime,14.105014,76.47421,06-01-2023,medium,closed
Mysuru,Nanjangud,Nanjangud Town PS,Burglary,12.181194,76.362704,23-06-2023,low,closed
Kalaburagi,Kalaburagi City,Brahmapur PS,Chain Snatching,17.085174,76.923562,04-02-2024,medium,investigating
Ballari,Ballari City,Ballari PS,Domestic Violence,14.986075,76.900996,15-03-2023,low,closed
Mangaluru,Ullal,Konaje PS,Fraud,12.760115,74.897989,29-12-2023,medium,open
Kodagu,Virajpet,Town PS,Mobile Theft,12.081569,75.982695,05-05-2023,medium,investigating
Shivamogga,Shivamogga City,Vinobanagar PS,Mobile Theft,13.888135,75.748728,29-10-2023,medium,open
Kolar,Kolar,Kolar PS,Assault,13.173174,78.110159,15-05-2023,low,closed
Kodagu,Madikeri,Rural PS,Mobile Theft,12.359159,75.51894,21-02-2023,high,closed
Chitradurga,Hiriyur,Hiriyur PS,Fraud,14.418097,76.333339,29-02-2024,medium,closed
Gadag,Ron,Ron PS,Robbery,15.473824,75.572864,21-07-2023,low,closed
Tumakuru,Madhugiri,Madhugiri PS,Mobile Theft,13.525863,77.104638,26-07-2023,low,investigating
Ballari,Hospet,Hospet Town PS,Domestic Violence,15.096274,77.16265,22-05-2023,low,open
Koppal,Koppal City,Traffic PS,Fraud,15.119883,76.406456,31-05-2024,low,investigating
Chikkamagaluru,Chikkamagaluru City,Chikkamagaluru PS,Robbery,13.566222,75.54662,31-12-2023,low,investigating
Mysuru,Nanjangud,Traffic PS,Land Dispute,12.462333,76.349972,09-11-2024,low,investigating
Kodagu,Madikeri,Madikeri PS,Assault,12.328631,76.022837,06-10-2023,medium,closed
Mangaluru,Ullal,Ullal PS,Domestic Violence,13.062876,74.863371,01-03-2023,low,open
Kolar,Kolar,Kolar PS,Land Dispute,13.365665,78.393873,31-03-2024,medium,open
Shivamogga,Shivamogga City,Traffic PS,Theft,14.174787,75.751794,19-09-2024,medium,closed
Kodagu,Madikeri,Traffic PS,Mobile Theft,12.565101,75.993974,17-04-2024,medium,investigating
Yadgir,Shahapur,Rural PS,Assault,16.956505,76.98076,25-06-2024,medium,investigating
Tumakuru,Tiptur,Rural PS,Drug Offense,13.280148,76.856084,02-06-2023,medium,investigating
Hubballi-Dharwad,Hubballi,Keshwapur PS,Land Dispute,15.367951,75.023314,17-01-2023,medium,open
Mangaluru,Ullal,Kotekar PS,Robbery,13.107813,75.038098,06-12-2023,low,closed
Bengaluru Urban,Yelahanka,Attur PS,Murder,13.08297,77.472509,07-09-2024,low,closed
Hubballi-Dharwad,Hubballi,Old Hubballi PS,Cybercrime,15.468505,75.089495,13-01-2024,high,investigating
Haveri,Savanur,Savanur PS,Drug Offense,14.695686,75.39958,21-04-2023,low,closed
Kolar,Bangarapet,Bangarapet PS,Mobile Theft,12.978079,78.269443,29-12-2023,low,investigating
Gadag,Ron,Rural PS,Vehicle Theft,15.512277,75.775006,15-05-2024,medium,closed
Udupi,Kundapura,Gangolli PS,Cybercrime,13.575584,74.614748,08-01-2023,low,open
Kalaburagi,Sedam,Sedam PS,Assault,17.199365,76.866307,15-01-2024,low,open
Raichur,Sindhanur,Sindhanur PS,Assault,16.312218,77.205833,20-04-2023,low,investigating
Mandya,Srirangapatna,Srirangapatna PS,Vehicle Theft,12.767593,76.777586,07-04-2024,medium,open
Chikkaballapura,Chikkaballapura,Town PS,Chain Snatching,13.67909,78.000828,27-07-2024,medium,open
Uttara Kannada,Bhatkal,Rural PS,Drug Offense,15.077412,74.583959,07-11-2024,low,investigating
Haveri,Haveri,Haveri PS,Cybercrime,14.780502,75.266019,20-03-2024,medium,closed
Davangere,Davangere City,KTJ Nagar PS,Robbery,14.203918,75.825094,16-06-2024,low,investigating
Chikkaballapura,Sidlaghatta,Rural PS,Murder,13.50697,77.577045,20-02-2023,medium,investigating
Haveri,Haveri,Haveri PS,Land Dispute,14.859015,75.429697,08-06-2023,high,closed
Udupi,Karkala,Hebri PS,Domestic Violence,13.619509,74.488579,13-09-2023,low,closed
Udupi,Udupi,Manipal PS,Land Dispute,13.101298,74.609383,18-04-2024,medium,open
Chitradurga,Hosadurga,Rural PS,Vehicle Theft,14.424056,76.213863,23-05-2023,low,investigating
Raichur,Raichur City,Raichur PS,Kidnapping,16.477853,77.110053,26-06-2023,medium,investigating
Davangere,Davangere City,KTJ Nagar PS,Assault,14.178938,75.784978,09-11-2023,low,investigating
Kalaburagi,Sedam,Sedam PS,Theft,17.616185,76.879413,20-05-2024,medium,open
Tumakuru,Madhugiri,Madhugiri PS,Drug Offense,13.408299,77.401345,04-01-2024,low,investigating
Ramanagara,Kanakapura,Rural PS,Mobile Theft,12.463347,77.220848,13-07-2023,low,open
Bidar,Bidar City,Bidar PS,Chain Snatching,17.939163,77.43291,06-03-2023,medium,investigating
Koppal,Gangavathi,Rural PS,Chain Snatching,15.624317,76.08074,22-02-2023,low,closed
Kolar,Malur,Rural PS,Assault,12.940979,78.410368,03-11-2024,low,open
Davangere,Davangere City,Traffic PS,Chain Snatching,14.228216,75.645457,03-09-2024,high,closed
Tumakuru,Tiptur,Town PS,Kidnapping,13.390686,77.198463,23-04-2024,medium,closed
Chikkaballapura,Chikkaballapura,Chikkaballapura PS,Robbery,13.396418,77.715381,29-03-2024,high,closed
Chitradurga,Chitradurga,Town PS,Drug Offense,14.151604,76.539358,08-09-2024,medium,closed
Kolar,Bangarapet,Rural PS,Murder,13.193189,78.383941,02-05-2023,medium,investigating
Bengaluru Rural,Doddaballapura,Town PS,Kidnapping,13.125126,77.383049,21-03-2024,high,investigating
Mandya,Mandya,Mandya PS,Theft,12.338329,77.073958,20-05-2024,medium,closed
Uttara Kannada,Bhatkal,Rural PS,Assault,14.48871,74.698501,10-11-2023,medium,closed
Mangaluru,Ullal,Kotekar PS,Drug Offense,12.773175,74.705711,31-03-2023,low,open
Gadag,Ron,Town PS,Vehicle Theft,15.594567,75.500547,06-03-2024,high,closed
Hubballi-Dharwad,Dharwad,Dharwad Town PS,Theft,15.383606,75.033711,09-06-2023,low,open
Ballari,Ballari City,Ballari PS,Drug Offense,15.15172,77.202848,18-05-2023,medium,open
Bidar,Basavakalyan,Rural PS,Theft,17.636825,77.658824,25-09-2023,low,open
Ramanagara,Kanakapura,Kanakapura PS,Kidnapping,12.992501,77.457774,29-03-2024,medium,investigating
Davangere,Honnali,Honnali PS,Kidnapping,14.427952,75.853135,15-03-2024,low,open
Mysuru,Hunsur,Bilikere PS,Murder,12.319871,76.788927,07-03-2024,medium,open
Mysuru,Nanjangud,Traffic PS,Chain Snatching,12.483811,76.344668,05-04-2023,medium,open
Dakshina Kannada,Sullia,Rural PS,Chain Snatching,12.875364,75.272861,27-12-2023,medium,closed
Bengaluru Rural,Doddaballapura,Rural PS,Burglary,13.438202,77.645553,31-05-2023,medium,investigating
Chamarajanagar,Gundlupet,Town PS,Theft,12.146909,76.893188,13-09-2024,medium,closed
Bidar,Basavakalyan,Town PS,Chain Snatching,17.742494,77.628824,02-07-2023,high,investigating
Raichur,Manvi,Manvi PS,Theft,16.150262,77.542365,08-11-2023,low,investigating
Ballari,Hospet,Traffic PS,Burglary,15.205845,76.925407,23-08-2024,medium,closed
Kolar,Bangarapet,Town PS,Drug Offense,13.057737,78.223853,01-08-2023,medium,closed
Hassan,Sakleshpur,Town PS,Land Dispute,12.786129,75.827832,11-06-2023,low,closed
Hassan,Sakleshpur,Rural PS,Land Dispute,13.22378,75.865931,17-01-2024,medium,closed
Ramanagara,Magadi,Rural PS,Vehicle Theft,12.490299,77.50258,07-09-2024,low,closed
Mandya,Mandya,Mandya PS,Kidnapping,12.371247,77.035907,10-04-2023,medium,investigating
Raichur,Raichur City,Traffic PS,Kidnapping,15.947658,77.528679,30-11-2023,high,open
Bengaluru Urban,Koramangala,Madiwala PS,Drug Offense,12.87271,77.746174,02-03-2024,medium,investigating
Yadgir,Gurmitkal,Rural PS,Fraud,16.821968,77.177532,11-06-2024,low,open
Kodagu,Somwarpet,Somwarpet PS,Land Dispute,12.266636,76.072036,31-10-2023,low,open
Vijayapura,Sindagi,Sindagi PS,Cybercrime,16.706008,75.614134,30-04-2024,medium,closed
Shivamogga,Bhadravati,Bhadravati PS,Chain Snatching,14.017407,75.29331,09-05-2023,low,closed
Kolar,Kolar,Traffic PS,Cybercrime,12.950442,78.071914,25-02-2024,high,closed
Hassan,Sakleshpur,Sakleshpur PS,Cybercrime,13.029323,75.871131,17-11-2024,low,investigating
Udupi,Udupi,Udupi Town PS,Mobile Theft,13.061805,74.712944,03-11-2024,low,open
Raichur,Sindhanur,Town PS,Chain Snatching,16.119786,77.612167,15-01-2024,medium,open
Tumakuru,Madhugiri,Madhugiri PS,Kidnapping,13.53863,77.112486,01-02-2023,medium,open
Tumakuru,Tiptur,Rural PS,Land Dispute,13.245164,76.898108,04-02-2023,high,open
Gadag,Ron,Rural PS,Cybercrime,15.303397,75.610617,06-09-2023,medium,open
Raichur,Raichur City,Traffic PS,Murder,16.257185,77.270197,28-01-2024,high,investigating
Bidar,Basavakalyan,Town PS,Land Dispute,17.887002,77.356664,08-03-2023,low,closed
Chikkaballapura,Bagepalli,Bagepalli PS,Burglary,13.349532,77.516247,13-06-2023,low,investigating
Mangaluru,Surathkal,Surathkal PS,Theft,13.121403,75.049137,16-09-2024,low,open
Belagavi,Chikodi,Chikodi PS,Domestic Violence,15.808918,74.389447,28-06-2023,medium,open
Bengaluru Rural,Devanahalli,Airport PS,Drug Offense,13.259868,77.175153,13-12-2024,low,open
Mangaluru,Ullal,Konaje PS,Domestic Violence,12.793349,75.003274,24-09-2024,high,closed
Kodagu,Madikeri,Rural PS,Land Dispute,12.592669,75.86523,16-01-2023,low,closed
Belagavi,Belagavi City,Market PS,Kidnapping,16.005773,74.639336,14-06-2023,low,investigating
Tumakuru,Tumakuru City,Traffic PS,Robbery,13.580586,77.241586,24-12-2024,low,investigating
Chitradurga,Hosadurga,Town PS,Chain Snatching,13.961583,76.323607,11-12-2023,high,closed
Koppal,Gangavathi,Gangavathi PS,Robbery,15.154567,75.943641,22-08-2023,medium,open
Gadag,Mundargi,Mundargi PS,Assault,15.686634,75.620048,29-03-2024,high,investigating
Bidar,Basavakalyan,Basavakalyan PS,Assault,17.994277,77.538253,29-07-2023,high,investigating
Bidar,Basavakalyan,Town PS,Vehicle Theft,17.918171,77.478297,15-09-2023,medium,closed
Bidar,Bhalki,Town PS,Drug Offense,17.621991,77.601348,29-12-2024,medium,investigating
Chamarajanagar,Gundlupet,Gundlupet PS,Land Dispute,12.090409,77.077894,25-07-2023,high,investigating
Vijayapura,Sindagi,Rural PS,Assault,16.580607,75.638299,30-04-2023,medium,open
Chitradurga,Chitradurga,Town PS,Fraud,13.936051,76.32816,03-12-2023,high,open
Haveri,Haveri,Traffic PS,Kidnapping,14.768965,75.405387,05-12-2024,low,investigating
Kolar,Kolar,Kolar PS,Kidnapping,13.39135,78.171261,08-07-2023,low,closed
Kodagu,Somwarpet,Rural PS,Chain Snatching,12.542359,75.659616,17-02-2024,low,open
Gadag,Gadag,Traffic PS,Assault,15.159157,75.554613,11-08-2023,low,investigating
Haveri,Savanur,Savanur PS,Domestic Violence,15.029893,75.317713,16-06-2024,medium,closed
Tumakuru,Madhugiri,Madhugiri PS,Robbery,13.403328,77.140768,26-02-2024,low,investigating
Kalaburagi,Sedam,Town PS,Domestic Violence,17.126245,76.906017,20-12-2023,medium,open
Chamarajanagar,Gundlupet,Gundlupet PS,Murder,11.870808,76.894111,12-03-2024,low,open
Uttara Kannada,Sirsi,Sirsi PS,Murder,14.673843,74.831228,29-08-2023,medium,investigating
Chamarajanagar,Gundlupet,Town PS,Theft,11.957738,76.927176,12-05-2023,high,closed
Koppal,Koppal City,Town PS,Theft,15.124365,76.187339,23-09-2023,low,closed
Koppal,Kushtagi,Kushtagi PS,Murder,15.220613,76.114435,12-09-2024,low,investigating
Haveri,Ranebennur,Ranebennur PS,Robbery,14.973287,75.689195,02-06-2023,low,closed
Davangere,Honnali,Nyamathi PS,Chain Snatching,14.707782,75.82107,27-05-2024,low,open
Chikkaballapura,Bagepalli,Town PS,Assault,13.637901,77.594962,16-11-2023,high,open
Uttara Kannada,Sirsi,Town PS,Fraud,14.649922,74.51393,10-05-2023,medium,investigating
Gadag,Gadag,Traffic PS,Drug Offense,15.240234,75.356373,19-01-2024,low,closed
Bengaluru Rural,Devanahalli,Airport PS,Kidnapping,13.259955,77.501714,15-03-2023,high,open
Shivamogga,Shivamogga City,Vinobanagar PS,Domestic Violence,14.104891,75.34944,11-06-2024,high,investigating
Chikkamagaluru,Chikkamagaluru City,Town PS,Murder,13.33391,75.841849,24-11-2024,high,open
Uttara Kannada,Sirsi,Town PS,Vehicle Theft,14.73387,74.880272,16-11-2023,low,closed
Belagavi,Gokak,Gokak Town PS,Chain Snatching,15.564863,74.642753,12-10-2024,low,open
Davangere,Harihar,Harihar PS,Robbery,14.562171,76.024408,31-10-2023,low,closed
Bidar,Bhalki,Rural PS,Chain Snatching,17.841455,77.395143,21-03-2024,medium,closed
Uttara Kannada,Karwar,Karwar Town PS,Mobile Theft,14.962127,74.517047,20-09-2024,high,investigating
Bidar,Bidar City,New Town PS,Theft,18.023914,77.224309,07-01-2024,high,closed
Hubballi-Dharwad,Dharwad,Dharwad Town PS,Mobile Theft,15.149004,75.026516,08-12-2024,high,open
Bidar,Bidar City,Traffic PS,Kidnapping,18.091414,77.246006,14-01-2024,low,closed
Vijayapura,Indi,Town PS,Burglary,16.642737,75.716345,27-10-2023,high,open
Chikkamagaluru,Tarikere,Tarikere PS,Robbery,13.377516,75.989614,28-05-2024,medium,open
Mandya,Maddur,Maddur PS,Cybercrime,12.344432,76.712755,19-09-2024,high,closed
Chikkamagaluru,Kadur,Town PS,Fraud,13.120499,75.565294,27-11-2023,high,open
Bidar,Bhalki,Bhalki PS,Burglary,17.725711,77.593064,21-07-2024,medium,closed
Koppal,Gangavathi,Gangavathi PS,Vehicle Theft,15.194892,76.191406,17-06-2024,low,investigating
Bengaluru Rural,Nelamangala,Soladevanahalli PS,Murder,12.910699,77.603117,12-03-2023,low,closed
Chamarajanagar,Kollegal,Town PS,Chain Snatching,12.179407,76.999902,18-01-2024,medium,closed
Tumakuru,Madhugiri,Madhugiri PS,Kidnapping,13.595115,77.396734,08-11-2024,low,open
Bidar,Bhalki,Rural PS,Drug Offense,17.777318,77.372599,29-04-2024,low,open
Mysuru,Mysuru City,Nazarbad PS,Kidnapping,12.280288,76.738496,24-06-2024,low,investigating
Chitradurga,Hiriyur,Town PS,Drug Offense,13.98481,76.45393,10-06-2023,low,investigating
Kolar,Malur,Malur PS,Chain Snatching,12.844037,78.312589,10-07-2023,low,investigating
Belagavi,Chikodi,Rural PS,Kidnapping,16.11372,74.370833,08-10-2024,low,open
Ramanagara,Magadi,Rural PS,Mobile Theft,12.925328,77.157926,12-06-2023,low,investigating
Mangaluru,Ullal,Konaje PS,Burglary,12.668629,74.963258,25-05-2023,low,closed
Gadag,Gadag,Gadag Town PS,Assault,15.390704,75.580779,21-12-2023,medium,open
Uttara Kannada,Bhatkal,Bhatkal PS,Mobile Theft,14.948504,74.760581,12-10-2023,high,open
Mangaluru,Mangaluru,Pandeshwar PS,Fraud,12.99207,74.913512,01-02-2023,low,investigating
Chamarajanagar,Kollegal,Town PS,Fraud,11.960837,76.823534,02-07-2024,low,closed
Mangaluru,Mangaluru,Mangaluru North PS,Cybercrime,12.817046,74.875052,15-12-2024,low,open
Bengaluru Rural,Devanahalli,Vijayapura PS,Theft,13.177169,77.388437,28-05-2024,low,investigating
Bengaluru Urban,Koramangala,Koramangala PS,Land Dispute,12.796888,77.398631,09-11-2023,high,investigating
Mangaluru,Mangaluru,Mangaluru South PS,Murder,12.772672,75.133207,07-04-2024,low,closed
Vijayapura,Sindagi,Town PS,Murder,17.129259,75.683818,01-06-2023,low,investigating
Bengaluru Rural,Doddaballapura,Town PS,Robbery,12.913534,77.699531,19-01-2023,high,open
Mysuru,Nanjangud,Nanjangud Town PS,Cybercrime,12.399876,76.538919,06-12-2024,low,closed
Chikkamagaluru,Tarikere,Tarikere PS,Drug Offense,13.450531,75.809083,05-11-2024,low,open
Raichur,Raichur City,Traffic PS,Murder,16.359461,77.169902,25-08-2024,low,investigating
Kalaburagi,Kalaburagi City,Station Bazaar PS,Assault,17.065625,76.712349,25-02-2023,medium,investigating
Hassan,Sakleshpur,Rural PS,Robbery,13.159249,75.905835,21-06-2024,low,open
Ramanagara,Ramanagara,Traffic PS,Domestic Violence,12.416538,77.462416,17-07-2024,low,open
Raichur,Sindhanur,Rural PS,Kidnapping,15.941809,77.10207,12-02-2023,low,investigating
Koppal,Gangavathi,Rural PS,Land Dispute,15.050924,76.017318,28-03-2024,high,open
Haveri,Haveri,Town PS,Land Dispute,14.825018,75.444223,26-10-2023,low,closed
Kolar,Bangarapet,Bangarapet PS,Land Dispute,13.326747,78.034055,24-08-2023,high,investigating
Hassan,Arsikere,Town PS,Land Dispute,13.08167,76.215145,22-10-2024,low,closed
Vijayapura,Sindagi,Rural PS,Vehicle Theft,16.777088,75.775813,29-09-2023,high,closed
Chikkaballapura,Bagepalli,Rural PS,Domestic Violence,13.231362,77.471568,14-12-2023,high,investigating
Ramanagara,Ramanagara,Town PS,Theft,12.439371,77.397243,25-10-2023,low,open
Kolar,Kolar,Kolar PS,Robbery,12.862248,78.182846,15-11-2023,medium,investigating
Raichur,Sindhanur,Rural PS,Assault,16.056623,77.083778,15-05-2024,low,closed
Hubballi-Dharwad,Hubballi,Old Hubballi PS,Domestic Violence,15.113422,75.279704,23-11-2024,high,open
Koppal,Gangavathi,Gangavathi PS,Kidnapping,15.396676,76.256639,18-02-2024,high,investigating
Kolar,Malur,Rural PS,Burglary,13.323027,78.371221,11-05-2023,medium,investigating
Tumakuru,Tumakuru City,Traffic PS,Burglary,13.40024,76.921087,18-11-2023,low,investigating
Tumakuru,Madhugiri,Madhugiri PS,Mobile Theft,13.550206,77.073648,09-02-2023,low,investigating
Bidar,Bidar City,New Town PS,Chain Snatching,18.074976,77.729164,25-01-2024,medium,investigating
Shivamogga,Shivamogga City,Traffic PS,Assault,14.041909,75.554214,25-11-2023,medium,open
Mysuru,Hunsur,Hunsur PS,Robbery,12.244441,76.355879,13-02-2024,low,closed
Hubballi-Dharwad,Dharwad,Dharwad Town PS,Kidnapping,15.527389,75.408956,06-08-2024,high,closed
Chikkamagaluru,Tarikere,Lakkavalli PS,Robbery,13.382918,75.601476,21-09-2024,low,open
Dakshina Kannada,Puttur,Town PS,Burglary,12.71843,74.964089,09-10-2024,medium,investigating
Uttara Kannada,Bhatkal,Town PS,Robbery,14.92392,74.753954,16-04-2023,low,closed
Bengaluru Urban,Yelahanka,Yelahanka PS,Chain Snatching,13.24974,77.383475,01-10-2024,medium,open
Bengaluru Rural,Devanahalli,Airport PS,Assault,13.130654,77.541144,20-02-2023,low,investigating
Kalaburagi,Sedam,Rural PS,Vehicle Theft,17.065404,76.605278,09-07-2024,medium,closed
Chamarajanagar,Gundlupet,Gundlupet PS,Kidnapping,11.684147,76.652938,20-05-2023,medium,investigating
Haveri,Savanur,Rural PS,Domestic Violence,14.863137,75.265374,07-07-2024,low,open
Ballari,Hospet,Traffic PS,Burglary,14.911142,76.963843,04-01-2024,medium,closed
Kodagu,Madikeri,Traffic PS,Domestic Violence,12.621165,75.785658,13-12-2023,high,closed
Hassan,Sakleshpur,Rural PS,Vehicle Theft,13.023498,76.174205,21-06-2024,medium,investigating
Mangaluru,Mangaluru,Pandeshwar PS,Land Dispute,12.623307,75.107978,14-05-2023,low,investigating
Hubballi-Dharwad,Hubballi,Keshwapur PS,Domestic Violence,15.337707,74.84555,30-01-2023,low,closed
Udupi,Kundapura,Byndoor PS,Robbery,13.496735,74.76177,09-06-2023,medium,investigating
Raichur,Raichur City,Raichur PS,Theft,15.945031,77.170247,06-04-2024,high,investigating
Udupi,Kundapura,Byndoor PS,Drug Offense,13.159375,74.467846,25-10-2024,low,open
Ramanagara,Magadi,Rural PS,Kidnapping,12.82392,77.550753,15-10-2023,low,closed
Hubballi-Dharwad,Navanagar,Navanagar PS,Domestic Violence,15.181123,75.068106,29-06-2023,medium,closed
Kolar,Malur,Rural PS,Burglary,12.991595,77.935902,06-05-2023,low,investigating
Udupi,Udupi,Udupi Town PS,Mobile Theft,13.437113,74.501469,09-01-2023,low,open
Mandya,Maddur,Rural PS,Assault,12.320236,76.730556,13-03-2023,medium,investigating
Udupi,Karkala,Hebri PS,Chain Snatching,13.608541,74.940744,22-06-2024,low,open
Mangaluru,Ullal,Kotekar PS,Fraud,12.841301,74.896123,24-05-2023,high,open
Chikkaballapura,Chikkaballapura,Chikkaballapura PS,Mobile Theft,13.329707,77.655828,30-08-2023,high,open
Kodagu,Somwarpet,Kushalnagar PS,Land Dispute,12.62075,75.870779,24-12-2023,low,investigating
Mysuru,Nanjangud,Nanjangud Town PS,Chain Snatching,12.446311,76.435016,30-08-2023,medium,closed
Bengaluru Rural,Doddaballapura,Town PS,Chain Snatching,13.234073,77.500288,07-04-2023,low,open
Chitradurga,Chitradurga,Traffic PS,Mobile Theft,14.037588,76.350924,23-09-2024,low,investigating
Bidar,Basavakalyan,Rural PS,Robbery,17.971733,77.231006,31-12-2023,low,open
Kolar,Malur,Rural PS,Robbery,13.202406,77.877419,30-05-2023,low,closed
Ballari,Hospet,Rural PS,Domestic Violence,15.118583,77.072848,16-03-2024,medium,closed
Raichur,Raichur City,West PS,Kidnapping,16.365761,77.529354,29-01-2023,medium,investigating
Koppal,Koppal City,Town PS,Fraud,15.451488,75.959548,09-08-2024,low,closed
Chikkaballapura,Chikkaballapura,Traffic PS,Theft,13.328319,77.98473,09-05-2024,high,investigating
Ballari,Ballari City,Brucepet PS,Fraud,15.119014,77.144182,30-06-2023,low,open
Haveri,Savanur,Rural PS,Theft,14.720556,75.336821,09-12-2023,low,closed
Mandya,Srirangapatna,Town PS,Kidnapping,12.360244,76.812686,20-10-2023,low,open
Koppal,Koppal City,Town PS,Domestic Violence,15.442434,76.017689,27-12-2024,low,closed
Mangaluru,Mangaluru,Pandeshwar PS,Chain Snatching,13.06341,75.115961,12-02-2024,medium,open
Yadgir,Shahapur,Shahapur PS,Chain Snatching,16.609078,77.341428,03-11-2024,low,open
Udupi,Karkala,Karkala PS,Assault,13.09787,74.457334,09-07-2024,medium,open
Haveri,Savanur,Town PS,Robbery,14.813211,75.619117,13-02-2023,low,investigating
Mangaluru,Mangaluru,Pandeshwar PS,Kidnapping,13.142594,74.982091,02-07-2024,low,open
Davangere,Davangere City,Traffic PS,Chain Snatching,14.299083,75.730853,12-07-2023,low,open
Ballari,Sandur,Rural PS,Chain Snatching,15.409921,77.140624,29-08-2024,high,investigating
Hassan,Hassan City,Traffic PS,Fraud,12.894332,76.375962,07-10-2023,low,closed
Yadgir,Yadgir City,Yadgir PS,Assault,16.738955,77.113655,06-01-2024,low,open
Uttara Kannada,Karwar,Karwar Town PS,Domestic Violence,14.840492,74.949547,30-03-2023,medium,open
Udupi,Udupi,Udupi Town PS,Chain Snatching,13.443717,74.861591,09-03-2024,low,open
Hassan,Arsikere,Rural PS,Vehicle Theft,13.115013,76.271727,25-10-2023,high,open
Udupi,Kundapura,Kundapura PS,Drug Offense,13.630914,74.946098,01-08-2024,medium,open
Ballari,Ballari City,Cowl Bazaar PS,Land Dispute,15.108021,77.187552,09-06-2023,low,closed
Kolar,Bangarapet,Rural PS,Drug Offense,13.113525,78.313322,09-04-2023,low,open
Kodagu,Virajpet,Town PS,Murder,12.534879,75.823884,26-02-2023,high,closed
Gadag,Ron,Ron PS,Robbery,15.193517,75.824675,20-03-2024,low,open
Mandya,Srirangapatna,Srirangapatna PS,Kidnapping,12.312638,76.670454,11-05-2023,low,open
Haveri,Haveri,Traffic PS,Cybercrime,15.001087,75.252219,08-11-2023,medium,closed
Kodagu,Somwarpet,Somwarpet PS,Kidnapping,12.521634,75.975575,22-11-2024,medium,closed
Vijayapura,Sindagi,Town PS,Vehicle Theft,16.852225,75.922554,08-10-2023,medium,closed
Bengaluru Rural,Doddaballapura,Town PS,Cybercrime,13.097645,77.225321,26-08-2023,low,investigating
Mysuru,Mysuru City,Lakshmipuram PS,Cybercrime,12.552252,76.900289,21-01-2023,high,closed
Tumakuru,Tiptur,Rural PS,Mobile Theft,13.603186,77.063748,11-06-2023,medium,open
Kalaburagi,Jewargi,Yadrami PS,Theft,17.566757,76.541642,20-09-2023,low,closed
Bengaluru Rural,Nelamangala,Nelamangala PS,Cybercrime,13.130115,77.456991,02-09-2024,medium,open
Haveri,Ranebennur,Rural PS,Drug Offense,14.87226,75.138925,09-06-2023,low,closed
Belagavi,Belagavi City,Tilakwadi PS,Theft,15.973081,74.460533,13-11-2024,high,open
Haveri,Savanur,Rural PS,Theft,14.91183,75.217665,07-02-2024,low,investigating
Raichur,Manvi,Rural PS,Chain Snatching,15.957355,77.086479,03-03-2024,low,closed
Ballari,Hospet,Hospet Town PS,Robbery,15.009287,76.682261,14-10-2023,medium,closed
Belagavi,Gokak,Traffic PS,Murder,15.994386,74.661831,11-12-2023,low,open
Haveri,Haveri,Traffic PS,Vehicle Theft,15.058625,75.325858,28-04-2023,low,closed
Koppal,Kushtagi,Kushtagi PS,Murder,15.518275,76.062275,20-04-2024,low,investigating
Ramanagara,Magadi,Magadi PS,Chain Snatching,12.942769,77.016712,13-05-2023,medium,open
Kolar,Bangarapet,Bangarapet PS,Robbery,13.066671,78.000204,30-11-2024,medium,investigating
Uttara Kannada,Sirsi,Rural PS,Burglary,14.849947,74.44241,29-04-2023,medium,open
Koppal,Kushtagi,Kushtagi PS,Chain Snatching,15.519235,76.165346,31-08-2023,low,closed
Bidar,Basavakalyan,Town PS,Chain Snatching,17.619985,77.242576,01-02-2023,medium,investigating
Tumakuru,Tumakuru City,Traffic PS,Mobile Theft,13.094353,77.288917,15-10-2024,medium,open
Udupi,Kundapura,Byndoor PS,Vehicle Theft,13.476556,74.784235,17-08-2024,medium,closed
Tumakuru,Tumakuru City,New Extension PS,Vehicle Theft,13.358592,77.319138,11-11-2023,medium,open
Bengaluru Urban,Yelahanka,Yelahanka New Town PS,Burglary,13.178341,77.639232,23-05-2024,medium,closed
Vijayapura,Sindagi,Town PS,Assault,17.090529,75.887328,19-02-2023,high,investigating
Shivamogga,Shivamogga City,Doddapete PS,Drug Offense,14.161802,75.820086,22-07-2023,high,investigating
Koppal,Koppal City,Town PS,Domestic Violence,15.157597,76.080587,17-08-2023,low,closed
Ramanagara,Kanakapura,Rural PS,Burglary,12.514771,77.119191,18-12-2024,low,closed
Bengaluru Urban,Koramangala,Madiwala PS,Burglary,12.79805,77.555117,06-08-2024,medium,closed
Udupi,Kundapura,Kundapura PS,Land Dispute,13.285505,74.541642,19-09-2024,high,investigating
Ballari,Sandur,Rural PS,Land Dispute,15.295032,76.746244,22-09-2023,low,open
Chamarajanagar,Chamarajanagar,Chamarajanagar PS,Fraud,12.05366,77.194758,17-03-2023,low,investigating
Chamarajanagar,Chamarajanagar,Town PS,Robbery,11.823073,77.18434,16-11-2024,high,investigating
Bidar,Bhalki,Bhalki PS,Cybercrime,18.094088,77.60057,11-09-2024,medium,open
Tumakuru,Tiptur,Tiptur PS,Mobile Theft,13.045933,77.085571,20-10-2024,medium,open
Mysuru,Mysuru City,Devaraja PS,Domestic Violence,12.58168,76.881508,17-07-2024,low,closed
Chikkaballapura,Bagepalli,Town PS,Kidnapping,13.475895,77.698438,12-01-2023,low,open
Uttara Kannada,Karwar,Traffic PS,Burglary,14.939841,74.491343,30-11-2023,low,investigating
Chikkaballapura,Sidlaghatta,Town PS,Murder,13.513973,77.483705,10-06-2023,low,closed
Chitradurga,Hosadurga,Hosadurga PS,Murder,13.968987,76.667375,24-11-2024,low,closed
Belagavi,Gokak,Gokak Town PS,Domestic Violence,15.850227,74.643427,23-02-2023,low,open
Davangere,Davangere City,Traffic PS,Drug Offense,14.673426,76.150983,18-06-2024,medium,investigating
Bidar,Basavakalyan,Basavakalyan PS,Mobile Theft,18.08989,77.539799,08-07-2023,medium,open
Bidar,Basavakalyan,Town PS,Assault,18.000126,77.677697,08-05-2023,high,investigating
Koppal,Kushtagi,Town PS,Theft,15.507647,75.893404,19-05-2024,medium,investigating
Vijayapura,Vijayapura City,Traffic PS,Theft,17.046192,75.564404,20-04-2023,low,investigating
Ballari,Ballari City,Cowl Bazaar PS,Burglary,15.179771,77.106619,22-03-2023,high,investigating
Mangaluru,Ullal,Konaje PS,Assault,12.982271,74.858649,18-11-2023,low,closed
Kodagu,Somwarpet,Rural PS,Vehicle Theft,12.419145,75.847237,01-09-2024,medium,closed
Kalaburagi,Sedam,Town PS,Kidnapping,17.62096,76.732312,08-08-2024,high,closed
Shivamogga,Sagara,Sagara PS,Murder,13.71367,75.368688,17-09-2024,high,investigating
Haveri,Ranebennur,Ranebennur PS,Cybercrime,14.839711,75.306951,10-06-2024,low,open
Vijayapura,Indi,Indi PS,Assault,16.89508,75.650792,29-12-2023,low,investigating
Ballari,Ballari City,Brucepet PS,Theft,15.383591,77.055215,02-01-2023,medium,investigating
Vijayapura,Sindagi,Rural PS,Mobile Theft,16.730283,75.614922,01-05-2023,low,closed
Chikkamagaluru,Chikkamagaluru City,Chikkamagaluru PS,Fraud,13.046772,75.936926,15-09-2024,low,investigating
Haveri,Ranebennur,Rural PS,Murder,14.875017,75.319242,17-07-2024,medium,open
Vijayapura,Vijayapura City,Gandhi Chowk PS,Robbery,16.890726,75.84224,13-07-2023,high,open
Dakshina Kannada,Sullia,Sullia PS,Mobile Theft,12.617041,75.346255,11-08-2024,low,open
Chikkaballapura,Sidlaghatta,Town PS,Fraud,13.366145,77.977518,06-11-2023,high,open
Ramanagara,Magadi,Magadi PS,Vehicle Theft,12.455662,77.051575,14-11-2023,low,open
Hassan,Sakleshpur,Town PS,Vehicle Theft,13.040904,76.127474,16-08-2024,low,open
Mysuru,Nanjangud,Traffic PS,Fraud,12.173826,76.592171,06-03-2023,low,investigating
Chitradurga,Hosadurga,Rural PS,Chain Snatching,14.01682,76.341626,08-09-2024,medium,closed
Mysuru,Mysuru City,Nazarbad PS,Mobile Theft,12.539617,76.917486,17-01-2024,low,open
Shivamogga,Bhadravati,Bhadravati PS,Land Dispute,14.005674,75.458412,25-12-2023,low,open
Koppal,Kushtagi,Kushtagi PS,Drug Offense,15.584558,76.255534,06-10-2024,low,closed
Hubballi-Dharwad,Dharwad,Dharwad Town PS,Drug Offense,15.36449,75.253115,01-07-2023,high,closed
Uttara Kannada,Sirsi,Town PS,Murder,14.614833,74.786496,04-06-2023,low,closed
Chikkamagaluru,Tarikere,Tarikere PS,Domestic Violence,13.264284,75.739004,27-03-2024,low,closed
Haveri,Savanur,Town PS,Cybercrime,14.519053,75.285996,17-02-2024,low,open
Gadag,Gadag,Betageri PS,Vehicle Theft,15.3842,75.495637,23-04-2023,medium,investigating
Kolar,Bangarapet,Town PS,Burglary,13.290367,77.98943,26-06-2024,high,closed
Kalaburagi,Kalaburagi City,University PS,Domestic Violence,17.311885,76.739512,18-10-2024,medium,open
Bidar,Bhalki,Town PS,Murder,18.029875,77.734361,08-04-2023,low,closed
Hubballi-Dharwad,Dharwad,Traffic PS,Drug Offense,15.07841,75.202639,04-02-2023,low,open
Hassan,Arsikere,Arsikere PS,Burglary,13.11863,76.372673,07-04-2023,low,closed
Davangere,Honnali,Rural PS,Chain Snatching,14.419172,76.215341,28-02-2023,low,closed
Kolar,Bangarapet,Rural PS,Drug Offense,13.321733,78.396132,18-03-2023,low,closed
Mangaluru,Surathkal,Mulki PS,Fraud,13.137405,74.850283,25-08-2023,medium,investigating
Mysuru,Hunsur,Bilikere PS,Murder,12.398169,76.493381,30-07-2023,medium,investigating
Tumakuru,Tumakuru City,Tumakuru PS,Vehicle Theft,13.291144,76.922891,14-07-2023,medium,closed
Chikkamagaluru,Kadur,Kadur PS,Robbery,13.41874,75.712985,25-10-2024,medium,investigating
Uttara Kannada,Karwar,Bazar PS,Murder,14.88255,74.936969,06-05-2023,low,open
Kodagu,Madikeri,Traffic PS,Cybercrime,12.13087,76.066876,31-05-2024,low,investigating
Ramanagara,Ramanagara,Traffic PS,Land Dispute,12.971389,77.340778,18-11-2024,low,open
Bengaluru Rural,Nelamangala,Traffic PS,Assault,13.321587,77.364885,10-01-2023,low,open
Ballari,Sandur,Sandur PS,Robbery,14.878863,77.093346,10-04-2023,low,open
Uttara Kannada,Bhatkal,Bhatkal PS,Mobile Theft,14.987552,74.82263,21-10-2023,low,investigating
Haveri,Savanur,Rural PS,Vehicle Theft,14.838346,75.20156,15-02-2023,low,closed
Bengaluru Rural,Devanahalli,Airport PS,Land Dispute,13.016844,77.154842,11-08-2023,low,investigating
Kodagu,Madikeri,Madikeri PS,Mobile Theft,12.619599,75.868039,09-09-2024,low,investigating
Dakshina Kannada,Puttur,Town PS,Domestic Violence,13.003004,75.351086,09-04-2024,low,investigating
Chamarajanagar,Chamarajanagar,Town PS,Burglary,11.862388,76.708615,03-01-2023,medium,open
Gadag,Gadag,Betageri PS,Vehicle Theft,15.667097,75.569349,30-01-2024,high,closed
Haveri,Ranebennur,Rural PS,Drug Offense,14.616583,75.36072,07-07-2024,medium,open
Belagavi,Gokak,Rural PS,Theft,16.135221,74.437845,25-12-2024,low,closed
Kolar,Bangarapet,Town PS,Land Dispute,13.215751,78.070195,29-10-2024,medium,closed
Hassan,Hassan City,Traffic PS,Robbery,12.899009,75.888938,06-11-2023,low,closed
Tumakuru,Tiptur,Tiptur PS,Chain Snatching,13.057677,77.172112,16-11-2024,high,open
Vijayapura,Sindagi,Rural PS,Cybercrime,16.545388,75.544244,05-04-2023,low,closed
Chitradurga,Chitradurga,Town PS,Land Dispute,14.308965,76.471768,09-05-2024,low,closed
Uttara Kannada,Sirsi,Rural PS,Land Dispute,14.706457,74.588749,20-11-2024,low,open
Yadgir,Yadgir City,Yadgir PS,Cybercrime,16.929208,76.99289,17-12-2023,low,open
Bengaluru Urban,Whitefield,Whitefield PS,Burglary,12.865939,77.84178,28-01-2023,low,open
Mangaluru,Ullal,Konaje PS,Robbery,12.687678,74.701776,06-01-2023,medium,closed
Kodagu,Somwarpet,Kushalnagar PS,Murder,12.348376,75.84155,08-09-2024,low,closed
Chamarajanagar,Gundlupet,Town PS,Cybercrime,11.812876,76.9893,30-07-2024,low,investigating
Davangere,Honnali,Honnali PS,Domestic Violence,14.21551,75.870574,22-10-2023,low,investigating
Chikkamagaluru,Chikkamagaluru City,Chikkamagaluru PS,Chain Snatching,13.584339,75.479144,22-09-2023,low,open
Mangaluru,Ullal,Konaje PS,Land Dispute,13.164755,74.944935,19-01-2024,low,closed
Ramanagara,Ramanagara,Traffic PS,Assault,12.835516,77.398374,28-01-2023,medium,investigating
Yadgir,Shahapur,Town PS,Chain Snatching,16.841467,77.018294,06-10-2024,medium,investigating
Shivamogga,Bhadravati,Old Town PS,Cybercrime,14.044873,75.344398,11-04-2024,low,investigating
Chitradurga,Hiriyur,Town PS,Fraud,14.091455,76.119014,27-08-2023,low,closed
Udupi,Karkala,Hebri PS,Land Dispute,13.466701,74.94792,21-06-2023,high,open
Uttara Kannada,Bhatkal,Town PS,Mobile Theft,14.543628,74.426332,24-04-2024,low,open
Chitradurga,Hiriyur,Rural PS,Burglary,14.25586,76.405626,23-01-2023,medium,open
Kolar,Bangarapet,Rural PS,Murder,13.190636,78.399383,21-01-2024,medium,open
Davangere,Harihar,Town PS,Murder,14.76343,76.125124,25-05-2023,low,investigating
Vijayapura,Vijayapura City,Adarsh Nagar PS,Burglary,16.722467,75.701772,14-01-2024,medium,closed
Gadag,Gadag,Traffic PS,Land Dispute,15.449415,75.547659,05-11-2024,low,closed
Raichur,Raichur City,West PS,Land Dispute,16.241806,77.434231,15-04-2024,medium,investigating
Chamarajanagar,Gundlupet,Gundlupet PS,Burglary,11.964156,76.835906,13-08-2023,low,closed
Raichur,Raichur City,Traffic PS,Chain Snatching,15.957326,77.353531,12-07-2024,low,open
Kalaburagi,Jewargi,Jewargi PS,Murder,17.085484,77.044663,14-05-2024,low,investigating
Kolar,Kolar,Traffic PS,Murder,12.920995,78.074354,08-08-2024,low,open
Mandya,Srirangapatna,Rural PS,Assault,12.246996,76.637985,29-07-2023,low,open
Chikkamagaluru,Chikkamagaluru City,Traffic PS,Assault,13.327931,75.879112,21-04-2023,medium,investigating
Gadag,Mundargi,Mundargi PS,Theft,15.240953,75.913912,28-08-2023,high,investigating
Bidar,Basavakalyan,Basavakalyan PS,Cybercrime,17.950365,77.382683,13-07-2024,low,open
Uttara Kannada,Karwar,Karwar Town PS,Vehicle Theft,14.537053,74.576284,28-06-2024,medium,open
Uttara Kannada,Bhatkal,Bhatkal PS,Murder,14.726494,74.415275,11-03-2023,high,open
Mangaluru,Ullal,Konaje PS,Theft,12.630734,74.737302,03-10-2023,low,closed
Kodagu,Madikeri,Rural PS,Murder,12.44947,75.610566,30-06-2023,low,investigating
Uttara Kannada,Karwar,Karwar Town PS,Chain Snatching,14.655138,74.702765,31-05-2023,medium,open
Ramanagara,Ramanagara,Traffic PS,Cybercrime,12.733474,77.416522,05-08-2023,medium,open
Koppal,Koppal City,Town PS,Kidnapping,15.318893,76.106494,29-08-2024,low,investigating
Kolar,Kolar,Kolar PS,Vehicle Theft,13.413036,78.01276,19-07-2024,low,investigating
Yadgir,Gurmitkal,Gurmitkal PS,Fraud,16.589534,77.378217,07-11-2024,medium,closed
Vijayapura,Indi,Indi PS,Fraud,16.758384,75.909156,12-05-2023,medium,investigating
Chikkamagaluru,Kadur,Kadur PS,Robbery,13.152539,75.953137,24-09-2023,medium,closed
Belagavi,Belagavi City,Belagavi PS,Vehicle Theft,16.057215,74.337164,16-06-2023,low,investigating
Hubballi-Dharwad,Hubballi,Old Hubballi PS,Domestic Violence,15.543842,75.386097,20-07-2023,high,investigating
Uttara Kannada,Sirsi,Sirsi PS,Chain Snatching,15.047652,74.798417,23-06-2024,low,closed
Mandya,Mandya,Traffic PS,Robbery,12.277738,76.926317,24-01-2023,low,open
Mysuru,Hunsur,Rural PS,Vehicle Theft,12.128903,76.878057,02-07-2024,medium,open
Chitradurga,Hiriyur,Hiriyur PS,Land Dispute,14.334649,76.293609,31-12-2024,low,closed
Chamarajanagar,Gundlupet,Gundlupet PS,Robbery,12.128852,77.178487,23-01-2024,high,open
Koppal,Koppal City,Koppal PS,Drug Offense,15.409417,76.289411,23-02-2024,medium,closed
Bidar,Bidar City,Bidar PS,Assault,18.008918,77.296061,16-08-2024,low,closed
Chamarajanagar,Chamarajanagar,Traffic PS,Drug Offense,11.764217,76.689001,11-06-2024,low,open
Chikkamagaluru,Chikkamagaluru City,Town PS,Land Dispute,13.188259,75.964059,04-05-2023,high,open
Raichur,Sindhanur,Town PS,Chain Snatching,16.504993,77.053369,26-03-2023,medium,open
Koppal,Kushtagi,Kushtagi PS,Cybercrime,15.581056,75.927199,26-04-2024,medium,closed
Hubballi-Dharwad,Navanagar,Navanagar PS,Mobile Theft,15.324471,74.851997,19-02-2023,low,open
Ballari,Ballari City,Cowl Bazaar PS,Mobile Theft,15.065358,76.799333,21-01-2023,medium,investigating
Koppal,Kushtagi,Kushtagi PS,Robbery,15.278251,76.393568,01-06-2024,medium,investigating
Ballari,Ballari City,Brucepet PS,Theft,15.397903,76.86618,28-07-2023,low,closed
Haveri,Savanur,Rural PS,Burglary,14.86511,75.498521,21-04-2023,low,open
Kolar,Bangarapet,Rural PS,Chain Snatching,12.928168,78.39365,04-02-2023,low,open
Yadgir,Gurmitkal,Rural PS,Fraud,16.973505,77.321738,20-11-2023,low,closed
Belagavi,Chikodi,Rural PS,Chain Snatching,15.606044,74.694304,06-01-2023,medium,investigating
Raichur,Manvi,Manvi PS,Cybercrime,16.441528,77.612758,16-09-2024,low,investigating
Kolar,Kolar,Traffic PS,Theft,12.985089,78.162705,16-11-2024,low,closed
Hassan,Sakleshpur,Town PS,Murder,13.270663,76.114524,14-09-2024,low,investigating
Chamarajanagar,Gundlupet,Rural PS,Domestic Violence,12.051152,77.06844,11-10-2023,low,closed
Gadag,Ron,Town PS,Assault,15.208724,75.491622,20-02-2024,low,open
Bengaluru Rural,Devanahalli,Vijayapura PS,Land Dispute,13.441771,77.283444,06-12-2023,medium,open
Uttara Kannada,Sirsi,Town PS,Robbery,14.503868,74.983283,08-11-2023,medium,closed
Tumakuru,Tiptur,Town PS,Theft,13.540769,76.912944,28-05-2023,medium,closed
Hubballi-Dharwad,Hubballi,Keshwapur PS,Theft,15.32504,75.096757,08-09-2023,medium,closed
Hubballi-Dharwad,Dharwad,Sub Urban PS,Chain Snatching,15.220519,74.831902,12-01-2024,medium,investigating
Bengaluru Urban,Yelahanka,Yelahanka New Town PS,Cybercrime,12.915873,77.726406,22-01-2024,medium,investigating
Mangaluru,Surathkal,Mulki PS,Chain Snatching,12.855571,74.782623,10-08-2024,medium,closed
Gadag,Ron,Rural PS,Cybercrime,15.186359,75.478662,29-09-2024,low,investigating
Chamarajanagar,Kollegal,Rural PS,Robbery,11.933946,77.206596,31-05-2023,low,investigating
Kolar,Kolar,Traffic PS,Robbery,13.264551,78.222114,20-02-2024,low,investigating
Hassan,Sakleshpur,Town PS,Drug Offense,13.048025,76.265145,14-01-2023,low,open
Yadgir,Shahapur,Rural PS,Cybercrime,16.770041,77.059201,07-07-2024,high,open
Koppal,Kushtagi,Kushtagi PS,Cybercrime,15.135721,76.038041,16-01-2023,medium,open
Kolar,Malur,Malur PS,Fraud,13.351772,78.392313,19-03-2023,low,investigating
Davangere,Honnali,Honnali PS,Robbery,14.345332,75.78452,21-09-2024,low,investigating
Koppal,Gangavathi,Town PS,Drug Offense,15.288471,76.308232,26-12-2024,medium,closed
Ramanagara,Magadi,Town PS,Kidnapping,12.659999,77.067831,14-01-2023,low,investigating
Hubballi-Dharwad,Dharwad,Sub Urban PS,Chain Snatching,15.249478,75.037644,03-07-2023,low,open
Bidar,Bidar City,Traffic PS,Vehicle Theft,17.941933,77.393768,01-01-2024,medium,closed
Raichur,Raichur City,Raichur PS,Chain Snatching,16.224037,77.606382,26-05-2024,medium,open
Kolar,Malur,Town PS,Robbery,12.863388,78.327381,07-10-2024,high,open
Chikkamagaluru,Chikkamagaluru City,Town PS,Robbery,13.59041,75.844371,07-10-2023,low,open
Davangere,Davangere City,Traffic PS,Burglary,14.280028,75.879157,04-11-2024,low,closed
Vijayapura,Vijayapura City,Gandhi Chowk PS,Robbery,16.699161,75.58107,31-05-2023,medium,closed
Kalaburagi,Jewargi,Rural PS,Cybercrime,17.586059,76.661814,24-09-2024,low,closed
Kodagu,Madikeri,Rural PS,Vehicle Theft,12.08642,75.778293,19-05-2023,low,open
Chikkamagaluru,Tarikere,Rural PS,Chain Snatching,13.393662,75.480664,12-02-2024,low,closed
Kodagu,Somwarpet,Kushalnagar PS,Cybercrime,12.191634,75.871252,20-10-2023,medium,closed
Mangaluru,Ullal,Ullal PS,Fraud,12.977769,74.965589,27-04-2023,low,investigating
Davangere,Davangere City,Davangere PS,Fraud,14.484446,76.095891,16-10-2023,medium,closed
Gadag,Mundargi,Rural PS,Robbery,15.296572,75.360587,29-06-2023,low,open
Bengaluru Rural,Nelamangala,Soladevanahalli PS,Drug Offense,13.304773,77.552954,31-05-2023,low,open
Tumakuru,Tumakuru City,Tumakuru PS,Land Dispute,13.199881,77.06221,19-09-2024,low,closed
Ballari,Sandur,Sandur PS,Mobile Theft,15.431514,77.061501,03-09-2024,high,closed
Kalaburagi,Sedam,Town PS,Domestic Violence,17.493858,77.010763,05-07-2024,high,investigating
Hassan,Sakleshpur,Sakleshpur PS,Drug Offense,13.211798,75.870471,08-11-2024,high,open
Kodagu,Somwarpet,Somwarpet PS,Theft,12.393323,75.711214,26-05-2023,low,investigating
Udupi,Kundapura,Gangolli PS,Domestic Violence,13.317869,74.539772,07-08-2023,medium,investigating
Raichur,Raichur City,West PS,Chain Snatching,15.952319,77.347569,28-12-2024,low,closed
Mangaluru,Ullal,Kotekar PS,Vehicle Theft,12.752415,74.712436,20-12-2024,low,closed
Dakshina Kannada,Bantwal,Bantwal PS,Kidnapping,12.744674,75.21052,17-06-2023,medium,closed
Uttara Kannada,Karwar,Karwar Town PS,Drug Offense,14.534009,74.432209,27-07-2023,high,investigating
Chikkamagaluru,Tarikere,Rural PS,Mobile Theft,13.110494,75.668019,26-10-2024,low,open
Raichur,Raichur City,Raichur PS,Assault,16.352837,77.172375,24-01-2023,low,open
Belagavi,Belagavi City,Market PS,Mobile Theft,15.882522,74.630741,25-10-2023,medium,closed
Shivamogga,Shivamogga City,Vinobanagar PS,Murder,13.658505,75.637405,14-04-2023,medium,investigating
Vijayapura,Vijayapura City,Traffic PS,Theft,17.022775,75.803109,27-10-2023,low,closed
Uttara Kannada,Bhatkal,Rural PS,Cybercrime,14.813644,74.56135,30-10-2023,low,investigating
Bengaluru Rural,Doddaballapura,Rural PS,Kidnapping,12.948766,77.15763,10-04-2023,medium,closed
Haveri,Savanur,Town PS,Land Dispute,14.928409,75.556779,22-02-2023,medium,open
Chikkaballapura,Bagepalli,Town PS,Murder,13.52037,77.810088,01-06-2024,high,closed
Mangaluru,Mangaluru,Pandeshwar PS,Robbery,12.773043,74.611762,02-12-2023,medium,closed
Kolar,Bangarapet,Bangarapet PS,Theft,13.430424,78.125751,05-08-2024,high,closed
Udupi,Karkala,Karkala PS,Chain Snatching,13.098651,74.944942,21-08-2023,high,closed
Chikkamagaluru,Chikkamagaluru City,Traffic PS,Robbery,13.287035,75.653743,13-07-2024,low,closed
Chikkamagaluru,Chikkamagaluru City,Chikkamagaluru PS,Kidnapping,13.455963,75.811024,09-06-2023,medium,closed
Bidar,Bhalki,Rural PS,Theft,18.083971,77.43967,04-12-2023,low,closed
Bengaluru Urban,Koramangala,Madiwala PS,Assault,13.040784,77.496161,08-06-2023,low,investigating
Kalaburagi,Kalaburagi City,Brahmapur PS,Mobile Theft,17.311327,77.069926,18-12-2023,medium,closed
Chamarajanagar,Chamarajanagar,Town PS,Assault,12.047421,76.693815,13-03-2023,medium,open
Chitradurga,Hiriyur,Hiriyur PS,Burglary,13.948116,76.585804,20-10-2023,low,investigating
Bidar,Basavakalyan,Town PS,Land Dispute,17.833943,77.67225,08-01-2024,low,closed
Hassan,Hassan City,Traffic PS,Chain Snatching,13.078629,75.929352,18-03-2023,medium,open
Gadag,Ron,Ron PS,Cybercrime,15.134077,75.898742,15-01-2023,low,investigating
Chitradurga,Hiriyur,Rural PS,Kidnapping,14.495361,76.122791,04-08-2024,medium,investigating
Dakshina Kannada,Sullia,Rural PS,Assault,12.717616,75.075364,12-10-2024,low,closed
Ballari,Ballari City,Ballari PS,Theft,15.099381,77.20372,08-02-2024,low,open
Ballari,Ballari City,Brucepet PS,Kidnapping,15.164091,77.217359,29-09-2024,medium,closed
Mangaluru,Surathkal,Mulki PS,Burglary,13.090464,74.598699,02-01-2023,high,open
Vijayapura,Indi,Indi PS,Murder,16.618553,75.86194,05-02-2023,medium,closed
Dakshina Kannada,Sullia,Rural PS,Mobile Theft,13.086026,75.384164,31-05-2024,low,open
Bidar,Bidar City,Bidar PS,Burglary,18.209664,77.48468,09-10-2024,low,investigating
Dakshina Kannada,Sullia,Sullia PS,Vehicle Theft,12.910789,75.468684,13-08-2023,low,open
Shivamogga,Shivamogga City,Traffic PS,Chain Snatching,14.000331,75.530382,12-08-2024,medium,open
Kodagu,Virajpet,Town PS,Fraud,12.282278,75.539835,19-06-2024,medium,investigating
Hassan,Arsikere,Rural PS,Assault,13.283095,75.888434,06-11-2024,low,investigating
Kalaburagi,Kalaburagi City,Brahmapur PS,Land Dispute,17.389031,76.946872,03-11-2023,low,open
Udupi,Udupi,Malpe PS,Fraud,13.312858,74.596041,23-02-2023,low,closed
Mysuru,Hunsur,Bilikere PS,Murder,12.158403,76.854855,23-02-2023,low,investigating
Davangere,Honnali,Honnali PS,Mobile Theft,14.756494,76.128708,05-01-2023,low,closed
Davangere,Harihar,Rural PS,Burglary,14.211101,76.104065,31-03-2024,medium,closed
Udupi,Karkala,Hebri PS,Domestic Violence,13.252066,75.007375,14-01-2024,low,open
Davangere,Harihar,Town PS,Land Dispute,14.402331,76.014606,03-02-2024,low,closed
Mysuru,Nanjangud,Traffic PS,Murder,12.562312,76.845894,07-12-2023,high,investigating
Ramanagara,Magadi,Magadi PS,Murder,12.677258,77.548549,06-02-2024,high,closed
Kalaburagi,Jewargi,Rural PS,Domestic Violence,17.468203,76.786817,06-06-2024,medium,closed
Chikkamagaluru,Kadur,Town PS,Land Dispute,13.144897,75.870517,09-03-2024,low,open
Uttara Kannada,Karwar,Traffic PS,Cybercrime,14.702527,74.587373,28-01-2023,low,investigating
Dakshina Kannada,Sullia,Rural PS,Drug Offense,12.604263,75.296629,14-11-2024,low,investigating
Kolar,Kolar,Traffic PS,Land Dispute,12.981815,77.975853,22-07-2023,high,closed
Davangere,Honnali,Nyamathi PS,Murder,14.538173,76.145061,30-06-2023,medium,open
Mangaluru,Ullal,Konaje PS,Chain Snatching,13.146063,75.009073,23-11-2024,low,open
Udupi,Karkala,Karkala PS,Robbery,13.282394,74.713005,02-01-2023,low,investigating
Koppal,Kushtagi,Kushtagi PS,Burglary,15.1689,76.352622,12-02-2024,high,open
Mysuru,Mysuru City,Lakshmipuram PS,Burglary,12.585251,76.89689,02-02-2024,medium,closed
Hubballi-Dharwad,Hubballi,Old Hubballi PS,Drug Offense,15.209534,75.420035,16-05-2023,medium,open
Mangaluru,Mangaluru,Mangaluru North PS,Chain Snatching,13.160381,74.784778,05-01-2024,high,closed
Chikkaballapura,Chikkaballapura,Chikkaballapura PS,Burglary,13.450438,77.533971,06-04-2024,low,open
Udupi,Udupi,Udupi Town PS,Mobile Theft,13.330303,74.721867,05-09-2023,high,closed
Chamarajanagar,Gundlupet,Rural PS,Mobile Theft,11.689066,76.816523,15-05-2024,medium,open
Haveri,Savanur,Savanur PS,Domestic Violence,14.608309,75.659934,25-11-2023,low,open
Belagavi,Gokak,Rural PS,Land Dispute,16.146948,74.562328,14-03-2023,medium,open
Mangaluru,Mangaluru,Mangaluru North PS,Drug Offense,13.088359,75.039082,08-08-2024,medium,open
Hassan,Arsikere,Town PS,Land Dispute,12.795288,76.04954,27-09-2024,high,closed
Mangaluru,Surathkal,Surathkal PS,Robbery,12.899251,74.788783,24-04-2023,low,open
Mangaluru,Mangaluru,Mangaluru South PS,Theft,12.934542,74.741158,12-07-2024,medium,investigating
Dakshina Kannada,Sullia,Sullia PS,Robbery,12.909465,75.195117,25-10-2023,low,open
Udupi,Karkala,Karkala PS,Mobile Theft,13.306542,74.580457,10-03-2023,medium,open
Mandya,Maddur,Maddur PS,Land Dispute,12.604901,77.188454,27-12-2024,medium,investigating
Hubballi-Dharwad,Hubballi,Vidyanagar PS,Robbery,15.195462,75.085836,22-04-2024,medium,open
Chikkamagaluru,Chikkamagaluru City,Traffic PS,Theft,13.527734,75.682864,14-11-2024,low,investigating
Chitradurga,Hosadurga,Rural PS,Vehicle Theft,14.193106,76.527643,27-07-2024,medium,closed
Yadgir,Yadgir City,Traffic PS,Kidnapping,16.662341,77.307774,27-10-2024,high,closed
Mandya,Maddur,Town PS,Theft,12.756346,76.99229,03-07-2024,medium,open
Chamarajanagar,Chamarajanagar,Traffic PS,Fraud,11.934467,77.189385,26-11-2023,low,closed
Chikkamagaluru,Chikkamagaluru City,Town PS,Domestic Violence,13.213462,75.855483,09-01-2024,high,closed
Raichur,Raichur City,West PS,Land Dispute,16.331146,77.232489,10-11-2024,medium,investigating
Bengaluru Urban,Whitefield,Kadugodi PS,Burglary,12.718251,77.589863,03-09-2023,high,open
Uttara Kannada,Bhatkal,Bhatkal PS,Drug Offense,14.600777,74.8895,20-02-2024,high,open
Chikkaballapura,Sidlaghatta,Rural PS,Domestic Violence,13.588252,77.908182,10-02-2023,medium,open
Koppal,Gangavathi,Town PS,Theft,15.247786,76.271941,14-02-2024,low,open
Mandya,Srirangapatna,Srirangapatna PS,Fraud,12.435708,76.954801,13-08-2024,medium,open
Shivamogga,Sagara,Sagara PS,Kidnapping,13.695489,75.536224,20-09-2023,low,open
Bengaluru Urban,Whitefield,Whitefield PS,Domestic Violence,12.891166,77.704275,07-01-2023,high,closed
Chikkaballapura,Sidlaghatta,Rural PS,Land Dispute,13.672383,77.433248,08-03-2024,low,investigating
Ramanagara,Ramanagara,Town PS,Domestic Violence,12.723767,77.040585,27-08-2024,low,investigating
Raichur,Sindhanur,Sindhanur PS,Robbery,15.967304,77.120417,10-08-2023,low,investigating
Dakshina Kannada,Bantwal,Rural PS,Chain Snatching,12.731118,75.348129,23-04-2024,high,closed
Ballari,Hospet,Traffic PS,Drug Offense,15.217859,77.085093,29-10-2024,low,closed
Ballari,Hospet,Hospet Town PS,Fraud,15.292191,76.627183,21-02-2023,low,closed
Kodagu,Virajpet,Rural PS,Murder,12.525521,75.788407,15-05-2023,high,closed
Chikkamagaluru,Kadur,Rural PS,Chain Snatching,13.064618,75.643943,18-09-2023,medium,investigating
Haveri,Savanur,Savanur PS,Fraud,15.027935,75.227385,22-05-2024,high,open
Hassan,Arsikere,Town PS,Kidnapping,12.832694,75.948731,30-10-2024,medium,open
Mysuru,Mysuru City,Nazarbad PS,Chain Snatching,12.135881,76.438358,12-01-2023,low,open
Chikkamagaluru,Chikkamagaluru City,Town PS,Theft,13.428192,75.767524,18-11-2024,high,closed
Ramanagara,Kanakapura,Kanakapura PS,Assault,12.894282,77.059677,08-07-2024,low,investigating
Tumakuru,Madhugiri,Town PS,Chain Snatching,13.548465,77.417246,18-11-2024,medium,investigating
Yadgir,Gurmitkal,Town PS,Assault,16.803275,77.392043,15-11-2024,low,closed
Kolar,Malur,Malur PS,Theft,13.105977,77.8879,20-10-2023,low,closed
Tumakuru,Tiptur,Town PS,Fraud,13.117082,77.201739,27-03-2023,medium,investigating
Bengaluru Urban,Yelahanka,Yelahanka PS,Assault,13.033811,77.477642,28-07-2024,high,investigating
Chikkaballapura,Sidlaghatta,Rural PS,Domestic Violence,13.647663,77.68885,30-05-2024,medium,investigating
Kalaburagi,Jewargi,Jewargi PS,Cybercrime,17.083561,76.568888,24-04-2024,medium,investigating
Davangere,Honnali,Rural PS,Cybercrime,14.2612,76.162213,19-01-2023,low,investigating
Tumakuru,Madhugiri,Rural PS,Assault,13.195197,77.094859,10-09-2023,medium,closed
Uttara Kannada,Sirsi,Rural PS,Vehicle Theft,15.067344,74.574349,15-09-2024,low,closed
Bengaluru Urban,Yelahanka,Yelahanka New Town PS,Mobile Theft,12.696389,77.683523,16-07-2023,low,closed
Udupi,Udupi,Udupi Town PS,Chain Snatching,13.289754,74.70587,30-10-2024,medium,investigating
Chamarajanagar,Kollegal,Kollegal PS,Mobile Theft,11.796107,76.781252,28-06-2023,low,closed
Bengaluru Rural,Doddaballapura,Rural PS,Kidnapping,13.153335,77.374863,16-08-2023,low,open
Mangaluru,Surathkal,Panambur PS,Burglary,13.124808,75.06178,23-09-2024,high,closed
Davangere,Harihar,Harihar PS,Domestic Violence,14.334491,76.117911,13-01-2023,medium,investigating
Haveri,Ranebennur,Town PS,Theft,14.537746,75.608782,25-10-2024,high,closed
Ramanagara,Kanakapura,Town PS,Murder,12.466677,77.136164,18-02-2024,low,open
Chamarajanagar,Kollegal,Town PS,Assault,12.209709,77.183341,17-12-2023,high,open
Belagavi,Chikodi,Chikodi PS,Kidnapping,15.681249,74.366144,10-11-2024,low,investigating
Chikkaballapura,Sidlaghatta,Sidlaghatta PS,Land Dispute,13.23577,77.862871,12-07-2024,low,open
Koppal,Koppal City,Koppal PS,Chain Snatching,15.210208,76.423482,23-04-2024,medium,investigating
Bengaluru Rural,Devanahalli,Devanahalli PS,Burglary,13.397698,77.253289,09-06-2023,medium,closed
Mangaluru,Surathkal,Panambur PS,Mobile Theft,12.658879,74.8574,28-04-2024,high,closed
Koppal,Gangavathi,Town PS,Chain Snatching,15.596436,76.134089,01-08-2023,low,closed
Tumakuru,Tumakuru City,Tumakuru PS,Theft,13.534348,77.365768,31-01-2023,low,closed
Hassan,Hassan City,Extension PS,Murder,13.10939,76.358061,27-10-2023,low,open
Gadag,Mundargi,Town PS,Fraud,15.683462,75.502423,05-05-2024,low,investigating
Chikkamagaluru,Kadur,Town PS,Burglary,13.496228,75.609913,20-09-2023,low,closed
Chikkaballapura,Chikkaballapura,Town PS,Drug Offense,13.355413,77.82,22-03-2023,low,investigating
Yadgir,Shahapur,Town PS,Drug Offense,16.981483,77.134324,15-10-2024,low,closed
Davangere,Harihar,Rural PS,Cybercrime,14.503787,75.722978,25-07-2024,medium,investigating
Raichur,Raichur City,West PS,Domestic Violence,16.380951,77.542838,04-12-2024,low,closed
Chitradurga,Hosadurga,Rural PS,Theft,14.266801,76.182322,24-03-2023,high,open
Mysuru,Mysuru City,Lakshmipuram PS,Chain Snatching,12.527977,76.713137,27-12-2023,low,investigating
Davangere,Honnali,Rural PS,Cybercrime,14.470741,75.81664,21-08-2024,low,investigating
Bengaluru Rural,Devanahalli,Vijayapura PS,Burglary,13.296419,77.463558,19-04-2024,low,investigating
Udupi,Karkala,Ajekar PS,Robbery,13.235319,74.836436,18-10-2024,medium,open
Davangere,Honnali,Rural PS,Kidnapping,14.288891,76.068858,04-04-2024,low,investigating
Shivamogga,Bhadravati,Bhadravati PS,Burglary,13.761752,75.288411,13-12-2023,low,closed
Yadgir,Yadgir City,Town PS,Drug Offense,16.948858,77.361413,29-02-2024,medium,open
Haveri,Savanur,Town PS,Mobile Theft,14.523333,75.295004,01-07-2023,high,closed
Yadgir,Gurmitkal,Town PS,Cybercrime,16.630599,77.301248,29-12-2024,low,closed
Shivamogga,Shivamogga City,Doddapete PS,Burglary,13.865619,75.553244,16-01-2023,medium,open
Chamarajanagar,Gundlupet,Town PS,Kidnapping,11.980446,77.149081,22-07-2023,low,open
Ballari,Ballari City,Cowl Bazaar PS,Mobile Theft,14.868875,76.865987,30-09-2023,low,closed
Mandya,Maddur,Maddur PS,Chain Snatching,12.756462,76.748315,05-09-2024,low,open
Chitradurga,Chitradurga,Traffic PS,Chain Snatching,14.38771,76.501674,16-05-2023,low,investigating
Ballari,Sandur,Sandur PS,Mobile Theft,14.99619,76.692296,27-11-2023,low,investigating
Yadgir,Yadgir City,Traffic PS,Fraud,17.032341,76.845763,12-02-2024,medium,open
Bidar,Bhalki,Town PS,Fraud,18.168751,77.738722,31-12-2024,low,closed
Hassan,Sakleshpur,Town PS,Land Dispute,12.764301,76.099961,01-12-2024,low,closed
Chikkamagaluru,Tarikere,Rural PS,Assault,13.592895,75.749854,04-07-2023,low,investigating
Hubballi-Dharwad,Hubballi,Keshwapur PS,Cybercrime,15.389965,75.119614,12-02-2023,low,investigating
Mangaluru,Ullal,Kotekar PS,Kidnapping,13.172715,75.023129,20-07-2023,medium,investigating
Udupi,Kundapura,Byndoor PS,Land Dispute,13.404219,74.646516,22-03-2023,low,investigating
Hassan,Sakleshpur,Town PS,Theft,12.933779,76.030553,29-03-2023,low,open
Mangaluru,Surathkal,Panambur PS,Assault,12.763421,74.779089,19-11-2023,low,investigating
Mysuru,Mysuru City,Lakshmipuram PS,Assault,12.016608,76.660104,26-09-2023,low,investigating
Chikkamagaluru,Kadur,Rural PS,Chain Snatching,13.054659,75.939831,13-01-2024,low,closed
Hassan,Arsikere,Arsikere PS,Cybercrime,12.971363,76.3737,18-07-2024,medium,closed
Ramanagara,Kanakapura,Kanakapura PS,Theft,12.423016,77.328279,26-09-2024,medium,investigating
Chikkaballapura,Bagepalli,Rural PS,Burglary,13.589304,77.611808,30-03-2024,medium,investigating
Chikkamagaluru,Kadur,Kadur PS,Theft,13.161887,75.514112,19-09-2023,medium,investigating
Ballari,Hospet,Traffic PS,Robbery,15.141794,76.876019,09-06-2024,low,investigating
Chikkaballapura,Chikkaballapura,Town PS,Assault,13.271271,77.989674,06-11-2023,high,investigating
Kalaburagi,Jewargi,Jewargi PS,Burglary,17.522391,76.96286,10-05-2023,low,investigating
Kodagu,Madikeri,Traffic PS,Robbery,12.193981,75.976049,27-05-2024,medium,investigating
Dakshina Kannada,Bantwal,Rural PS,Chain Snatching,12.808711,75.490077,21-06-2023,low,closed
Tumakuru,Tumakuru City,New Extension PS,Assault,13.157346,77.398294,17-12-2023,medium,open
Chamarajanagar,Gundlupet,Gundlupet PS,Robbery,11.933721,77.147366,19-03-2024,low,investigating
Bidar,Basavakalyan,Rural PS,Fraud,18.020866,77.622104,17-11-2023,low,closed
Chamarajanagar,Gundlupet,Gundlupet PS,Land Dispute,11.708776,76.916248,15-10-2023,medium,investigating
Vijayapura,Sindagi,Rural PS,Fraud,16.649396,75.768461,14-04-2023,low,open
Yadgir,Yadgir City,Yadgir PS,Vehicle Theft,16.943793,76.973937,08-03-2023,medium,closed
Uttara Kannada,Bhatkal,Bhatkal PS,Cybercrime,14.828237,74.484137,20-02-2024,medium,closed
Bengaluru Urban,Whitefield,Whitefield PS,Vehicle Theft,13.204426,77.500599,17-08-2024,medium,investigating
Tumakuru,Tiptur,Town PS,Burglary,13.45682,77.107939,17-10-2024,low,closed
Koppal,Gangavathi,Gangavathi PS,Vehicle Theft,15.646033,76.395509,18-09-2023,high,open
Dakshina Kannada,Puttur,Puttur PS,Mobile Theft,12.584884,75.511436,23-12-2024,medium,closed
Bidar,Bhalki,Town PS,Domestic Violence,17.850841,77.602712,10-05-2023,low,closed
Bengaluru Urban,Koramangala,HSR Layout PS,Cybercrime,12.87568,77.719741,24-11-2024,high,open
Tumakuru,Tiptur,Rural PS,Murder,13.245279,77.116819,24-07-2023,medium,investigating
Chamarajanagar,Gundlupet,Town PS,Vehicle Theft,11.838013,77.060825,26-10-2024,medium,open
Kolar,Kolar,Kolar PS,Burglary,12.892989,78.241289,30-01-2023,low,open
Raichur,Raichur City,Raichur PS,Cybercrime,16.372199,77.452947,15-04-2023,low,closed
Kalaburagi,Jewargi,Yadrami PS,Kidnapping,17.516274,77.04346,02-04-2023,medium,investigating
Mandya,Srirangapatna,Town PS,Murder,12.525423,77.048062,03-04-2024,low,open
Gadag,Mundargi,Rural PS,Drug Offense,15.535037,75.604977,20-05-2023,medium,closed
Mangaluru,Surathkal,Panambur PS,Domestic Violence,13.019871,75.097764,25-01-2023,medium,investigating
Mangaluru,Ullal,Konaje PS,Robbery,12.790988,75.003104,16-07-2023,medium,investigating
Mangaluru,Surathkal,Mulki PS,Kidnapping,12.688532,74.963505,07-03-2023,low,open
Bengaluru Urban,Yelahanka,Yelahanka PS,Murder,12.764678,77.784363,08-12-2024,low,open
Davangere,Harihar,Town PS,Burglary,14.207763,75.631618,18-12-2024,high,investigating
Ramanagara,Kanakapura,Town PS,Theft,12.590812,77.18093,28-06-2023,low,investigating
Yadgir,Yadgir City,Yadgir PS,Drug Offense,16.493635,77.025564,27-11-2023,low,open
Tumakuru,Tiptur,Rural PS,Burglary,13.040677,77.172089,15-06-2024,high,closed
Bengaluru Rural,Nelamangala,Nelamangala PS,Domestic Violence,13.345029,77.363891,05-09-2024,low,investigating
Hubballi-Dharwad,Navanagar,Town PS,Cybercrime,15.610131,75.395278,29-06-2023,medium,closed
Yadgir,Yadgir City,Yadgir PS,Theft,16.589635,77.32921,14-04-2024,medium,closed
Uttara Kannada,Karwar,Traffic PS,Mobile Theft,15.036328,74.602038,07-09-2023,low,open
Hassan,Arsikere,Town PS,Murder,13.107655,75.922099,23-04-2023,medium,closed
Ballari,Hospet,Rural PS,Assault,15.058864,76.701315,16-06-2024,high,open
Shivamogga,Shivamogga City,Vinobanagar PS,Mobile Theft,14.145233,75.476957,03-03-2024,low,investigating
Hubballi-Dharwad,Hubballi,Old Hubballi PS,Murder,15.068354,75.193652,26-09-2024,low,open
Udupi,Udupi,Manipal PS,Robbery,13.342852,75.039579,14-06-2023,low,investigating
Raichur,Raichur City,Raichur PS,Robbery,16.289627,77.53655,03-08-2023,medium,closed
Ramanagara,Ramanagara,Traffic PS,Robbery,12.632966,77.111247,14-06-2023,medium,closed
Davangere,Honnali,Rural PS,Murder,14.655814,75.983146,28-03-2023,medium,closed
Vijayapura,Vijayapura City,Gandhi Chowk PS,Cybercrime,16.965035,75.583652,18-06-2024,low,open
Haveri,Haveri,Haveri PS,Robbery,14.605409,75.500423,12-06-2024,low,closed
Bengaluru Rural,Devanahalli,Devanahalli PS,Burglary,13.207061,77.566177,04-06-2023,low,closed
Vijayapura,Sindagi,Sindagi PS,Drug Offense,16.54323,75.589045,22-04-2024,medium,investigating
Chamarajanagar,Chamarajanagar,Town PS,Cybercrime,12.077934,77.103133,21-02-2024,medium,investigating
Ballari,Ballari City,Brucepet PS,Domestic Violence,15.228327,77.09119,11-06-2024,low,open
Dakshina Kannada,Bantwal,Rural PS,Kidnapping,12.987443,75.235019,29-10-2023,low,open
Kodagu,Madikeri,Madikeri PS,Fraud,12.533478,75.80457,29-03-2024,low,investigating
Bidar,Basavakalyan,Basavakalyan PS,Theft,18.080235,77.596785,20-05-2023,medium,open
Davangere,Honnali,Rural PS,Cybercrime,14.633075,75.923814,02-11-2024,low,investigating
Chikkamagaluru,Chikkamagaluru City,Town PS,Land Dispute,13.235395,75.999562,26-02-2024,low,closed
Vijayapura,Sindagi,Rural PS,Kidnapping,16.652433,75.959901,01-01-2023,high,closed
Chikkamagaluru,Chikkamagaluru City,Traffic PS,Chain Snatching,13.081842,75.910917,25-10-2024,medium,investigating
Yadgir,Gurmitkal,Rural PS,Chain Snatching,16.809933,77.327488,01-12-2024,low,closed
Davangere,Harihar,Town PS,Vehicle Theft,14.4674,76.018522,22-04-2023,low,closed
Chitradurga,Chitradurga,Town PS,Mobile Theft,14.111781,76.422231,26-12-2024,medium,investigating
Kodagu,Somwarpet,Somwarpet PS,Vehicle Theft,12.435526,76.081608,21-10-2023,low,open
Kalaburagi,Jewargi,Jewargi PS,Theft,17.241296,77.121098,28-06-2023,low,open
Udupi,Kundapura,Gangolli PS,Mobile Theft,13.244069,74.596089,27-06-2023,medium,investigating
Koppal,Kushtagi,Kushtagi PS,Cybercrime,15.118345,76.113869,15-07-2024,low,open
Vijayapura,Vijayapura City,Adarsh Nagar PS,Domestic Violence,16.743811,75.703895,19-01-2023,low,closed
Mysuru,Nanjangud,Nanjangud Town PS,Robbery,12.048623,76.379461,03-07-2024,low,investigating
Dakshina Kannada,Sullia,Rural PS,Land Dispute,12.595254,75.188615,19-08-2024,high,investigating
Raichur,Manvi,Town PS,Domestic Violence,16.37827,77.200782,26-12-2024,low,closed
Bengaluru Rural,Doddaballapura,Doddaballapura PS,Chain Snatching,12.935235,77.362909,27-07-2024,high,closed
Haveri,Ranebennur,Ranebennur PS,Burglary,14.511581,75.204714,03-05-2023,low,open
Bengaluru Rural,Doddaballapura,Town PS,Fraud,13.167523,77.339404,09-02-2023,medium,investigating
Mangaluru,Mangaluru,Pandeshwar PS,Fraud,12.907445,74.613855,30-08-2023,low,investigating
Mangaluru,Mangaluru,Mangaluru North PS,Murder,12.69083,74.839387,15-05-2024,high,open
Dakshina Kannada,Sullia,Town PS,Land Dispute,12.710986,75.461772,18-05-2023,low,investigating
Bengaluru Urban,Yelahanka,Attur PS,Mobile Theft,12.67253,77.706761,07-11-2023,medium,open
Kolar,Malur,Malur PS,Land Dispute,13.360386,78.366524,31-05-2024,low,open
Tumakuru,Tumakuru City,Traffic PS,Domestic Violence,13.47651,77.082396,15-07-2024,low,open
Hassan,Hassan City,Traffic PS,Robbery,12.765439,75.86443,06-11-2023,medium,investigating
Vijayapura,Vijayapura City,Adarsh Nagar PS,Land Dispute,16.90122,75.762889,23-12-2023,low,investigating
Yadgir,Shahapur,Town PS,Chain Snatching,17.018426,77.434571,24-02-2023,low,closed
Haveri,Savanur,Rural PS,Mobile Theft,15.029557,75.569013,29-03-2024,low,open
Tumakuru,Tumakuru City,Traffic PS,Murder,13.411657,76.853615,27-10-2023,medium,closed
Shivamogga,Sagara,Rural PS,Domestic Violence,13.763726,75.733331,01-04-2024,medium,closed
Uttara Kannada,Sirsi,Rural PS,Burglary,14.554073,74.891971,18-11-2023,medium,closed
Dakshina Kannada,Sullia,Town PS,Chain Snatching,12.629154,75.36438,27-09-2024,medium,investigating
Chitradurga,Hosadurga,Hosadurga PS,Robbery,14.508823,76.673812,17-07-2024,medium,closed
Chikkamagaluru,Kadur,Kadur PS,Fraud,13.27652,75.566284,01-06-2024,high,investigating
Kodagu,Virajpet,Town PS,Mobile Theft,12.282475,76.06121,18-05-2023,medium,open
Koppal,Koppal City,Koppal PS,Murder,15.141237,76.186246,30-07-2023,low,open
Uttara Kannada,Sirsi,Town PS,Land Dispute,14.666809,74.768383,19-02-2023,medium,open
Dakshina Kannada,Bantwal,Bantwal PS,Drug Offense,13.079289,75.45615,20-06-2023,low,open
Ramanagara,Kanakapura,Kanakapura PS,Burglary,12.604621,77.388682,25-05-2024,high,open
Davangere,Davangere City,KTJ Nagar PS,Fraud,14.195453,76.09879,05-01-2023,low,open
Gadag,Gadag,Gadag Town PS,Murder,15.425446,75.829678,07-11-2024,low,open
Davangere,Davangere City,Traffic PS,Murder,14.375521,75.679063,27-02-2024,low,closed
Mandya,Mandya,Town PS,Robbery,12.725376,76.893601,29-03-2023,high,closed
Chitradurga,Hiriyur,Hiriyur PS,Theft,14.225237,76.225275,03-08-2024,low,closed
Raichur,Manvi,Town PS,Fraud,16.060799,77.396707,08-06-2024,medium,investigating
Gadag,Ron,Ron PS,Drug Offense,15.249231,75.813342,22-12-2023,medium,closed
Mangaluru,Ullal,Konaje PS,Mobile Theft,12.940995,74.857857,08-04-2023,medium,open
Chamarajanagar,Chamarajanagar,Town PS,Vehicle Theft,11.763341,76.769893,27-01-2024,low,open
Kolar,Malur,Town PS,Vehicle Theft,13.198363,78.180208,18-04-2024,medium,closed
Chikkamagaluru,Kadur,Kadur PS,Kidnapping,13.508819,75.560527,18-03-2023,medium,investigating
Chikkaballapura,Sidlaghatta,Sidlaghatta PS,Drug Offense,13.369548,77.464953,08-10-2024,high,open
Bengaluru Rural,Doddaballapura,Doddaballapura PS,Assault,12.971096,77.48824,03-02-2024,high,open
Mangaluru,Surathkal,Surathkal PS,Chain Snatching,12.910591,74.992463,16-11-2024,low,closed
Yadgir,Yadgir City,Yadgir PS,Fraud,16.639945,77.083603,06-12-2023,low,investigating
Mysuru,Nanjangud,Traffic PS,Drug Offense,12.303701,76.418529,04-12-2023,high,open
Kodagu,Somwarpet,Somwarpet PS,Robbery,12.059211,75.89107,03-09-2024,high,closed
Belagavi,Gokak,Rural PS,Robbery,16.078353,74.77832,13-02-2024,low,open
Ballari,Hospet,Traffic PS,Land Dispute,15.151773,76.783191,01-12-2023,medium,closed
Ballari,Hospet,Hospet Town PS,Assault,14.938365,76.653237,20-03-2023,low,closed
Hubballi-Dharwad,Hubballi,Old Hubballi PS,Theft,15.635049,75.288152,23-08-2024,low,investigating
Ballari,Hospet,Rural PS,Robbery,15.104882,76.718553,11-12-2023,low,open
Hassan,Hassan City,Extension PS,Murder,12.800339,76.095425,01-09-2024,medium,closed
Kalaburagi,Jewargi,Jewargi PS,Kidnapping,17.451508,77.099431,29-03-2024,low,closed
Davangere,Honnali,Honnali PS,Kidnapping,14.366574,75.720701,22-07-2024,low,investigating
Yadgir,Shahapur,Rural PS,Fraud,16.885956,76.905987,18-08-2023,low,investigating
Chikkaballapura,Sidlaghatta,Sidlaghatta PS,Fraud,13.628273,77.875315,19-09-2024,low,closed
Tumakuru,Tiptur,Town PS,Fraud,13.123168,77.295872,17-07-2023,high,open
Mangaluru,Surathkal,Surathkal PS,Theft,12.649336,74.968826,21-06-2024,low,investigating
Bengaluru Urban,Yelahanka,Attur PS,Murder,13.087667,77.835883,26-11-2023,low,investigating
Haveri,Savanur,Rural PS,Assault,14.972719,75.147744,11-03-2024,low,open
Dakshina Kannada,Bantwal,Bantwal PS,Assault,12.876138,75.125131,23-10-2024,low,closed
Mandya,Srirangapatna,Rural PS,Domestic Violence,12.715731,76.815561,26-11-2023,low,open
Yadgir,Gurmitkal,Rural PS,Drug Offense,16.647821,76.999477,03-01-2023,low,closed
Dakshina Kannada,Puttur,Traffic PS,Burglary,12.892099,75.145462,29-11-2024,high,open
Udupi,Udupi,Udupi Town PS,Theft,13.583246,74.922434,06-04-2024,low,closed
Mangaluru,Ullal,Ullal PS,Vehicle Theft,13.004847,74.768922,11-08-2024,medium,open
Bidar,Bhalki,Town PS,Theft,17.834477,77.537995,14-08-2024,low,closed
Bengaluru Urban,Yelahanka,Attur PS,Robbery,12.722591,77.651951,16-11-2023,high,closed
Shivamogga,Bhadravati,Old Town PS,Fraud,13.658709,75.783258,13-12-2024,low,closed
Chikkamagaluru,Kadur,Town PS,Land Dispute,13.456127,75.508343,14-10-2024,medium,investigating
Chikkamagaluru,Kadur,Town PS,Cybercrime,13.232447,75.919437,18-07-2023,high,investigating
Hubballi-Dharwad,Hubballi,Keshwapur PS,Cybercrime,15.612081,75.411068,05-09-2023,high,investigating
Mandya,Srirangapatna,Town PS,Fraud,12.361604,76.646313,03-08-2024,low,investigating
Ballari,Sandur,Rural PS,Kidnapping,14.888594,77.187764,20-03-2024,low,investigating
Raichur,Manvi,Rural PS,Land Dispute,16.068052,77.359573,08-11-2023,low,closed
Bengaluru Rural,Devanahalli,Devanahalli PS,Cybercrime,13.377715,77.193721,20-04-2024,low,open
Ballari,Hospet,Hospet Town PS,Drug Offense,15.189264,76.849986,11-05-2024,low,closed
Uttara Kannada,Sirsi,Town PS,Robbery,14.912081,74.89087,30-10-2023,low,open
Bidar,Bidar City,Bidar PS,Theft,17.650029,77.598096,21-08-2023,low,closed
Kodagu,Somwarpet,Kushalnagar PS,Burglary,12.555369,76.080487,21-03-2024,medium,closed
Bidar,Bhalki,Rural PS,Drug Offense,17.703351,77.479225,25-11-2023,low,open
Mysuru,Nanjangud,Traffic PS,Cybercrime,12.458673,76.512106,11-11-2023,medium,closed
Bengaluru Urban,Whitefield,Kadugodi PS,Murder,12.726674,77.585703,10-12-2024,low,closed
Dakshina Kannada,Puttur,Puttur PS,Drug Offense,12.636997,75.076388,03-09-2023,medium,investigating
Gadag,Ron,Ron PS,Robbery,15.248474,75.916456,08-11-2024,low,open
Chitradurga,Hosadurga,Rural PS,Robbery,14.095993,76.327504,08-04-2023,low,closed
Shivamogga,Sagara,Sagara PS,Land Dispute,13.955266,75.27179,09-09-2024,low,open
Dakshina Kannada,Sullia,Rural PS,Theft,12.873327,75.056949,30-07-2024,low,closed
Tumakuru,Tiptur,Rural PS,Cybercrime,13.255734,76.939498,05-05-2024,high,closed
Haveri,Savanur,Town PS,Assault,14.823115,75.441419,16-01-2023,medium,closed
Bengaluru Rural,Nelamangala,Nelamangala PS,Land Dispute,13.14428,77.722396,30-05-2024,low,investigating
Mandya,Maddur,Maddur PS,Robbery,12.517153,77.105775,22-09-2023,low,closed
Koppal,Koppal City,Traffic PS,Kidnapping,15.241613,76.276467,20-08-2024,low,investigating
Kodagu,Virajpet,Virajpet PS,Fraud,12.318249,75.935391,11-02-2024,medium,open
Chitradurga,Hiriyur,Rural PS,Drug Offense,13.939374,76.174491,15-02-2024,medium,investigating
Kolar,Kolar,Kolar PS,Land Dispute,13.084072,78.174822,17-08-2023,high,investigating
Mandya,Srirangapatna,Rural PS,Assault,12.550442,76.690896,25-11-2023,low,closed
Raichur,Manvi,Manvi PS,Cybercrime,16.45012,77.598074,19-05-2024,low,closed
Mangaluru,Mangaluru,Mangaluru North PS,Kidnapping,12.829801,74.7706,09-08-2024,medium,investigating
Bidar,Basavakalyan,Rural PS,Mobile Theft,17.76557,77.506817,16-04-2023,low,closed
Koppal,Koppal City,Traffic PS,Theft,15.51738,76.17018,02-05-2023,high,closed
Shivamogga,Bhadravati,Bhadravati PS,Robbery,13.894102,75.851843,29-06-2024,low,investigating
Ballari,Hospet,Rural PS,Fraud,15.298812,76.653997,26-09-2023,high,closed
Dakshina Kannada,Puttur,Traffic PS,Land Dispute,12.842042,75.196942,30-07-2023,medium,open
Raichur,Manvi,Town PS,Kidnapping,16.244069,77.512781,02-12-2023,low,open
Yadgir,Yadgir City,Yadgir PS,Assault,16.491784,77.143981,15-02-2023,medium,investigating
Kalaburagi,Kalaburagi City,Station Bazaar PS,Chain Snatching,17.39753,76.799303,14-03-2023,low,closed
Ramanagara,Kanakapura,Town PS,Assault,12.671726,77.081174,14-07-2023,high,investigating
Haveri,Ranebennur,Ranebennur PS,Chain Snatching,14.921636,75.639618,30-08-2024,medium,investigating
Chikkaballapura,Chikkaballapura,Chikkaballapura PS,Theft,13.365015,77.873203,20-10-2023,medium,open
Chikkaballapura,Bagepalli,Rural PS,Chain Snatching,13.176585,77.94628,22-01-2023,medium,open
Uttara Kannada,Sirsi,Sirsi PS,Domestic Violence,14.969606,74.447271,11-07-2024,low,closed
Davangere,Honnali,Rural PS,Burglary,14.716965,76.091239,28-10-2024,medium,open
Raichur,Sindhanur,Town PS,Mobile Theft,16.511704,77.393311,18-04-2024,low,closed
Gadag,Mundargi,Rural PS,Land Dispute,15.243998,75.78174,01-05-2023,medium,open
Haveri,Haveri,Traffic PS,Land Dispute,14.906742,75.298823,12-12-2024,high,open
Gadag,Ron,Ron PS,Chain Snatching,15.581072,75.577044,15-12-2024,high,investigating
Gadag,Ron,Rural PS,Kidnapping,15.486227,75.748892,25-08-2023,low,investigating
Belagavi,Belagavi City,Tilakwadi PS,Domestic Violence,16.069711,74.26657,14-01-2023,medium,investigating
Kalaburagi,Kalaburagi City,Brahmapur PS,Murder,17.395439,76.89081,18-05-2024,medium,investigating
Ballari,Sandur,Sandur PS,Drug Offense,15.054784,77.20646,19-06-2024,low,open
Gadag,Mundargi,Rural PS,Drug Offense,15.576542,75.553733,13-04-2023,medium,open
Bidar,Basavakalyan,Town PS,Land Dispute,17.621251,77.529083,19-11-2023,medium,investigating
Mandya,Maddur,Town PS,Fraud,12.245323,77.091036,18-09-2024,medium,open
Raichur,Raichur City,Traffic PS,Fraud,16.221111,77.614212,10-12-2024,medium,investigating
Ramanagara,Magadi,Rural PS,Kidnapping,12.775484,77.206042,22-08-2024,high,open
Kodagu,Virajpet,Rural PS,Burglary,12.613795,75.553863,05-10-2024,medium,closed
Yadgir,Yadgir City,Yadgir PS,Robbery,16.545677,77.009448,13-12-2023,low,investigating
Koppal,Kushtagi,Rural PS,Cybercrime,15.31649,76.417472,06-06-2023,high,open
Chikkamagaluru,Tarikere,Tarikere PS,Robbery,13.568041,75.81061,18-02-2024,medium,closed
Bengaluru Rural,Nelamangala,Soladevanahalli PS,Vehicle Theft,13.000812,77.385775,14-05-2023,high,open
Davangere,Harihar,Harihar PS,Chain Snatching,14.465705,75.835086,18-08-2023,low,closed
Chamarajanagar,Kollegal,Rural PS,Chain Snatching,11.73818,76.743107,14-12-2024,high,closed
Dakshina Kannada,Puttur,Puttur PS,Mobile Theft,13.006587,75.518085,24-11-2024,medium,closed
Gadag,Gadag,Betageri PS,Assault,15.379515,75.55779,24-06-2024,high,open
Mandya,Srirangapatna,Srirangapatna PS,Murder,12.49825,76.985164,23-05-2023,medium,investigating
Mangaluru,Mangaluru,Mangaluru South PS,Land Dispute,13.052959,74.785916,20-01-2023,medium,closed
Kodagu,Somwarpet,Rural PS,Murder,12.422394,75.724476,26-11-2024,low,open
Dakshina Kannada,Sullia,Town PS,Cybercrime,12.954226,75.427761,30-12-2023,low,investigating
Davangere,Honnali,Nyamathi PS,Drug Offense,14.530967,76.096107,18-12-2023,medium,open
Raichur,Sindhanur,Town PS,Burglary,16.203548,77.477839,13-02-2024,low,closed
Davangere,Harihar,Town PS,Assault,14.500248,75.707544,26-02-2023,medium,closed
Kolar,Bangarapet,Rural PS,Murder,12.845712,78.262008,17-05-2024,low,open
Chamarajanagar,Chamarajanagar,Town PS,Robbery,11.676779,77.113524,12-11-2023,high,closed
Chikkaballapura,Bagepalli,Town PS,Domestic Violence,13.377661,77.830927,11-01-2023,medium,closed
Uttara Kannada,Sirsi,Rural PS,Drug Offense,14.987366,74.394956,27-02-2024,medium,closed
Mangaluru,Ullal,Konaje PS,Land Dispute,12.978595,74.581257,09-02-2024,medium,open
Shivamogga,Bhadravati,Paper Town PS,Burglary,13.644175,75.537715,30-05-2024,medium,open
Raichur,Manvi,Manvi PS,Mobile Theft,16.173841,77.134234,19-11-2024,medium,closed
Hubballi-Dharwad,Navanagar,Town PS,Kidnapping,15.416198,75.032115,15-10-2024,low,closed
Shivamogga,Shivamogga City,Traffic PS,Murder,13.859253,75.614652,22-11-2023,medium,investigating
Uttara Kannada,Bhatkal,Bhatkal PS,Robbery,14.79128,74.731882,18-05-2024,medium,investigating
Mangaluru,Mangaluru,Pandeshwar PS,Robbery,12.801076,74.760598,19-06-2023,medium,investigating
Belagavi,Chikodi,Rural PS,Chain Snatching,15.985857,74.575169,21-01-2024,low,investigating
Gadag,Gadag,Betageri PS,Domestic Violence,15.270129,75.537315,18-04-2023,low,open
Koppal,Gangavathi,Gangavathi PS,Burglary,15.452919,76.292068,06-05-2024,low,closed
Hubballi-Dharwad,Navanagar,Town PS,Land Dispute,15.379974,75.064249,07-07-2024,low,closed
Ballari,Sandur,Toranagallu PS,Drug Offense,15.090988,77.198428,20-01-2024,medium,investigating
Hubballi-Dharwad,Hubballi,Old Hubballi PS,Cybercrime,15.20127,75.398624,05-04-2024,high,closed
Kalaburagi,Kalaburagi City,Brahmapur PS,Burglary,17.191109,76.873053,03-01-2024,low,closed
Chitradurga,Hosadurga,Hosadurga PS,Cybercrime,14.251363,76.27372,20-04-2024,medium,investigating
Chikkaballapura,Bagepalli,Rural PS,Drug Offense,13.384534,77.457465,20-03-2023,low,open
Koppal,Koppal City,Town PS,Mobile Theft,15.354701,76.40703,21-04-2023,medium,open
Bengaluru Urban,Yelahanka,Yelahanka New Town PS,Kidnapping,12.765542,77.80083,25-09-2024,low,open
Hubballi-Dharwad,Hubballi,Old Hubballi PS,Land Dispute,15.256799,75.352596,20-11-2024,high,closed
Raichur,Sindhanur,Rural PS,Vehicle Theft,16.395044,77.503124,27-03-2024,low,open
Hassan,Arsikere,Rural PS,Drug Offense,12.872865,75.846186,07-01-2024,low,closed
Davangere,Davangere City,Davangere PS,Fraud,14.23903,75.857102,28-06-2023,medium,open
Chikkaballapura,Bagepalli,Bagepalli PS,Kidnapping,13.506482,78.013214,27-01-2023,low,closed
Mysuru,Hunsur,Rural PS,Murder,12.257987,76.587359,20-05-2023,low,investigating
Raichur,Manvi,Town PS,Vehicle Theft,16.447496,77.114493,31-05-2024,medium,investigating
Haveri,Ranebennur,Rural PS,Theft,14.71977,75.619066,17-07-2023,high,investigating
Dakshina Kannada,Sullia,Sullia PS,Cybercrime,12.627035,75.368256,25-10-2023,high,open
Bidar,Basavakalyan,Basavakalyan PS,Fraud,17.735256,77.503221,26-09-2023,medium,investigating
Tumakuru,Madhugiri,Rural PS,Domestic Violence,13.063634,77.305656,14-02-2023,medium,investigating
Hubballi-Dharwad,Navanagar,Town PS,Mobile Theft,15.458523,75.045371,03-12-2023,high,investigating
Bengaluru Urban,Yelahanka,Yelahanka New Town PS,Land Dispute,12.819246,77.729529,23-12-2023,high,investigating
Kodagu,Somwarpet,Kushalnagar PS,Cybercrime,12.240039,75.522258,24-08-2023,high,open
Udupi,Udupi,Udupi Town PS,Burglary,13.201162,74.469632,10-06-2023,medium,closed
Uttara Kannada,Sirsi,Sirsi PS,Fraud,14.785316,74.450647,06-04-2024,high,closed
Haveri,Haveri,Town PS,Cybercrime,14.826512,75.318444,30-03-2024,medium,open
Kolar,Bangarapet,Town PS,Burglary,13.28516,77.883308,26-09-2024,low,open
Hubballi-Dharwad,Navanagar,Rural PS,Burglary,15.161196,75.399809,19-01-2023,low,investigating
Mangaluru,Ullal,Ullal PS,Fraud,13.083882,74.612933,04-09-2023,high,closed
Belagavi,Gokak,Rural PS,Domestic Violence,15.664566,74.661382,11-12-2024,medium,open
Belagavi,Chikodi,Chikodi PS,Drug Offense,15.662205,74.608758,26-05-2023,high,open
Chikkaballapura,Bagepalli,Rural PS,Assault,13.676612,77.644004,22-03-2024,medium,closed
Bidar,Bidar City,Bidar PS,Cybercrime,17.725311,77.716753,09-12-2024,low,open
Hassan,Hassan City,Extension PS,Kidnapping,13.208322,75.823411,22-10-2023,low,closed
Udupi,Karkala,Karkala PS,Kidnapping,13.533639,74.901922,09-02-2023,low,open
Chikkaballapura,Bagepalli,Town PS,Chain Snatching,13.616223,77.75012,22-08-2024,low,investigating
Udupi,Udupi,Malpe PS,Land Dispute,13.437908,74.44578,03-07-2023,low,open
Bidar,Bhalki,Bhalki PS,Kidnapping,18.151494,77.592704,15-02-2024,low,open
Mysuru,Mysuru City,Lakshmipuram PS,Burglary,12.335168,76.601124,20-08-2024,low,closed
Chikkamagaluru,Tarikere,Lakkavalli PS,Murder,13.58575,75.631274,19-12-2023,medium,closed
Bengaluru Rural,Doddaballapura,Doddaballapura PS,Kidnapping,13.487845,77.620056,18-01-2024,low,investigating
Belagavi,Belagavi City,Belagavi PS,Land Dispute,15.773985,74.364856,18-01-2023,low,investigating
Bengaluru Urban,Whitefield,Varthur PS,Land Dispute,12.749006,77.337139,14-04-2024,medium,open
Mysuru,Mysuru City,Nazarbad PS,Drug Offense,12.107668,76.515373,23-08-2023,low,investigating
Chitradurga,Hosadurga,Hosadurga PS,Land Dispute,14.168705,76.578682,31-08-2024,low,open
Yadgir,Shahapur,Town PS,Fraud,16.678866,77.056817,18-06-2024,high,investigating
Bengaluru Rural,Doddaballapura,Rural PS,Drug Offense,12.977862,77.203415,24-01-2023,high,investigating
Tumakuru,Madhugiri,Town PS,Murder,13.599208,76.880667,13-03-2023,low,investigating
Davangere,Davangere City,Davangere PS,Drug Offense,14.743881,75.727871,07-10-2024,medium,investigating
Kodagu,Virajpet,Rural PS,Theft,12.406777,75.830068,08-07-2023,medium,closed
Ramanagara,Ramanagara,Ramanagara PS,Domestic Violence,12.615915,76.98484,07-03-2024,low,investigating
Haveri,Haveri,Haveri PS,Fraud,14.998197,75.492017,01-05-2024,low,open
Davangere,Honnali,Honnali PS,Assault,14.242135,76.058586,15-02-2023,medium,open
Kalaburagi,Jewargi,Jewargi PS,Murder,17.574454,76.705916,12-07-2023,low,open
Kolar,Kolar,Kolar PS,Land Dispute,13.196943,78.206777,18-07-2024,medium,open
Raichur,Sindhanur,Sindhanur PS,Assault,16.193224,77.133398,27-07-2023,low,open
Tumakuru,Tumakuru City,Tumakuru PS,Land Dispute,13.148851,76.8272,24-12-2024,low,investigating
Ramanagara,Ramanagara,Town PS,Drug Offense,12.85416,77.27005,18-05-2023,low,open
Kalaburagi,Sedam,Rural PS,Theft,17.565599,76.986926,27-06-2023,high,open
Haveri,Haveri,Town PS,Vehicle Theft,14.551834,75.606039,30-09-2024,medium,open
Davangere,Davangere City,Davangere PS,Theft,14.470347,75.820476,01-04-2024,medium,closed
Mandya,Maddur,Town PS,Mobile Theft,12.366784,76.662841,23-10-2024,medium,closed
Chikkamagaluru,Kadur,Rural PS,Drug Offense,13.450685,75.795922,11-04-2023,low,closed
Chitradurga,Hosadurga,Rural PS,Fraud,14.227578,76.684421,16-04-2023,low,open
Hassan,Sakleshpur,Sakleshpur PS,Domestic Violence,13.065652,75.915251,15-12-2023,low,open
Tumakuru,Madhugiri,Madhugiri PS,Murder,13.588249,77.34188,23-08-2024,medium,investigating
Chikkaballapura,Chikkaballapura,Town PS,Kidnapping,13.241277,77.652459,02-10-2024,low,investigating
Haveri,Ranebennur,Rural PS,Chain Snatching,15.052198,75.179432,16-12-2024,low,open
Mysuru,Mysuru City,Nazarbad PS,Theft,12.516554,76.739531,13-03-2024,low,investigating
Bengaluru Rural,Nelamangala,Soladevanahalli PS,Chain Snatching,13.236984,77.411386,29-11-2024,medium,investigating
Davangere,Harihar,Town PS,Murder,14.75462,75.699709,07-06-2024,medium,investigating
Kalaburagi,Kalaburagi City,University PS,Assault,17.459416,76.948675,11-07-2024,low,investigating
Ballari,Hospet,Traffic PS,Mobile Theft,15.146078,76.831113,09-12-2024,low,open
Ramanagara,Magadi,Rural PS,Assault,13.000053,77.075276,19-06-2023,low,closed
Kalaburagi,Jewargi,Yadrami PS,Murder,17.304183,76.794966,20-04-2024,low,investigating
Bengaluru Urban,Yelahanka,Yelahanka PS,Mobile Theft,13.16096,77.44307,01-06-2024,medium,open
Kodagu,Virajpet,Virajpet PS,Drug Offense,12.504376,75.686943,07-03-2023,low,closed
Shivamogga,Shivamogga City,Doddapete PS,Kidnapping,13.771943,75.597265,14-10-2023,high,investigating
Mangaluru,Surathkal,Panambur PS,Mobile Theft,13.025128,75.069332,20-01-2024,low,open
Hubballi-Dharwad,Navanagar,Rural PS,Murder,15.470305,74.993069,24-04-2024,high,closed
Bengaluru Rural,Devanahalli,Airport PS,Cybercrime,13.304027,77.142926,30-12-2023,low,open
Uttara Kannada,Sirsi,Town PS,Robbery,14.912779,74.491927,31-03-2024,medium,closed
Kalaburagi,Sedam,Rural PS,Theft,17.560054,76.964218,16-07-2024,medium,open
Bengaluru Urban,Whitefield,Whitefield PS,Theft,12.687261,77.493299,13-02-2023,low,open
Bengaluru Rural,Nelamangala,Soladevanahalli PS,Mobile Theft,13.266923,77.15058,19-03-2024,low,open
Chamarajanagar,Kollegal,Kollegal PS,Assault,11.994375,77.037839,10-02-2024,low,open
Mangaluru,Mangaluru,Mangaluru North PS,Murder,13.08897,74.779206,18-11-2024,low,open
Chikkamagaluru,Kadur,Town PS,Burglary,13.022523,75.591954,06-02-2023,medium,open
Yadgir,Shahapur,Rural PS,Vehicle Theft,16.596882,76.858922,02-01-2024,high,investigating
Kolar,Bangarapet,Bangarapet PS,Land Dispute,13.119207,78.402975,14-10-2023,high,open
Belagavi,Chikodi,Chikodi PS,Cybercrime,16.10317,74.354404,24-09-2023,medium,closed
Kolar,Malur,Rural PS,Murder,13.252089,78.101975,30-07-2023,medium,investigating
Chikkaballapura,Sidlaghatta,Town PS,Fraud,13.294823,77.784637,17-12-2023,low,closed
Shivamogga,Bhadravati,Old Town PS,Domestic Violence,13.636222,75.502916,06-04-2024,low,closed
Kalaburagi,Sedam,Rural PS,Assault,17.516184,77.003517,14-01-2023,low,open
Belagavi,Gokak,Gokak Town PS,Land Dispute,15.654543,74.340406,30-05-2023,low,closed
Kalaburagi,Sedam,Rural PS,Fraud,17.499764,76.595687,14-04-2024,low,open
Ballari,Ballari City,Brucepet PS,Land Dispute,15.104318,76.92074,13-05-2024,low,open
Mandya,Mandya,Town PS,Fraud,12.601061,76.599275,09-04-2023,low,closed
Belagavi,Chikodi,Rural PS,Drug Offense,15.611698,74.697317,17-12-2024,low,open
Mandya,Maddur,Town PS,Burglary,12.24358,77.06846,05-11-2023,medium,closed
Hassan,Hassan City,Traffic PS,Burglary,13.25761,76.108395,15-06-2024,low,open
Mangaluru,Mangaluru,Mangaluru North PS,Cybercrime,12.726318,74.744177,18-07-2023,high,investigating
Kodagu,Virajpet,Rural PS,Theft,12.453088,75.514104,01-03-2023,high,investigating
Koppal,Kushtagi,Kushtagi PS,Assault,15.300943,75.996438,20-04-2024,high,investigating
Kalaburagi,Jewargi,Yadrami PS,Burglary,17.618724,76.966421,24-02-2023,medium,open
Mandya,Maddur,Maddur PS,Drug Offense,12.499808,76.735375,08-07-2023,high,open
Mandya,Maddur,Maddur PS,Mobile Theft,12.366621,76.838646,11-05-2024,low,investigating
Uttara Kannada,Karwar,Karwar Town PS,Domestic Violence,14.747479,74.486075,30-05-2024,low,open
Bengaluru Urban,Whitefield,Varthur PS,Domestic Violence,12.885634,77.883293,08-01-2023,low,closed
Kolar,Malur,Town PS,Burglary,13.336221,78.329475,23-12-2023,low,investigating
Kalaburagi,Sedam,Sedam PS,Chain Snatching,17.540141,77.08092,04-03-2024,low,closed
Kolar,Kolar,Town PS,Murder,13.326038,78.237209,12-02-2024,low,investigating
Kalaburagi,Kalaburagi City,University PS,Fraud,17.607949,76.606075,02-04-2023,low,open
Vijayapura,Indi,Rural PS,Domestic Violence,17.092856,75.983859,03-09-2023,medium,investigating
Bengaluru Urban,Yelahanka,Yelahanka New Town PS,Burglary,12.685667,77.837145,29-07-2023,medium,open
Chamarajanagar,Chamarajanagar,Chamarajanagar PS,Theft,12.172863,77.012061,25-05-2024,low,investigating
Chitradurga,Hosadurga,Town PS,Burglary,14.445811,76.373838,15-12-2024,medium,closed
Raichur,Manvi,Town PS,Robbery,16.392817,77.495196,10-07-2023,low,closed
Chamarajanagar,Kollegal,Town PS,Vehicle Theft,11.901027,76.781741,11-05-2024,low,closed
Mangaluru,Mangaluru,Mangaluru North PS,Kidnapping,12.807066,74.615102,18-10-2024,low,closed
Belagavi,Chikodi,Chikodi PS,Chain Snatching,15.905982,74.492692,28-11-2024,low,open
Vijayapura,Vijayapura City,Traffic PS,Fraud,16.795815,75.710759,03-03-2023,low,investigating
Chikkamagaluru,Chikkamagaluru City,Town PS,Burglary,13.561151,75.606545,19-01-2024,medium,closed
Kolar,Kolar,Town PS,Chain Snatching,12.859196,78.237228,27-06-2024,high,investigating
Chikkamagaluru,Chikkamagaluru City,Chikkamagaluru PS,Drug Offense,13.439402,75.610425,21-05-2024,medium,closed
Bengaluru Urban,Yelahanka,Yelahanka PS,Cybercrime,12.931806,77.673558,03-02-2024,low,investigating
Chitradurga,Chitradurga,Traffic PS,Kidnapping,13.972101,76.606924,27-02-2023,medium,investigating
Raichur,Raichur City,Traffic PS,Chain Snatching,16.399163,77.375833,04-10-2024,high,closed
Ramanagara,Magadi,Town PS,Vehicle Theft,12.796287,77.561927,07-11-2023,low,open
Mangaluru,Ullal,Ullal PS,Kidnapping,12.856685,75.036343,29-04-2024,medium,investigating
Hubballi-Dharwad,Navanagar,Navanagar PS,Land Dispute,15.529642,74.861539,11-07-2023,low,closed
Chikkamagaluru,Chikkamagaluru City,Traffic PS,Land Dispute,13.391123,75.985854,17-07-2023,low,closed
Chamarajanagar,Gundlupet,Rural PS,Assault,12.10396,77.192522,12-04-2024,low,closed
Ramanagara,Kanakapura,Kanakapura PS,Mobile Theft,13.013319,77.187373,18-04-2023,low,open
Belagavi,Gokak,Gokak Town PS,Fraud,15.990018,74.644459,11-12-2024,medium,investigating
Chamarajanagar,Gundlupet,Town PS,Vehicle Theft,11.930584,77.176195,10-04-2023,low,closed
Kolar,Bangarapet,Town PS,Land Dispute,12.922158,78.250007,14-04-2023,low,investigating
Davangere,Honnali,Rural PS,Robbery,14.639508,75.908352,13-01-2024,low,open
Chikkaballapura,Sidlaghatta,Town PS,Theft,13.483684,77.451325,04-09-2023,low,open
Chitradurga,Hosadurga,Town PS,Theft,14.505543,76.627992,27-10-2023,low,investigating
Shivamogga,Bhadravati,Old Town PS,Theft,13.73832,75.416004,28-07-2023,medium,investigating
Ballari,Ballari City,Cowl Bazaar PS,Mobile Theft,15.086998,76.987425,13-11-2024,medium,open
Mandya,Maddur,Town PS,Domestic Violence,12.713916,76.677518,24-05-2024,low,investigating
Raichur,Raichur City,Raichur PS,Land Dispute,16.162138,77.209806,03-12-2023,medium,open
Yadgir,Gurmitkal,Gurmitkal PS,Chain Snatching,16.777945,77.10928,01-08-2023,low,investigating
Chikkamagaluru,Chikkamagaluru City,Chikkamagaluru PS,Vehicle Theft,13.399125,75.740514,27-06-2023,high,open
Hubballi-Dharwad,Hubballi,Vidyanagar PS,Drug Offense,15.333974,74.9765,02-10-2023,medium,investigating
Vijayapura,Vijayapura City,Gandhi Chowk PS,Cybercrime,17.032966,75.435161,05-08-2024,low,closed
Gadag,Mundargi,Mundargi PS,Theft,15.163233,75.437654,26-03-2024,low,closed
Tumakuru,Tumakuru City,Traffic PS,Domestic Violence,13.576744,76.858406,05-07-2023,high,investigating
Koppal,Kushtagi,Town PS,Vehicle Theft,15.282988,76.412951,29-03-2024,medium,closed
Davangere,Davangere City,KTJ Nagar PS,Murder,14.529665,76.065066,07-01-2023,medium,closed
Ramanagara,Magadi,Town PS,Burglary,12.669328,77.019787,29-11-2023,medium,investigating
Mangaluru,Mangaluru,Mangaluru South PS,Assault,13.117625,74.581049,19-01-2023,low,open
Davangere,Davangere City,Davangere PS,Fraud,14.295442,75.825242,25-05-2024,low,investigating
Mandya,Maddur,Maddur PS,Cybercrime,12.579771,77.10243,30-04-2024,high,closed
Ramanagara,Ramanagara,Town PS,Mobile Theft,12.630099,77.223595,03-10-2024,high,investigating
Kalaburagi,Jewargi,Jewargi PS,Kidnapping,17.61787,76.811003,29-04-2023,medium,closed
Shivamogga,Sagara,Sagara PS,Murder,14.010113,75.75582,20-05-2024,low,investigating
Shivamogga,Shivamogga City,Doddapete PS,Drug Offense,13.749566,75.598029,14-01-2023,high,open
Dakshina Kannada,Bantwal,Town PS,Land Dispute,12.550894,75.453304,06-09-2024,low,closed
Bengaluru Urban,Whitefield,Varthur PS,Fraud,12.981402,77.342747,29-09-2023,low,open
Ramanagara,Kanakapura,Town PS,Land Dispute,12.500701,77.555522,25-04-2024,high,investigating
Vijayapura,Indi,Indi PS,Drug Offense,17.065928,75.617236,22-07-2024,low,investigating
Davangere,Davangere City,Traffic PS,Murder,14.755506,75.765565,08-11-2023,low,investigating
Davangere,Honnali,Honnali PS,Assault,14.623136,75.962935,10-07-2024,medium,open
Hassan,Hassan City,Traffic PS,Burglary,12.71752,76.140422,04-02-2024,low,investigating
Chikkamagaluru,Tarikere,Lakkavalli PS,Fraud,13.080343,76.069431,22-12-2023,low,open
Kolar,Bangarapet,Rural PS,Chain Snatching,13.109742,78.25613,27-02-2023,medium,closed
Raichur,Sindhanur,Rural PS,Mobile Theft,16.350881,77.475582,19-11-2023,low,open
Belagavi,Chikodi,Chikodi PS,Murder,16.097958,74.60431,14-03-2023,high,investigating
Haveri,Ranebennur,Ranebennur PS,Murder,14.930189,75.326773,22-08-2023,low,closed
Gadag,Mundargi,Mundargi PS,Robbery,15.337571,75.877996,06-04-2024,medium,open
Ballari,Ballari City,Brucepet PS,Burglary,15.05299,76.899205,12-07-2024,medium,closed
Raichur,Raichur City,Raichur PS,Chain Snatching,16.241166,77.105853,21-01-2023,medium,investigating
Gadag,Mundargi,Mundargi PS,Assault,15.159933,75.600847,13-12-2024,low,closed
Shivamogga,Shivamogga City,Vinobanagar PS,Fraud,13.816288,75.477676,30-08-2024,low,closed
Bidar,Bhalki,Rural PS,Mobile Theft,17.755348,77.258019,14-10-2023,low,investigating
Yadgir,Yadgir City,Town PS,Theft,16.697281,77.064208,02-05-2023,high,investigating
Dakshina Kannada,Puttur,Traffic PS,Cybercrime,12.895695,75.117015,06-03-2024,medium,investigating
Chamarajanagar,Chamarajanagar,Chamarajanagar PS,Chain Snatching,12.165594,77.022039,26-08-2023,high,open
Tumakuru,Tumakuru City,New Extension PS,Theft,13.211698,77.410642,29-08-2023,high,open
Hubballi-Dharwad,Navanagar,Rural PS,Theft,15.408153,75.235275,01-08-2023,low,closed
Tumakuru,Tumakuru City,New Extension PS,Fraud,13.494775,76.988827,25-10-2023,high,open
Chikkaballapura,Chikkaballapura,Chikkaballapura PS,Chain Snatching,13.304537,77.88037,29-08-2023,medium,closed
Ramanagara,Magadi,Town PS,Robbery,12.58008,77.147722,07-03-2024,medium,open
Dakshina Kannada,Sullia,Sullia PS,Murder,12.86057,75.290556,25-10-2024,medium,investigating
Uttara Kannada,Karwar,Karwar Town PS,Kidnapping,14.708982,74.708932,18-07-2023,low,closed
Chamarajanagar,Gundlupet,Rural PS,Chain Snatching,11.788766,76.694489,07-07-2023,medium,investigating
Haveri,Ranebennur,Ranebennur PS,Cybercrime,14.789478,75.230311,25-09-2023,low,open
Belagavi,Gokak,Traffic PS,Murder,16.102138,74.325124,03-01-2024,low,investigating
Shivamogga,Shivamogga City,Vinobanagar PS,Cybercrime,13.663025,75.687894,13-12-2024,low,closed
Hassan,Arsikere,Town PS,Drug Offense,13.15729,76.179418,16-06-2024,low,open
Ballari,Sandur,Toranagallu PS,Domestic Violence,15.333256,77.060035,10-07-2023,high,closed
Udupi,Karkala,Hebri PS,Robbery,13.151689,74.691144,20-10-2024,medium,investigating
Ballari,Sandur,Sandur PS,Assault,15.058297,76.670978,07-02-2023,low,open
Uttara Kannada,Bhatkal,Town PS,Theft,14.956228,74.761635,22-02-2024,low,open
Bengaluru Rural,Devanahalli,Airport PS,Robbery,13.42371,77.381846,03-03-2024,low,closed
Gadag,Ron,Ron PS,Theft,15.478328,75.488089,31-03-2024,low,investigating
Uttara Kannada,Karwar,Traffic PS,Assault,14.710073,74.571249,03-04-2023,medium,closed
Hassan,Sakleshpur,Rural PS,Kidnapping,13.07622,76.247565,10-08-2024,medium,investigating
Ramanagara,Ramanagara,Traffic PS,Fraud,12.809317,77.281359,20-01-2024,high,closed
Yadgir,Shahapur,Shahapur PS,Drug Offense,16.507018,77.094875,08-05-2023,medium,open
Udupi,Udupi,Udupi Town PS,Burglary,13.280081,74.765591,25-02-2023,low,investigating
Gadag,Mundargi,Mundargi PS,Murder,15.669918,75.509524,23-02-2023,low,closed
Kodagu,Somwarpet,Rural PS,Fraud,12.210365,76.091171,29-10-2024,low,closed
Hassan,Hassan City,Traffic PS,Fraud,12.882663,76.042167,06-03-2024,medium,investigating
Hassan,Hassan City,Extension PS,Robbery,13.270458,76.122469,26-06-2023,high,investigating
Kodagu,Madikeri,Traffic PS,Assault,12.266808,76.09278,09-12-2024,medium,investigating
Bidar,Bidar City,Bidar PS,Mobile Theft,17.859353,77.779392,10-11-2024,low,investigating
Bengaluru Rural,Doddaballapura,Doddaballapura PS,Theft,12.903505,77.423032,27-09-2024,low,closed
Haveri,Savanur,Town PS,Burglary,15.08427,75.141661,19-10-2023,low,investigating
Yadgir,Shahapur,Rural PS,Robbery,16.803435,76.926228,16-04-2024,medium,closed
Chamarajanagar,Gundlupet,Town PS,Cybercrime,11.696391,76.984721,29-10-2023,low,investigating
Davangere,Honnali,Rural PS,Drug Offense,14.374998,76.189098,04-03-2023,low,open
Kalaburagi,Sedam,Town PS,Land Dispute,17.561887,76.893723,06-10-2024,low,investigating
Chikkaballapura,Chikkaballapura,Town PS,Chain Snatching,13.311634,77.53925,01-11-2023,medium,investigating
Tumakuru,Tiptur,Tiptur PS,Fraud,13.130408,77.208341,30-04-2024,low,open
Mangaluru,Ullal,Ullal PS,Robbery,12.921373,74.843311,15-09-2024,low,closed
Shivamogga,Bhadravati,Old Town PS,Chain Snatching,14.196624,75.610646,06-12-2024,low,closed
Chikkaballapura,Sidlaghatta,Sidlaghatta PS,Murder,13.321237,77.884446,08-04-2023,low,investigating
Chitradurga,Hiriyur,Town PS,Murder,13.985792,76.451447,12-06-2024,medium,investigating
Raichur,Manvi,Manvi PS,Chain Snatching,16.210426,77.296094,02-03-2024,low,investigating
Kodagu,Madikeri,Rural PS,Chain Snatching,12.178786,75.652886,28-05-2024,medium,open
Vijayapura,Sindagi,Town PS,Vehicle Theft,16.616403,75.508336,01-11-2024,medium,closed
Bengaluru Rural,Doddaballapura,Doddaballapura PS,Mobile Theft,13.124717,77.551679,01-09-2023,high,open
Dakshina Kannada,Bantwal,Rural PS,Chain Snatching,12.612592,75.423823,27-11-2023,low,investigating
Hassan,Hassan City,Traffic PS,Assault,13.025288,76.080435,21-01-2023,medium,open
Bengaluru Rural,Doddaballapura,Town PS,Cybercrime,13.176364,77.703594,21-12-2024,low,closed
Koppal,Koppal City,Koppal PS,Murder,15.192634,76.10644,11-03-2024,high,investigating
Kalaburagi,Kalaburagi City,Station Bazaar PS,Land Dispute,17.148405,76.704276,18-06-2023,medium,investigating
Hassan,Hassan City,Traffic PS,Chain Snatching,13.212438,75.816702,23-09-2023,low,open
Ramanagara,Ramanagara,Ramanagara PS,Land Dispute,12.979733,77.410214,20-12-2023,medium,open
Chamarajanagar,Chamarajanagar,Chamarajanagar PS,Burglary,11.782809,77.146577,26-04-2024,low,investigating
Belagavi,Belagavi City,Market PS,Domestic Violence,15.824194,74.303208,20-07-2023,low,open
Raichur,Sindhanur,Rural PS,Robbery,16.307851,77.360277,31-12-2024,low,investigating
Udupi,Kundapura,Gangolli PS,Land Dispute,13.258285,74.703574,26-12-2024,high,open
Yadgir,Yadgir City,Yadgir PS,Theft,16.640411,77.072062,11-06-2024,high,investigating
Kolar,Bangarapet,Rural PS,Burglary,13.155451,77.965187,08-01-2024,low,closed
Uttara Kannada,Bhatkal,Bhatkal PS,Drug Offense,14.677333,74.989497,28-08-2023,low,closed
Chamarajanagar,Chamarajanagar,Traffic PS,Robbery,12.179437,77.184563,16-04-2023,medium,closed
Mangaluru,Ullal,Kotekar PS,Robbery,13.20805,74.671349,16-08-2023,low,open
Gadag,Mundargi,Rural PS,Robbery,15.450983,75.568039,27-08-2024,low,investigating
Mangaluru,Mangaluru,Mangaluru North PS,Theft,12.977336,74.858595,15-09-2023,low,open
Kodagu,Somwarpet,Kushalnagar PS,Fraud,12.305786,76.092655,12-08-2024,high,closed
Chitradurga,Hiriyur,Town PS,Murder,14.19453,76.431872,28-03-2023,high,closed
Bengaluru Urban,Whitefield,Kadugodi PS,Domestic Violence,13.224547,77.828894,20-09-2024,low,closed
Davangere,Davangere City,Davangere PS,Theft,14.516661,75.822611,06-01-2023,low,investigating
Vijayapura,Sindagi,Sindagi PS,Cybercrime,16.798904,75.936085,23-07-2024,medium,closed
Mysuru,Mysuru City,Nazarbad PS,Chain Snatching,12.079599,76.792927,02-06-2024,low,open
Chamarajanagar,Kollegal,Town PS,Burglary,12.110414,76.879864,07-01-2024,low,closed
Dakshina Kannada,Bantwal,Rural PS,Theft,12.894106,75.266074,25-10-2024,low,investigating
Mangaluru,Surathkal,Surathkal PS,Drug Offense,12.914376,74.870291,24-04-2023,medium,closed
Ramanagara,Magadi,Rural PS,Mobile Theft,12.731656,77.20588,02-03-2023,low,closed
Bidar,Bidar City,Bidar PS,Mobile Theft,18.01366,77.445429,28-03-2023,medium,investigating
Gadag,Mundargi,Town PS,Murder,15.363716,75.704392,24-12-2024,low,investigating
Kolar,Malur,Malur PS,Chain Snatching,13.41312,78.238079,20-05-2023,low,investigating
Chikkaballapura,Bagepalli,Rural PS,Drug Offense,13.275998,77.688423,22-09-2023,low,closed
Haveri,Ranebennur,Ranebennur PS,Burglary,14.599179,75.256434,27-12-2024,medium,open
Kolar,Malur,Malur PS,Mobile Theft,13.07577,78.222833,14-10-2023,low,investigating
Kolar,Kolar,Kolar PS,Vehicle Theft,13.324561,78.269381,14-04-2023,low,investigating
Davangere,Honnali,Rural PS,Fraud,14.521851,76.034968,05-08-2024,low,investigating
Udupi,Karkala,Ajekar PS,Drug Offense,13.178388,74.995169,07-07-2023,medium,open
Koppal,Kushtagi,Rural PS,Mobile Theft,15.554339,76.375726,02-12-2023,medium,closed
Chitradurga,Chitradurga,Traffic PS,Burglary,14.293906,76.486965,28-04-2023,medium,closed
Bidar,Bhalki,Town PS,Domestic Violence,17.626869,77.380474,20-08-2024,low,closed
Udupi,Kundapura,Gangolli PS,Assault,13.070291,74.982729,31-10-2024,low,closed
Shivamogga,Bhadravati,Bhadravati PS,Cybercrime,13.863588,75.396314,27-09-2023,medium,closed
Chikkamagaluru,Kadur,Rural PS,Drug Offense,13.081909,75.644952,13-12-2023,high,open
Raichur,Sindhanur,Rural PS,Murder,16.278874,77.58489,09-04-2024,medium,investigating
Bengaluru Rural,Devanahalli,Devanahalli PS,Chain Snatching,12.900914,77.712295,22-02-2024,medium,closed
Tumakuru,Tumakuru City,Traffic PS,Theft,13.230476,77.007775,27-09-2023,medium,investigating
Davangere,Harihar,Town PS,Assault,14.364615,75.99125,25-05-2023,medium,investigating
Chikkaballapura,Bagepalli,Bagepalli PS,Mobile Theft,13.434274,77.664013,21-02-2023,low,closed
Raichur,Manvi,Rural PS,Cybercrime,15.933935,77.144356,04-10-2024,medium,closed
Chikkamagaluru,Tarikere,Lakkavalli PS,Cybercrime,13.100009,75.990095,17-10-2023,low,investigating
Gadag,Gadag,Gadag Town PS,Assault,15.404464,75.532497,24-01-2024,medium,investigating
Ramanagara,Ramanagara,Ramanagara PS,Assault,12.800622,77.081258,05-09-2024,high,open
Ramanagara,Kanakapura,Town PS,Domestic Violence,12.970299,77.422277,29-06-2024,high,closed
Chitradurga,Chitradurga,Chitradurga PS,Land Dispute,14.360368,76.384315,07-12-2023,medium,closed
Davangere,Honnali,Nyamathi PS,Fraud,14.577997,76.175026,26-07-2024,high,open
Chikkamagaluru,Tarikere,Tarikere PS,Theft,13.077292,75.845682,14-11-2024,low,investigating
Shivamogga,Shivamogga City,Traffic PS,Domestic Violence,13.883453,75.302626,28-07-2023,low,closed
Davangere,Honnali,Nyamathi PS,Murder,14.594503,75.696005,10-12-2024,low,open
Bengaluru Urban,Yelahanka,Attur PS,Theft,12.879505,77.463257,16-12-2024,medium,investigating
Ramanagara,Kanakapura,Rural PS,Chain Snatching,12.476,77.431871,31-05-2023,low,closed
Ballari,Ballari City,Ballari PS,Mobile Theft,15.270054,76.647627,03-09-2024,medium,closed
Chikkaballapura,Bagepalli,Rural PS,Fraud,13.533678,77.891144,19-10-2023,low,investigating
Davangere,Harihar,Harihar PS,Kidnapping,14.650404,76.010188,26-10-2023,medium,closed
Mangaluru,Ullal,Konaje PS,Kidnapping,12.776768,74.880502,26-12-2023,medium,investigating
Chamarajanagar,Gundlupet,Gundlupet PS,Vehicle Theft,11.779098,77.041892,16-06-2023,high,investigating
Shivamogga,Sagara,Anandapura PS,Domestic Violence,13.747937,75.830946,27-07-2024,low,closed
Bidar,Basavakalyan,Basavakalyan PS,Chain Snatching,17.718419,77.582346,24-07-2023,medium,open
Uttara Kannada,Bhatkal,Rural PS,Kidnapping,14.663117,74.806554,14-01-2023,medium,closed
Hubballi-Dharwad,Hubballi,Old Hubballi PS,Land Dispute,15.144693,75.112602,01-08-2023,medium,open
Udupi,Udupi,Udupi Town PS,Burglary,13.239712,75.028525,19-05-2024,low,investigating
Bengaluru Urban,Whitefield,Whitefield PS,Robbery,12.82876,77.623125,14-11-2024,low,investigating
Gadag,Mundargi,Town PS,Vehicle Theft,15.290448,75.469327,01-02-2024,low,open
Ramanagara,Ramanagara,Town PS,Burglary,12.868177,77.316029,19-10-2023,low,open
Hassan,Arsikere,Rural PS,Murder,12.904372,76.214732,02-11-2024,medium,closed
Kolar,Bangarapet,Bangarapet PS,Kidnapping,13.231055,77.973831,12-05-2023,low,closed
Kolar,Bangarapet,Bangarapet PS,Theft,12.942469,77.865722,01-10-2023,medium,closed
Bidar,Bhalki,Rural PS,Vehicle Theft,17.909994,77.747485,28-01-2024,medium,investigating
Bengaluru Rural,Nelamangala,Soladevanahalli PS,Robbery,13.239275,77.211824,04-11-2024,medium,open
Kodagu,Madikeri,Traffic PS,Chain Snatching,12.209569,75.538737,15-12-2024,medium,investigating
Bidar,Basavakalyan,Basavakalyan PS,Fraud,18.173984,77.625654,02-03-2024,high,open
Belagavi,Chikodi,Chikodi PS,Domestic Violence,16.058574,74.629888,25-08-2024,low,open
Kodagu,Madikeri,Rural PS,Mobile Theft,12.485729,75.685846,13-01-2024,medium,open
Hassan,Sakleshpur,Town PS,Robbery,12.782786,75.968616,04-03-2023,high,investigating
Kalaburagi,Jewargi,Yadrami PS,Assault,17.103755,76.731633,26-01-2024,low,closed
Raichur,Sindhanur,Town PS,Kidnapping,16.329559,77.21734,01-08-2023,medium,investigating
Kalaburagi,Jewargi,Jewargi PS,Domestic Violence,17.228055,76.746198,16-12-2024,low,investigating
Kolar,Kolar,Town PS,Land Dispute,12.870251,77.972267,26-07-2023,low,investigating
Kolar,Bangarapet,Rural PS,Chain Snatching,13.258235,78.089313,15-09-2024,low,open
Gadag,Mundargi,Rural PS,Theft,15.631524,75.531238,03-09-2024,low,closed
Mysuru,Hunsur,Bilikere PS,Chain Snatching,12.051823,76.729417,03-07-2023,low,closed
Kolar,Malur,Rural PS,Burglary,13.325322,78.285109,07-01-2023,high,investigating
Hassan,Sakleshpur,Town PS,Theft,13.210309,76.086542,17-09-2023,low,investigating
Bengaluru Rural,Nelamangala,Soladevanahalli PS,Cybercrime,13.203033,77.518403,01-01-2023,low,open
Mangaluru,Surathkal,Panambur PS,Domestic Violence,13.026373,74.561948,12-01-2024,high,investigating
Udupi,Udupi,Malpe PS,Assault,13.2756,74.512883,14-08-2023,low,closed
Ballari,Sandur,Rural PS,Chain Snatching,14.988427,76.907235,27-07-2023,medium,closed
Kodagu,Somwarpet,Rural PS,Theft,12.064463,75.963689,12-06-2023,high,investigating
Mysuru,Hunsur,Bilikere PS,Mobile Theft,12.410455,76.73364,14-01-2023,low,open
Uttara Kannada,Karwar,Karwar Town PS,Murder,14.856751,74.459701,16-12-2024,low,investigating
Mysuru,Hunsur,Rural PS,Land Dispute,12.463041,76.886646,05-01-2024,medium,investigating
Bengaluru Urban,Koramangala,Madiwala PS,Burglary,13.141073,77.677234,25-06-2024,low,open
Bengaluru Rural,Doddaballapura,Rural PS,Domestic Violence,12.923559,77.246632,11-03-2024,low,closed
Bengaluru Urban,Whitefield,Whitefield PS,Domestic Violence,13.266327,77.314433,25-06-2024,high,closed
Chitradurga,Hosadurga,Town PS,Cybercrime,14.495275,76.461503,27-07-2024,low,investigating
Kalaburagi,Kalaburagi City,Brahmapur PS,Burglary,17.121216,76.709414,21-08-2023,low,investigating
Ramanagara,Magadi,Rural PS,Land Dispute,12.585453,76.996199,21-02-2024,low,investigating
Gadag,Mundargi,Rural PS,Land Dispute,15.27654,75.600344,15-09-2024,low,closed
Vijayapura,Vijayapura City,Traffic PS,Robbery,16.674604,75.541854,16-10-2024,medium,open
Kolar,Bangarapet,Bangarapet PS,Mobile Theft,12.856876,77.94416,12-05-2023,medium,closed
Haveri,Ranebennur,Ranebennur PS,Theft,14.688699,75.499475,07-09-2024,low,closed
Tumakuru,Madhugiri,Madhugiri PS,Land Dispute,13.437438,76.848399,19-04-2023,medium,open
Uttara Kannada,Karwar,Karwar Town PS,Vehicle Theft,14.902125,74.631931,12-05-2024,low,investigating
Hassan,Arsikere,Arsikere PS,Assault,12.844371,76.226724,06-01-2023,medium,investigating
Kolar,Bangarapet,Town PS,Cybercrime,13.030244,78.158423,29-06-2023,low,investigating
Bidar,Bidar City,Traffic PS,Robbery,17.772586,77.646255,01-04-2024,high,open
Davangere,Davangere City,Davangere PS,Burglary,14.303474,76.125403,14-11-2023,low,open
Koppal,Kushtagi,Rural PS,Fraud,15.242547,76.124263,20-06-2024,low,open
Udupi,Karkala,Ajekar PS,Assault,13.304926,74.835553,06-12-2023,low,closed
Hassan,Arsikere,Arsikere PS,Fraud,13.044143,75.941972,16-12-2024,medium,open
Uttara Kannada,Karwar,Traffic PS,Drug Offense,14.50845,74.843323,26-03-2024,medium,open
Chikkamagaluru,Tarikere,Rural PS,Robbery,13.145851,76.062114,18-09-2024,low,closed
Shivamogga,Sagara,Anandapura PS,Assault,13.72653,75.269568,22-11-2023,medium,open
Chikkamagaluru,Chikkamagaluru City,Chikkamagaluru PS,Chain Snatching,13.454056,75.919729,12-11-2024,low,open
Mangaluru,Mangaluru,Mangaluru North PS,Murder,12.977875,74.886461,25-08-2024,low,open
Chikkaballapura,Sidlaghatta,Rural PS,Murder,13.40222,77.955443,16-11-2023,low,closed
Mangaluru,Mangaluru,Pandeshwar PS,Burglary,13.069239,74.595359,26-01-2024,medium,investigating
Mysuru,Mysuru City,Devaraja PS,Assault,12.234175,76.47952,27-01-2023,low,investigating
Bengaluru Urban,Koramangala,HSR Layout PS,Burglary,12.951256,77.425584,11-10-2024,high,open
Kalaburagi,Sedam,Rural PS,Kidnapping,17.472505,76.710509,07-11-2023,medium,closed
Vijayapura,Sindagi,Rural PS,Cybercrime,16.539541,75.442075,20-10-2024,low,investigating
Vijayapura,Indi,Rural PS,Mobile Theft,17.042892,75.752031,01-08-2024,medium,investigating
Davangere,Honnali,Nyamathi PS,Theft,14.385397,76.065825,02-07-2023,high,investigating
Shivamogga,Bhadravati,Bhadravati PS,Murder,14.133995,75.862446,27-06-2024,medium,investigating
Koppal,Kushtagi,Kushtagi PS,Assault,15.62755,76.294842,12-06-2024,medium,open
Chikkamagaluru,Tarikere,Rural PS,Kidnapping,13.161485,75.845861,22-10-2023,medium,open
Udupi,Karkala,Karkala PS,Fraud,13.054845,74.6244,25-10-2024,low,closed
Vijayapura,Vijayapura City,Traffic PS,Land Dispute,17.090538,75.554212,09-09-2023,medium,closed
Uttara Kannada,Sirsi,Rural PS,Drug Offense,14.850846,74.56858,05-02-2023,low,investigating
Ramanagara,Kanakapura,Kanakapura PS,Assault,12.898396,77.490123,25-05-2023,medium,closed
Udupi,Karkala,Karkala PS,Murder,13.212527,74.611227,04-03-2024,medium,open
Yadgir,Shahapur,Rural PS,Assault,16.950517,77.290498,03-01-2024,medium,closed
Bidar,Bhalki,Rural PS,Robbery,17.957837,77.356088,05-11-2024,low,investigating
Mandya,Mandya,Traffic PS,Theft,12.523906,76.945867,07-06-2023,low,investigating
Kolar,Bangarapet,Rural PS,Theft,12.926578,78.0216,20-02-2024,high,investigating
Kodagu,Virajpet,Virajpet PS,Cybercrime,12.485534,75.630084,27-11-2024,high,closed
Gadag,Ron,Rural PS,Theft,15.328748,75.625194,13-09-2023,medium,closed
Kalaburagi,Sedam,Rural PS,Murder,17.349749,77.037283,25-06-2023,low,closed
Chamarajanagar,Kollegal,Rural PS,Domestic Violence,11.760169,76.936738,19-11-2024,high,investigating
Udupi,Kundapura,Kundapura PS,Vehicle Theft,13.147244,74.932565,15-11-2024,low,open
Haveri,Haveri,Traffic PS,Assault,14.565283,75.599061,05-06-2024,low,closed
Chamarajanagar,Kollegal,Town PS,Cybercrime,12.044029,77.125918,29-01-2023,low,open
Mysuru,Hunsur,Hunsur PS,Assault,12.147002,76.673978,03-12-2024,low,investigating
Ballari,Hospet,Rural PS,Theft,15.10402,76.922164,31-03-2024,medium,investigating
Hassan,Hassan City,Hassan PS,Mobile Theft,12.875296,75.99578,12-02-2023,medium,closed
Chikkamagaluru,Tarikere,Rural PS,Theft,13.393071,75.808728,07-02-2024,medium,closed
Davangere,Honnali,Rural PS,Fraud,14.320357,75.668719,11-04-2024,low,investigating
Bidar,Bidar City,Bidar PS,Murder,17.770418,77.29136,23-12-2023,low,open
Mandya,Srirangapatna,Srirangapatna PS,Fraud,12.327102,76.608966,02-11-2023,low,open
Vijayapura,Sindagi,Town PS,Mobile Theft,16.988102,75.864869,15-05-2024,medium,closed
Hubballi-Dharwad,Navanagar,Navanagar PS,Theft,15.168717,75.045786,20-11-2024,medium,investigating
Mandya,Mandya,Mandya PS,Cybercrime,12.466128,76.718585,25-07-2024,low,investigating
Chamarajanagar,Kollegal,Town PS,Murder,11.673483,77.089073,03-03-2023,medium,open
Hubballi-Dharwad,Dharwad,Sub Urban PS,Fraud,15.545597,75.312261,22-11-2024,low,closed
Hassan,Hassan City,Traffic PS,Cybercrime,12.831543,75.803351,02-06-2023,high,closed
Tumakuru,Tiptur,Tiptur PS,Chain Snatching,13.103683,77.029753,12-06-2023,medium,investigating
Mandya,Srirangapatna,Rural PS,Assault,12.753795,76.636443,16-04-2023,low,open
Chikkamagaluru,Kadur,Rural PS,Land Dispute,13.426244,75.591929,24-09-2024,medium,open
Kolar,Malur,Town PS,Mobile Theft,12.902424,77.993119,16-09-2024,medium,investigating
Udupi,Karkala,Ajekar PS,Cybercrime,13.416173,74.486511,29-06-2023,high,closed
Ramanagara,Kanakapura,Rural PS,Murder,13.012321,77.370904,31-10-2023,high,closed
Chamarajanagar,Kollegal,Kollegal PS,Vehicle Theft,11.854504,76.740608,11-04-2023,low,investigating
Uttara Kannada,Bhatkal,Bhatkal PS,Kidnapping,14.663566,74.401976,07-09-2023,low,open
Raichur,Manvi,Rural PS,Kidnapping,16.291889,77.483038,14-12-2024,low,investigating
Koppal,Koppal City,Town PS,Drug Offense,15.07582,76.247647,21-02-2023,medium,investigating
Bengaluru Urban,Whitefield,Kadugodi PS,Domestic Violence,13.041707,77.668071,20-01-2023,medium,closed
Hassan,Arsikere,Town PS,Robbery,12.772518,76.06904,25-07-2024,low,closed
Kolar,Kolar,Town PS,Kidnapping,12.880106,78.150043,25-03-2023,low,open
Chamarajanagar,Kollegal,Rural PS,Drug Offense,11.636503,76.937208,14-10-2023,low,closed
Kolar,Malur,Rural PS,Murder,13.012899,78.027936,10-12-2023,low,open
Bengaluru Rural,Nelamangala,Soladevanahalli PS,Murder,13.198881,77.66911,30-09-2023,low,closed
Raichur,Manvi,Manvi PS,Mobile Theft,15.953709,77.273335,18-12-2024,medium,investigating
Mangaluru,Surathkal,Panambur PS,Assault,12.640668,75.100559,04-10-2023,low,closed
Haveri,Haveri,Haveri PS,Drug Offense,14.652518,75.42048,01-06-2023,medium,open
Bidar,Bidar City,Bidar PS,Domestic Violence,18.170793,77.750469,11-09-2023,high,closed
Chamarajanagar,Gundlupet,Town PS,Murder,12.219485,77.14061,15-09-2024,low,investigating
Yadgir,Gurmitkal,Gurmitkal PS,Burglary,16.603308,77.178985,27-03-2023,low,open
Bidar,Basavakalyan,Basavakalyan PS,Mobile Theft,17.807195,77.453197,14-04-2024,medium,open
Bengaluru Urban,Whitefield,Whitefield PS,Drug Offense,12.726958,77.528412,04-12-2024,medium,open
Haveri,Ranebennur,Ranebennur PS,Land Dispute,14.581239,75.10376,03-11-2023,low,open
Kodagu,Virajpet,Rural PS,Drug Offense,12.58229,76.06562,31-10-2023,medium,closed
Ramanagara,Magadi,Town PS,Murder,12.482148,77.137462,20-02-2024,medium,open
Chitradurga,Hiriyur,Rural PS,Mobile Theft,14.374782,76.402303,09-01-2024,medium,open
Koppal,Kushtagi,Town PS,Cybercrime,15.591568,76.236299,20-08-2024,medium,investigating
Raichur,Raichur City,West PS,Mobile Theft,16.468318,77.501631,10-11-2023,low,open
Chamarajanagar,Gundlupet,Town PS,Fraud,12.200392,76.790019,15-09-2023,low,open
Kalaburagi,Jewargi,Rural PS,Murder,17.177292,77.095412,29-10-2023,medium,investigating
Ballari,Hospet,Hospet Town PS,Assault,15.405077,77.067417,30-11-2023,low,investigating
Kodagu,Virajpet,Town PS,Domestic Violence,12.099566,75.552387,26-12-2024,medium,closed
Kolar,Kolar,Kolar PS,Cybercrime,13.13536,78.041248,01-09-2024,low,investigating
Hassan,Arsikere,Town PS,Kidnapping,12.896462,76.052879,28-01-2023,low,closed
Hubballi-Dharwad,Navanagar,Town PS,Kidnapping,15.24036,75.184207,03-07-2023,high,open
Shivamogga,Sagara,Rural PS,Murder,14.123477,75.531182,11-11-2024,high,investigating
Bengaluru Urban,Koramangala,Madiwala PS,Theft,13.054209,77.400939,31-07-2023,high,investigating
Uttara Kannada,Karwar,Karwar Town PS,Fraud,14.851909,74.518163,29-08-2024,low,open
Chitradurga,Hiriyur,Hiriyur PS,Chain Snatching,14.46627,76.500837,14-06-2024,low,closed
Kodagu,Madikeri,Traffic PS,Murder,12.432151,75.667024,31-07-2023,high,open
Ballari,Hospet,Hospet Town PS,Assault,14.908352,76.657851,04-11-2023,low,open
Udupi,Kundapura,Gangolli PS,Fraud,13.065608,74.780996,27-07-2024,medium,investigating
Davangere,Honnali,Nyamathi PS,Kidnapping,14.290051,75.798744,08-06-2024,medium,open
Chikkamagaluru,Chikkamagaluru City,Town PS,Theft,13.200239,75.912178,20-05-2023,low,investigating
Haveri,Haveri,Town PS,Cybercrime,14.943683,75.355434,27-05-2023,medium,investigating
Bengaluru Rural,Doddaballapura,Town PS,Burglary,13.082333,77.414229,23-12-2024,low,investigating
Udupi,Udupi,Malpe PS,Assault,13.540117,74.470845,07-03-2024,low,investigating
Hubballi-Dharwad,Dharwad,Traffic PS,Fraud,15.132769,75.154523,18-05-2024,low,closed
Tumakuru,Madhugiri,Rural PS,Robbery,13.413206,76.918173,30-07-2024,low,open
Shivamogga,Shivamogga City,Doddapete PS,Cybercrime,14.163658,75.401354,04-08-2024,high,open
Mandya,Srirangapatna,Town PS,Assault,12.602584,76.797658,01-11-2024,low,investigating
Haveri,Ranebennur,Ranebennur PS,Mobile Theft,15.074649,75.10976,09-10-2023,high,closed
Ballari,Hospet,Rural PS,Robbery,15.203245,77.036908,07-06-2024,low,closed
Hubballi-Dharwad,Hubballi,Vidyanagar PS,Mobile Theft,15.364621,75.070272,18-03-2023,low,open
Hubballi-Dharwad,Dharwad,Traffic PS,Domestic Violence,15.393417,75.292142,10-10-2023,low,open
Udupi,Udupi,Malpe PS,Murder,13.166564,74.567977,31-03-2024,low,closed
Belagavi,Gokak,Traffic PS,Vehicle Theft,15.985422,74.293986,20-11-2024,low,closed
Chitradurga,Hosadurga,Rural PS,Drug Offense,14.053366,76.207522,27-06-2023,medium,closed
Vijayapura,Sindagi,Town PS,Theft,17.118172,75.774642,31-12-2023,low,open
Davangere,Davangere City,Traffic PS,Theft,14.322037,75.758379,09-01-2023,high,investigating
Bengaluru Rural,Doddaballapura,Doddaballapura PS,Cybercrime,13.174169,77.267374,28-07-2024,low,open
Chikkamagaluru,Kadur,Kadur PS,Cybercrime,13.429001,75.948288,19-01-2024,low,open
Dakshina Kannada,Sullia,Rural PS,Robbery,12.888646,75.397182,03-01-2024,low,investigating
Uttara Kannada,Bhatkal,Bhatkal PS,Fraud,14.556156,74.990764,05-04-2023,low,investigating
Yadgir,Yadgir City,Town PS,Murder,16.972494,77.161537,28-03-2023,medium,investigating
Tumakuru,Madhugiri,Madhugiri PS,Burglary,13.199725,76.914892,03-03-2024,low,open
Chikkamagaluru,Kadur,Kadur PS,Fraud,13.357343,75.773838,17-06-2023,low,open
Chitradurga,Hosadurga,Town PS,Robbery,14.216964,76.326888,29-06-2023,low,open
Udupi,Karkala,Hebri PS,Drug Offense,13.37051,74.84742,20-08-2024,low,open
Davangere,Honnali,Rural PS,Assault,14.288352,75.731749,21-01-2024,low,open
Shivamogga,Shivamogga City,Vinobanagar PS,Domestic Violence,13.795975,75.473608,27-04-2023,medium,open
Kodagu,Somwarpet,Kushalnagar PS,Mobile Theft,12.284998,75.72284,28-06-2023,medium,open
Kolar,Kolar,Traffic PS,Theft,13.050796,77.891411,29-06-2023,high,open
Bengaluru Urban,Koramangala,Madiwala PS,Chain Snatching,12.785388,77.308237,26-06-2023,low,closed
Kodagu,Virajpet,Virajpet PS,Kidnapping,12.047736,75.637468,12-04-2024,high,investigating
Hassan,Sakleshpur,Rural PS,Burglary,13.081942,76.145628,16-10-2023,medium,investigating
Vijayapura,Vijayapura City,Traffic PS,Domestic Violence,16.632854,75.438744,28-09-2024,medium,open
Hubballi-Dharwad,Dharwad,Dharwad Town PS,Fraud,15.36462,75.080555,22-05-2023,low,investigating
Chitradurga,Hosadurga,Hosadurga PS,Fraud,14.384124,76.311141,02-05-2024,medium,closed
Chikkamagaluru,Kadur,Town PS,Drug Offense,13.58144,75.615154,28-11-2023,medium,investigating
Chikkamagaluru,Chikkamagaluru City,Chikkamagaluru PS,Kidnapping,13.358318,75.912936,07-05-2024,medium,investigating
Yadgir,Shahapur,Shahapur PS,Domestic Violence,16.591413,76.950523,02-07-2024,low,closed
Tumakuru,Madhugiri,Rural PS,Vehicle Theft,13.284666,77.141929,05-04-2023,medium,closed
Vijayapura,Sindagi,Town PS,Vehicle Theft,16.961085,75.559268,25-05-2024,low,investigating
Tumakuru,Tiptur,Town PS,Fraud,13.445704,76.974467,29-10-2024,medium,investigating
Koppal,Gangavathi,Town PS,Robbery,15.075446,76.014712,13-03-2023,low,investigating
Hubballi-Dharwad,Hubballi,Old Hubballi PS,Fraud,15.124581,74.932598,23-08-2024,low,closed
Udupi,Udupi,Udupi Town PS,Cybercrime,13.481897,74.559942,21-02-2024,low,open
Haveri,Haveri,Town PS,Cybercrime,14.734316,75.660254,28-10-2024,medium,investigating
Dakshina Kannada,Puttur,Puttur PS,Kidnapping,13.05999,75.320232,02-11-2023,low,investigating
Vijayapura,Sindagi,Sindagi PS,Domestic Violence,16.718016,75.531829,06-05-2023,low,investigating
Hubballi-Dharwad,Navanagar,Navanagar PS,Domestic Violence,15.221391,75.422715,18-01-2024,medium,closed
Chikkaballapura,Chikkaballapura,Traffic PS,Mobile Theft,13.66346,77.675231,05-03-2023,high,open
Vijayapura,Vijayapura City,Traffic PS,Land Dispute,17.088329,75.788004,08-09-2024,high,open
Chamarajanagar,Kollegal,Kollegal PS,Land Dispute,11.768661,76.684883,01-05-2023,medium,open
Mysuru,Hunsur,Rural PS,Land Dispute,12.522517,76.886131,10-03-2023,medium,investigating
Bengaluru Rural,Doddaballapura,Doddaballapura PS,Kidnapping,13.127023,77.178553,16-10-2023,medium,investigating
Raichur,Manvi,Rural PS,Mobile Theft,15.966695,77.121242,30-12-2024,low,closed
Gadag,Ron,Rural PS,Assault,15.632626,75.884376,29-12-2024,low,open
Kodagu,Madikeri,Madikeri PS,Drug Offense,12.190877,75.741966,11-06-2024,low,open
Ramanagara,Kanakapura,Rural PS,Assault,12.877002,77.170578,19-07-2023,high,closed
Koppal,Gangavathi,Rural PS,Chain Snatching,15.458012,76.127,09-05-2023,low,open
Gadag,Ron,Rural PS,Drug Offense,15.556605,75.827022,09-02-2023,low,investigating
Mangaluru,Mangaluru,Mangaluru South PS,Assault,12.76422,74.733837,08-07-2024,medium,investigating
Hassan,Hassan City,Hassan PS,Assault,12.743465,76.343867,14-11-2024,high,closed
Chitradurga,Hosadurga,Rural PS,Chain Snatching,13.929905,76.128743,18-09-2024,low,closed
Raichur,Sindhanur,Town PS,Kidnapping,16.326027,77.057269,13-11-2024,high,closed
Bengaluru Urban,Koramangala,HSR Layout PS,Assault,12.734783,77.597577,15-04-2023,high,investigating
Davangere,Davangere City,Traffic PS,Kidnapping,14.76061,76.154665,12-11-2023,low,closed
Bengaluru Rural,Nelamangala,Traffic PS,Mobile Theft,13.320491,77.327726,10-11-2023,low,closed
Chitradurga,Chitradurga,Town PS,Domestic Violence,14.385554,76.577924,26-02-2023,high,closed
Shivamogga,Sagara,Sagara PS,Theft,13.761845,75.285495,15-07-2023,low,open
Ramanagara,Kanakapura,Kanakapura PS,Robbery,12.811227,77.292004,27-12-2023,low,closed
Raichur,Raichur City,West PS,Mobile Theft,15.971266,77.612318,04-03-2023,low,open
Mandya,Srirangapatna,Town PS,Vehicle Theft,12.482703,76.694031,04-11-2023,medium,investigating
Ramanagara,Kanakapura,Kanakapura PS,Domestic Violence,12.862147,77.380765,05-04-2024,low,open
Yadgir,Gurmitkal,Rural PS,Mobile Theft,16.917338,77.033642,26-03-2023,medium,closed
Koppal,Kushtagi,Kushtagi PS,Assault,15.52739,76.380449,19-07-2024,low,open
Udupi,Karkala,Ajekar PS,Burglary,13.180624,74.465936,02-01-2023,low,closed
Haveri,Haveri,Town PS,Cybercrime,14.927539,75.470917,20-02-2023,high,closed
Yadgir,Gurmitkal,Gurmitkal PS,Cybercrime,17.018132,77.372238,29-05-2024,low,investigating
Hubballi-Dharwad,Dharwad,Traffic PS,Theft,15.588696,75.005983,20-04-2024,medium,investigating
Kalaburagi,Sedam,Sedam PS,Burglary,17.619933,76.588089,28-02-2024,low,open
Raichur,Sindhanur,Rural PS,Burglary,16.007449,77.072579,28-07-2023,low,open
Chamarajanagar,Chamarajanagar,Traffic PS,Murder,12.199636,77.074171,11-05-2023,low,closed
Belagavi,Chikodi,Nippani PS,Fraud,15.913678,74.375918,24-03-2024,medium,closed
Kolar,Bangarapet,Bangarapet PS,Fraud,12.896964,77.859293,10-10-2024,medium,closed
Kodagu,Virajpet,Town PS,Cybercrime,12.549068,75.703268,05-11-2023,low,closed
Bengaluru Rural,Nelamangala,Soladevanahalli PS,Robbery,13.141996,77.467551,08-05-2024,medium,investigating
Uttara Kannada,Sirsi,Rural PS,Theft,14.738324,74.86955,06-11-2023,low,open
Mandya,Srirangapatna,Rural PS,Cybercrime,12.643942,76.757074,21-08-2023,medium,open
Tumakuru,Tiptur,Tiptur PS,Chain Snatching,13.359252,76.931417,16-04-2024,low,open
Chitradurga,Hosadurga,Hosadurga PS,Fraud,14.502557,76.260425,30-04-2024,medium,investigating
Bidar,Basavakalyan,Town PS,Vehicle Theft,18.058185,77.711514,15-08-2024,medium,investigating
Davangere,Davangere City,Traffic PS,Kidnapping,14.556112,75.723293,12-08-2024,high,open
Bengaluru Rural,Devanahalli,Vijayapura PS,Kidnapping,12.940225,77.360956,17-04-2024,low,investigating
Chikkamagaluru,Tarikere,Rural PS,Burglary,13.174474,75.541772,18-12-2024,low,closed
Davangere,Davangere City,Traffic PS,Fraud,14.526114,75.841882,11-03-2024,medium,open
Ramanagara,Magadi,Town PS,Theft,12.686868,77.510189,10-09-2023,high,investigating
Ballari,Sandur,Rural PS,Assault,15.207946,76.690518,08-08-2023,low,open
Hubballi-Dharwad,Hubballi,Old Hubballi PS,Chain Snatching,15.405778,75.039381,21-08-2023,medium,investigating
Uttara Kannada,Bhatkal,Bhatkal PS,Drug Offense,14.886444,74.884684,06-11-2024,medium,open
Bidar,Basavakalyan,Town PS,Robbery,17.731831,77.310046,21-04-2023,medium,closed
Mandya,Mandya,Traffic PS,Vehicle Theft,12.415848,76.80321,23-01-2024,medium,open
Tumakuru,Tiptur,Town PS,Chain Snatching,13.633259,76.817701,02-10-2023,low,open
Hassan,Sakleshpur,Rural PS,Murder,12.752197,76.29177,26-02-2023,low,investigating
Mysuru,Hunsur,Rural PS,Domestic Violence,12.402545,76.598372,13-04-2023,low,open
Bidar,Bidar City,New Town PS,Fraud,17.952183,77.762618,27-04-2024,low,open
Bidar,Basavakalyan,Basavakalyan PS,Land Dispute,18.114791,77.359085,08-03-2023,medium,open
Raichur,Raichur City,West PS,Vehicle Theft,16.101005,77.07323,14-10-2023,medium,closed
Hassan,Sakleshpur,Sakleshpur PS,Robbery,13.065261,75.961097,09-09-2023,low,investigating
Udupi,Karkala,Ajekar PS,Fraud,13.162377,74.947044,10-12-2023,high,open
Belagavi,Belagavi City,Belagavi PS,Theft,15.738582,74.305666,15-04-2024,low,open
Dakshina Kannada,Puttur,Puttur PS,Murder,12.712387,75.057876,27-10-2023,low,investigating
Chikkaballapura,Chikkaballapura,Traffic PS,Vehicle Theft,13.734343,77.595546,02-01-2024,low,investigating
Gadag,Mundargi,Town PS,Vehicle Theft,15.348756,75.350774,20-12-2023,medium,investigating
Kodagu,Virajpet,Town PS,Drug Offense,12.058188,75.913332,25-02-2024,low,closed
Bengaluru Urban,Whitefield,Kadugodi PS,Mobile Theft,12.923012,77.869556,29-01-2024,high,closed
Davangere,Harihar,Harihar PS,Robbery,14.736766,76.012355,19-09-2023,medium,closed
Dakshina Kannada,Puttur,Traffic PS,Robbery,12.714835,75.239004,25-04-2024,low,investigating
Haveri,Ranebennur,Town PS,Murder,14.567407,75.147892,04-03-2024,medium,closed
Ramanagara,Magadi,Rural PS,Cybercrime,12.480456,77.265534,15-04-2023,low,investigating
Vijayapura,Vijayapura City,Traffic PS,Mobile Theft,16.77905,75.813964,19-01-2023,medium,closed
Chitradurga,Hiriyur,Town PS,Cybercrime,13.973842,76.626513,04-07-2024,medium,closed
Mangaluru,Mangaluru,Pandeshwar PS,Cybercrime,12.967083,74.587182,28-11-2024,low,closed
Bidar,Basavakalyan,Basavakalyan PS,Theft,17.783465,77.311462,06-12-2023,low,closed
Shivamogga,Bhadravati,Paper Town PS,Fraud,13.846221,75.620654,03-04-2024,high,open
Tumakuru,Madhugiri,Rural PS,Murder,13.277833,77.077343,29-10-2023,low,investigating
Chamarajanagar,Gundlupet,Town PS,Mobile Theft,12.129061,76.937073,28-08-2023,low,investigating
Dakshina Kannada,Puttur,Puttur PS,Land Dispute,12.651818,75.328501,16-07-2024,low,closed
Udupi,Kundapura,Kundapura PS,Burglary,13.242178,74.57112,28-01-2024,low,closed
Belagavi,Belagavi City,Belagavi PS,Murder,15.839606,74.609882,06-12-2023,medium,open
Mandya,Srirangapatna,Rural PS,Theft,12.378323,76.919527,19-01-2024,high,closed
Belagavi,Chikodi,Chikodi PS,Kidnapping,15.927152,74.488361,15-11-2023,medium,open
Dakshina Kannada,Sullia,Sullia PS,Murder,13.104219,75.076366,27-04-2023,low,open
Mangaluru,Ullal,Konaje PS,Cybercrime,13.166953,74.881587,01-04-2023,low,investigating
Hassan,Sakleshpur,Town PS,Burglary,12.938986,76.007179,05-10-2023,low,closed
Bengaluru Rural,Devanahalli,Airport PS,Cybercrime,13.307198,77.602687,01-08-2023,medium,investigating
Chitradurga,Hosadurga,Hosadurga PS,Mobile Theft,14.105581,76.683043,22-10-2024,low,investigating
Koppal,Koppal City,Koppal PS,Domestic Violence,15.277519,75.956974,19-02-2024,medium,investigating
Vijayapura,Sindagi,Rural PS,Fraud,16.946362,75.546266,10-12-2024,high,investigating
Belagavi,Belagavi City,Belagavi PS,Cybercrime,16.106209,74.778247,18-12-2024,low,investigating
Chikkamagaluru,Chikkamagaluru City,Traffic PS,Kidnapping,13.057882,76.006143,01-04-2023,medium,closed
Udupi,Karkala,Hebri PS,Land Dispute,13.078553,75.008781,22-12-2023,low,investigating
Davangere,Honnali,Rural PS,Cybercrime,14.709195,75.883517,27-03-2023,medium,investigating
Shivamogga,Sagara,Sagara PS,Chain Snatching,13.944088,75.662186,26-06-2024,medium,open
Chamarajanagar,Chamarajanagar,Town PS,Theft,12.008351,76.689084,17-05-2023,medium,investigating
Raichur,Raichur City,Traffic PS,Mobile Theft,16.49164,77.396092,07-05-2024,low,closed
Chikkaballapura,Sidlaghatta,Sidlaghatta PS,Theft,13.360305,77.71107,25-05-2024,low,closed
Tumakuru,Tumakuru City,New Extension PS,Kidnapping,13.156542,77.289615,17-11-2024,medium,open
Shivamogga,Bhadravati,Bhadravati PS,Robbery,13.690688,75.859228,07-01-2024,medium,open
Koppal,Kushtagi,Town PS,Theft,15.361001,76.396964,26-11-2023,high,open
Koppal,Koppal City,Town PS,Fraud,15.278464,76.230513,04-10-2023,medium,closed
Chikkaballapura,Bagepalli,Rural PS,Cybercrime,13.536041,77.790909,04-10-2024,high,open
Gadag,Gadag,Betageri PS,Land Dispute,15.5669,75.695804,13-01-2024,medium,closed
Ballari,Sandur,Rural PS,Chain Snatching,15.211119,76.789593,09-12-2023,medium,open
Uttara Kannada,Karwar,Traffic PS,Vehicle Theft,15.010479,74.854447,03-09-2024,medium,closed
Yadgir,Shahapur,Shahapur PS,Theft,16.846621,76.853976,12-06-2024,medium,closed
Kolar,Malur,Malur PS,Cybercrime,12.988766,77.991389,13-05-2024,low,closed
Mandya,Maddur,Town PS,Murder,12.613595,76.853021,12-09-2023,high,closed
Chikkamagaluru,Tarikere,Lakkavalli PS,Fraud,13.583811,75.509963,22-06-2023,medium,investigating
Mandya,Srirangapatna,Rural PS,Domestic Violence,12.396651,76.903864,23-03-2024,low,investigating
Hassan,Arsikere,Rural PS,Burglary,13.126,76.002667,02-03-2023,medium,open
Bidar,Basavakalyan,Town PS,Land Dispute,18.207865,77.272235,09-03-2024,medium,open
Chamarajanagar,Chamarajanagar,Chamarajanagar PS,Mobile Theft,12.020878,76.811022,14-05-2023,low,closed
Koppal,Gangavathi,Rural PS,Assault,15.229243,76.245966,13-03-2024,medium,investigating
Shivamogga,Bhadravati,Old Town PS,Fraud,13.862956,75.513856,12-10-2024,low,open
Gadag,Gadag,Traffic PS,Burglary,15.357089,75.87705,08-07-2024,low,closed
Raichur,Raichur City,Raichur PS,Assault,16.351567,77.056085,24-10-2023,low,open
Udupi,Kundapura,Kundapura PS,Chain Snatching,13.119151,74.664914,20-01-2024,low,closed
Vijayapura,Sindagi,Sindagi PS,Land Dispute,16.847763,75.43119,25-06-2024,low,investigating
Kodagu,Virajpet,Virajpet PS,Kidnapping,12.434525,75.910656,03-05-2023,low,closed
Gadag,Ron,Rural PS,Drug Offense,15.344945,75.691964,19-01-2023,low,investigating
Vijayapura,Sindagi,Sindagi PS,Fraud,17.084795,75.782868,27-05-2023,low,open
Haveri,Haveri,Haveri PS,Murder,14.497052,75.213689,23-10-2024,high,closed
Mandya,Srirangapatna,Srirangapatna PS,Murder,12.584927,76.902431,10-08-2023,high,closed
Hubballi-Dharwad,Navanagar,Rural PS,Cybercrime,15.183601,75.136266,30-09-2023,high,investigating
Yadgir,Shahapur,Shahapur PS,Mobile Theft,16.678075,76.885736,31-07-2023,low,closed
Ballari,Ballari City,Cowl Bazaar PS,Domestic Violence,15.356405,76.672161,08-05-2024,medium,open
Chikkamagaluru,Kadur,Rural PS,Mobile Theft,13.331508,75.822613,29-10-2024,high,open
Chamarajanagar,Gundlupet,Rural PS,Chain Snatching,11.831284,76.940961,27-04-2024,low,investigating
Dakshina Kannada,Sullia,Town PS,Assault,12.726727,75.260576,28-11-2023,low,investigating
Gadag,Gadag,Gadag Town PS,Fraud,15.689721,75.671346,29-04-2024,low,open
Chitradurga,Hiriyur,Rural PS,Mobile Theft,13.935415,76.262043,17-06-2023,low,open
Yadgir,Shahapur,Town PS,Theft,16.768337,77.01902,02-05-2023,low,closed
Chikkamagaluru,Chikkamagaluru City,Town PS,Vehicle Theft,13.314102,76.004074,14-11-2023,low,closed
Hubballi-Dharwad,Dharwad,Sub Urban PS,Drug Offense,15.615391,74.907678,09-05-2024,high,open
Kolar,Malur,Rural PS,Cybercrime,13.038879,78.054818,15-09-2024,medium,open
Raichur,Raichur City,Traffic PS,Burglary,16.200104,77.510974,02-05-2023,medium,open
Kalaburagi,Sedam,Rural PS,Assault,17.287598,77.12328,30-04-2023,low,investigating
Tumakuru,Tumakuru City,Tumakuru PS,Kidnapping,13.427279,76.836135,11-05-2024,low,open
Hubballi-Dharwad,Hubballi,Keshwapur PS,Vehicle Theft,15.544304,75.217298,29-12-2023,low,open
Belagavi,Belagavi City,Tilakwadi PS,Mobile Theft,16.003779,74.645078,05-12-2024,medium,open
Davangere,Davangere City,Davangere PS,Robbery,14.450633,76.0031,01-03-2024,medium,closed
Chikkamagaluru,Tarikere,Tarikere PS,Cybercrime,13.446044,75.520049,11-04-2023,low,investigating
Ballari,Sandur,Sandur PS,Chain Snatching,15.22385,77.000389,25-09-2023,low,closed
Tumakuru,Tiptur,Tiptur PS,Robbery,13.635007,77.101087,03-02-2024,medium,investigating
Gadag,Ron,Town PS,Assault,15.571845,75.912424,04-06-2024,high,closed
Shivamogga,Sagara,Sagara PS,Theft,14.09513,75.775434,15-03-2023,low,closed
Belagavi,Chikodi,Chikodi PS,Murder,15.889434,74.649863,02-02-2023,low,open
Ramanagara,Magadi,Town PS,Murder,12.495034,77.082321,09-06-2024,high,investigating
Vijayapura,Sindagi,Rural PS,Chain Snatching,17.015657,75.612031,07-02-2023,low,open
Shivamogga,Bhadravati,Old Town PS,Murder,13.817146,75.771467,22-03-2023,low,investigating
Hubballi-Dharwad,Hubballi,Keshwapur PS,Chain Snatching,15.545694,74.979421,08-08-2024,low,investigating
Kalaburagi,Jewargi,Rural PS,Kidnapping,17.337983,76.549948,25-12-2024,high,open
Bengaluru Urban,Yelahanka,Yelahanka PS,Vehicle Theft,13.124984,77.443919,01-03-2024,low,investigating
Tumakuru,Madhugiri,Town PS,Robbery,13.389682,77.257073,20-02-2024,medium,closed
Bengaluru Rural,Devanahalli,Airport PS,Drug Offense,12.961292,77.38782,11-06-2024,low,investigating
Vijayapura,Sindagi,Rural PS,Murder,16.817593,75.723672,24-07-2023,low,closed
Chikkaballapura,Chikkaballapura,Chikkaballapura PS,Kidnapping,13.179045,77.843627,28-11-2023,medium,closed
Mangaluru,Mangaluru,Mangaluru North PS,Drug Offense,12.872849,74.881182,25-06-2024,high,investigating
Hassan,Arsikere,Arsikere PS,Burglary,13.034505,75.924191,10-03-2024,low,closed
Gadag,Gadag,Traffic PS,Mobile Theft,15.565339,75.358646,12-11-2024,medium,investigating
Gadag,Ron,Ron PS,Cybercrime,15.706376,75.687976,28-08-2023,high,investigating
Vijayapura,Vijayapura City,Gandhi Chowk PS,Murder,16.595914,75.942877,02-10-2024,low,closed
Hubballi-Dharwad,Navanagar,Town PS,Land Dispute,15.124107,74.902728,10-04-2023,medium,investigating
Chikkaballapura,Sidlaghatta,Sidlaghatta PS,Vehicle Theft,13.557401,77.536979,18-10-2024,medium,investigating
Bengaluru Urban,Yelahanka,Yelahanka PS,Chain Snatching,13.123403,77.601961,21-04-2023,low,open
Chikkamagaluru,Chikkamagaluru City,Traffic PS,Vehicle Theft,13.590699,75.906919,04-08-2024,low,investigating
Kolar,Malur,Rural PS,Kidnapping,13.27813,78.289118,13-01-2023,low,closed
Koppal,Gangavathi,Town PS,Fraud,15.406223,76.173197,10-12-2024,medium,open
Kolar,Malur,Town PS,Fraud,13.189748,77.835741,24-01-2023,low,investigating
Tumakuru,Tiptur,Rural PS,Land Dispute,13.303837,77.389382,01-10-2023,medium,open
Chitradurga,Chitradurga,Traffic PS,Kidnapping,14.162988,76.261117,11-02-2024,medium,open
Ramanagara,Ramanagara,Traffic PS,Land Dispute,12.708331,77.218354,21-08-2023,medium,closed
Chamarajanagar,Kollegal,Rural PS,Vehicle Theft,11.8006,77.127778,14-06-2023,medium,investigating
Kalaburagi,Jewargi,Rural PS,Robbery,17.06195,76.887147,24-12-2024,low,closed
Chikkamagaluru,Kadur,Rural PS,Theft,13.345703,75.809029,10-11-2023,high,open
Vijayapura,Vijayapura City,Adarsh Nagar PS,Burglary,16.704894,75.657033,17-06-2023,high,closed
Bengaluru Rural,Devanahalli,Airport PS,Fraud,12.947956,77.396013,10-12-2023,low,investigating
Hubballi-Dharwad,Navanagar,Town PS,Land Dispute,15.226014,74.877578,04-02-2023,low,closed
Mangaluru,Ullal,Kotekar PS,Murder,12.793794,74.803599,15-03-2023,high,closed
Dakshina Kannada,Bantwal,Rural PS,Vehicle Theft,12.648827,75.445814,13-05-2023,medium,open
Vijayapura,Sindagi,Town PS,Burglary,16.538396,75.529746,31-01-2023,high,open
Dakshina Kannada,Sullia,Town PS,Fraud,13.082566,75.413545,08-04-2023,low,investigating
Vijayapura,Vijayapura City,Traffic PS,Cybercrime,17.039499,75.498447,12-01-2023,low,closed
Yadgir,Shahapur,Shahapur PS,Kidnapping,16.755293,77.165213,09-01-2024,low,closed
Belagavi,Belagavi City,Tilakwadi PS,Vehicle Theft,15.978046,74.635886,13-07-2023,medium,investigating
Tumakuru,Madhugiri,Rural PS,Land Dispute,13.26351,77.416181,17-12-2024,low,investigating
Ramanagara,Magadi,Town PS,Fraud,12.938047,77.158017,17-12-2024,low,closed
Ramanagara,Kanakapura,Kanakapura PS,Fraud,12.513155,77.57784,24-12-2024,low,closed
Shivamogga,Sagara,Rural PS,Chain Snatching,13.699832,75.563063,09-07-2023,medium,investigating
Shivamogga,Shivamogga City,Doddapete PS,Cybercrime,13.912296,75.673435,31-10-2023,low,open
Raichur,Sindhanur,Rural PS,Burglary,16.140612,77.2869,24-03-2023,low,investigating
Belagavi,Gokak,Traffic PS,Burglary,15.86406,74.282535,16-01-2023,low,open
Bengaluru Rural,Devanahalli,Vijayapura PS,Vehicle Theft,13.33359,77.287434,13-09-2023,low,investigating
Tumakuru,Tiptur,Town PS,Theft,13.225337,76.927846,23-06-2024,medium,open
Haveri,Haveri,Town PS,Domestic Violence,14.626317,75.149356,26-09-2023,high,open
Kodagu,Virajpet,Town PS,Mobile Theft,12.610446,75.807239,23-12-2024,low,closed
Mysuru,Mysuru City,Devaraja PS,Mobile Theft,12.308471,76.659821,25-06-2024,low,open
Kalaburagi,Kalaburagi City,Brahmapur PS,Mobile Theft,17.542353,76.553533,17-10-2024,high,open
Kolar,Malur,Town PS,Kidnapping,13.332059,78.059546,20-10-2023,low,investigating
Belagavi,Belagavi City,Tilakwadi PS,Burglary,15.948618,74.213946,18-11-2024,high,open
Chamarajanagar,Kollegal,Rural PS,Vehicle Theft,11.647707,76.839534,21-08-2023,low,open
Koppal,Gangavathi,Gangavathi PS,Chain Snatching,15.369942,75.903616,27-04-2024,low,closed
Chamarajanagar,Chamarajanagar,Traffic PS,Land Dispute,11.733267,76.714124,10-11-2024,high,open
Chikkamagaluru,Kadur,Town PS,Burglary,13.057952,75.834382,07-08-2023,medium,investigating
Kalaburagi,Sedam,Rural PS,Robbery,17.612145,77.050549,10-08-2023,medium,open
Bidar,Bidar City,New Town PS,Burglary,17.726564,77.42437,07-04-2023,low,open
Uttara Kannada,Karwar,Karwar Town PS,Chain Snatching,15.07833,74.677547,14-01-2024,medium,open
Chamarajanagar,Gundlupet,Town PS,Fraud,11.693833,77.003409,23-02-2023,low,closed
Udupi,Udupi,Malpe PS,Drug Offense,13.077917,74.958998,18-06-2023,medium,investigating
Belagavi,Chikodi,Chikodi PS,Drug Offense,15.666394,74.68525,23-04-2024,medium,open
Davangere,Honnali,Rural PS,Assault,14.623097,75.723206,07-05-2023,low,investigating
Chikkamagaluru,Tarikere,Rural PS,Fraud,13.40969,75.709174,28-04-2024,low,closed
Chitradurga,Hosadurga,Town PS,Murder,14.181828,76.67634,27-02-2023,high,investigating
Chikkaballapura,Chikkaballapura,Traffic PS,Domestic Violence,13.361753,77.989902,09-07-2023,high,open
Chamarajanagar,Chamarajanagar,Chamarajanagar PS,Domestic Violence,11.634205,77.174316,03-09-2023,medium,investigating
Gadag,Mundargi,Mundargi PS,Chain Snatching,15.37993,75.906833,01-08-2024,medium,closed
Chamarajanagar,Chamarajanagar,Chamarajanagar PS,Drug Offense,11.767623,77.044304,25-05-2024,medium,closed
Udupi,Udupi,Udupi Town PS,Vehicle Theft,13.078694,74.935467,19-04-2023,medium,investigating
Bengaluru Urban,Yelahanka,Yelahanka PS,Robbery,13.121395,77.564446,08-12-2024,low,closed
Kodagu,Virajpet,Town PS,Fraud,12.05573,75.849077,22-05-2024,medium,investigating
Shivamogga,Bhadravati,Paper Town PS,Murder,13.722852,75.764079,28-05-2023,low,investigating
Kalaburagi,Kalaburagi City,University PS,Robbery,17.092609,77.062594,16-08-2023,low,open
Ramanagara,Kanakapura,Town PS,Domestic Violence,12.486824,77.078897,03-05-2023,medium,closed
Raichur,Raichur City,West PS,Land Dispute,16.496854,77.357584,04-11-2024,medium,investigating
Ramanagara,Ramanagara,Ramanagara PS,Kidnapping,12.463155,77.067267,18-09-2023,low,open
Dakshina Kannada,Bantwal,Rural PS,Vehicle Theft,12.93125,75.412024,05-05-2024,low,open
Chamarajanagar,Gundlupet,Gundlupet PS,Cybercrime,11.936578,77.100107,28-04-2024,medium,closed
Haveri,Ranebennur,Rural PS,Kidnapping,14.975894,75.186963,09-05-2023,low,closed
Kolar,Bangarapet,Bangarapet PS,Murder,13.434171,78.229955,07-10-2024,high,open
Gadag,Ron,Rural PS,Drug Offense,15.636683,75.40674,13-06-2024,medium,investigating
Bengaluru Rural,Nelamangala,Soladevanahalli PS,Mobile Theft,13.301206,77.327048,01-04-2024,low,open
Koppal,Kushtagi,Kushtagi PS,Land Dispute,15.486769,75.8724,26-04-2024,low,investigating
Kolar,Bangarapet,Bangarapet PS,Theft,13.313275,77.942826,17-01-2023,medium,closed
Mangaluru,Mangaluru,Mangaluru North PS,Robbery,12.940244,74.640463,07-01-2024,low,investigating
Hassan,Sakleshpur,Town PS,Chain Snatching,12.875048,75.842258,16-11-2023,medium,open
Kalaburagi,Kalaburagi City,University PS,Land Dispute,17.484757,77.003306,17-03-2023,low,investigating
Kolar,Bangarapet,Bangarapet PS,Cybercrime,13.147175,77.887432,23-09-2023,low,closed
Davangere,Harihar,Harihar PS,Mobile Theft,14.698487,76.141193,29-09-2023,low,closed
Chikkamagaluru,Kadur,Kadur PS,Vehicle Theft,13.293001,75.783784,26-06-2023,medium,open
Bengaluru Rural,Doddaballapura,Doddaballapura PS,Land Dispute,13.445368,77.354176,14-12-2024,medium,closed
Ballari,Sandur,Rural PS,Murder,15.286773,76.805321,28-01-2024,medium,closed
Bengaluru Urban,Whitefield,Varthur PS,Burglary,13.101393,77.584865,12-02-2024,low,closed
Gadag,Mundargi,Town PS,Vehicle Theft,15.563548,75.34324,29-12-2023,medium,closed
Bengaluru Urban,Whitefield,Varthur PS,Vehicle Theft,13.045268,77.393857,05-05-2023,low,closed
Bengaluru Urban,Whitefield,Kadugodi PS,Kidnapping,13.054176,77.80746,27-07-2023,low,open
Chikkamagaluru,Kadur,Town PS,Drug Offense,13.537624,75.859403,05-08-2023,high,open
Mangaluru,Mangaluru,Mangaluru South PS,Kidnapping,12.728381,74.678415,14-01-2024,low,investigating
Hubballi-Dharwad,Hubballi,Old Hubballi PS,Fraud,15.380701,75.032601,17-09-2023,medium,investigating
Belagavi,Chikodi,Rural PS,Murder,15.902202,74.516185,14-11-2023,low,investigating
Bengaluru Urban,Koramangala,Koramangala PS,Fraud,12.764808,77.484709,27-12-2023,medium,investigating
Davangere,Honnali,Rural PS,Theft,14.692779,76.085864,07-03-2024,medium,closed
Udupi,Kundapura,Byndoor PS,Assault,13.374413,74.698305,19-02-2023,low,investigating
Mangaluru,Surathkal,Mulki PS,Assault,12.843643,74.865498,30-12-2024,high,open
Hassan,Sakleshpur,Rural PS,Fraud,13.161044,76.073947,13-08-2024,low,investigating
Mangaluru,Mangaluru,Pandeshwar PS,Kidnapping,13.191427,74.776065,11-10-2023,low,closed
Koppal,Kushtagi,Rural PS,Cybercrime,15.598757,76.210059,23-10-2023,medium,closed
Ballari,Sandur,Sandur PS,Vehicle Theft,15.321785,76.939984,11-11-2023,medium,open
Dakshina Kannada,Sullia,Town PS,Robbery,12.761291,75.126021,11-12-2024,medium,closed
Raichur,Raichur City,Raichur PS,Fraud,16.050224,77.294421,27-09-2024,high,investigating
Dakshina Kannada,Bantwal,Town PS,Cybercrime,12.780327,74.981355,05-01-2024,high,open
Davangere,Davangere City,Traffic PS,Robbery,14.56217,75.792889,19-06-2024,low,investigating
Udupi,Karkala,Hebri PS,Domestic Violence,13.198676,74.592505,05-08-2023,medium,closed
Raichur,Sindhanur,Sindhanur PS,Assault,16.191378,77.249299,01-09-2024,low,investigating
Mangaluru,Surathkal,Surathkal PS,Cybercrime,12.680235,75.055884,24-03-2024,low,investigating
Mangaluru,Surathkal,Surathkal PS,Drug Offense,12.995238,74.60357,12-06-2024,low,open
Vijayapura,Indi,Rural PS,Land Dispute,16.71713,75.467887,04-02-2024,medium,investigating
Chamarajanagar,Kollegal,Town PS,Vehicle Theft,11.775941,76.653761,21-12-2023,low,open
Dakshina Kannada,Bantwal,Town PS,Kidnapping,13.015231,75.04146,16-05-2023,low,investigating
Haveri,Ranebennur,Town PS,Murder,14.768056,75.4704,30-04-2023,medium,investigating
Davangere,Honnali,Rural PS,Assault,14.214877,75.667621,27-12-2023,low,open
Vijayapura,Sindagi,Rural PS,Fraud,16.910251,75.722935,19-04-2023,low,closed
Belagavi,Belagavi City,Market PS,Robbery,15.884804,74.49392,13-06-2024,high,investigating
Bengaluru Urban,Whitefield,Whitefield PS,Land Dispute,12.818706,77.825561,20-01-2023,low,investigating
Chikkamagaluru,Kadur,Rural PS,Mobile Theft,13.329741,76.062208,19-11-2023,low,closed
Raichur,Manvi,Rural PS,Chain Snatching,16.438428,77.508208,01-01-2023,medium,investigating
Kolar,Kolar,Town PS,Vehicle Theft,13.344334,77.959352,06-02-2023,medium,investigating
Mangaluru,Ullal,Konaje PS,Vehicle Theft,12.763703,74.82787,24-09-2023,low,closed
Uttara Kannada,Sirsi,Sirsi PS,Robbery,14.929649,74.484897,27-04-2024,medium,open
Koppal,Kushtagi,Rural PS,Land Dispute,15.457766,75.952026,03-06-2024,low,closed
Bengaluru Rural,Nelamangala,Traffic PS,Assault,13.412983,77.412202,09-11-2024,low,closed
Ballari,Hospet,Rural PS,Chain Snatching,15.121061,77.124678,09-01-2023,high,open
Ramanagara,Magadi,Rural PS,Drug Offense,12.623304,76.989171,28-12-2023,medium,investigating
Chamarajanagar,Kollegal,Kollegal PS,Burglary,11.802746,77.190379,24-02-2023,low,open
Mandya,Maddur,Town PS,Vehicle Theft,12.736462,77.072408,22-10-2024,low,investigating
Uttara Kannada,Sirsi,Sirsi PS,Drug Offense,14.567941,74.538474,11-05-2023,medium,closed
Bidar,Bhalki,Bhalki PS,Robbery,18.063279,77.776102,22-03-2024,low,open
Bengaluru Rural,Doddaballapura,Town PS,Assault,12.898619,77.332548,05-01-2023,medium,open
Belagavi,Gokak,Traffic PS,Kidnapping,15.654404,74.782263,01-03-2024,medium,investigating
Bidar,Bidar City,New Town PS,Land Dispute,17.704329,77.349821,06-01-2023,medium,investigating
Chikkaballapura,Chikkaballapura,Chikkaballapura PS,Cybercrime,13.560824,77.484845,06-12-2023,low,investigating
Hubballi-Dharwad,Navanagar,Navanagar PS,Domestic Violence,15.52312,75.323728,07-11-2023,medium,closed
Kodagu,Madikeri,Rural PS,Burglary,12.161475,75.73835,10-04-2024,low,investigating
Tumakuru,Tumakuru City,Traffic PS,Fraud,13.34832,77.276947,09-06-2023,low,open
Davangere,Honnali,Honnali PS,Theft,14.45977,75.665048,20-10-2024,low,open
Raichur,Raichur City,Traffic PS,Robbery,16.417291,77.633462,28-10-2023,low,closed
Vijayapura,Vijayapura City,Gandhi Chowk PS,Fraud,16.936264,75.649091,23-05-2023,low,closed
Gadag,Ron,Rural PS,Mobile Theft,15.421914,75.50614,26-11-2023,low,investigating
Yadgir,Shahapur,Shahapur PS,Theft,16.480732,77.214061,21-01-2023,medium,open
Kalaburagi,Jewargi,Rural PS,Kidnapping,17.090806,76.758609,07-11-2024,low,investigating
Mangaluru,Ullal,Konaje PS,Vehicle Theft,13.123734,74.940391,25-04-2024,medium,closed
Chitradurga,Chitradurga,Chitradurga PS,Cybercrime,14.147618,76.156778,14-07-2023,low,open
Mangaluru,Ullal,Ullal PS,Mobile Theft,12.766817,74.661236,09-10-2024,low,investigating
Mysuru,Mysuru City,Devaraja PS,Chain Snatching,12.047906,76.3597,14-06-2024,low,closed
Uttara Kannada,Bhatkal,Rural PS,Domestic Violence,14.746849,74.720903,04-09-2023,low,closed
Shivamogga,Bhadravati,Bhadravati PS,Burglary,14.081154,75.362495,12-11-2024,low,open
Udupi,Karkala,Karkala PS,Burglary,13.096405,74.778972,06-06-2023,medium,investigating
Bengaluru Rural,Doddaballapura,Doddaballapura PS,Domestic Violence,13.15799,77.281102,28-02-2024,low,open
Vijayapura,Indi,Town PS,Fraud,16.836674,75.89489,12-03-2024,low,investigating
Mysuru,Mysuru City,Lakshmipuram PS,Robbery,12.291169,76.462704,16-02-2024,medium,open
Kodagu,Madikeri,Rural PS,Burglary,12.413086,76.018041,16-10-2023,low,closed
Yadgir,Yadgir City,Yadgir PS,Burglary,17.012979,76.873651,24-04-2023,low,closed
Tumakuru,Tumakuru City,Tumakuru PS,Vehicle Theft,13.310044,76.851064,19-09-2024,low,open
Kalaburagi,Sedam,Town PS,Cybercrime,17.605671,76.830119,22-12-2024,medium,closed
Kalaburagi,Jewargi,Jewargi PS,Drug Offense,17.465772,77.066418,06-01-2023,low,open
Chamarajanagar,Kollegal,Kollegal PS,Chain Snatching,11.925319,76.957243,03-02-2023,low,closed
Koppal,Koppal City,Traffic PS,Murder,15.298605,75.910925,29-06-2024,high,closed
Raichur,Manvi,Town PS,Assault,16.230992,77.24738,20-09-2023,low,investigating
Haveri,Savanur,Savanur PS,Fraud,14.872788,75.144205,23-02-2023,high,open
Mysuru,Mysuru City,Nazarbad PS,Domestic Violence,12.138931,76.8357,23-04-2024,medium,closed
Gadag,Gadag,Traffic PS,Domestic Violence,15.541217,75.85648,06-08-2023,medium,closed
Shivamogga,Sagara,Rural PS,Murder,13.92271,75.468373,08-08-2023,low,closed
Mangaluru,Ullal,Konaje PS,Drug Offense,12.698775,74.855857,11-03-2024,low,open
Gadag,Ron,Ron PS,Land Dispute,15.233942,75.530455,24-10-2023,medium,closed
Gadag,Gadag,Gadag Town PS,Robbery,15.381037,75.375261,19-01-2024,low,closed
Chikkamagaluru,Kadur,Rural PS,Mobile Theft,13.237246,75.999914,16-02-2023,low,closed
Vijayapura,Vijayapura City,Adarsh Nagar PS,Mobile Theft,16.958336,75.801082,11-04-2024,high,closed
Davangere,Davangere City,Traffic PS,Cybercrime,14.435876,76.11997,28-05-2023,medium,closed
Uttara Kannada,Sirsi,Sirsi PS,Robbery,14.561808,74.892125,21-09-2023,low,open
Dakshina Kannada,Sullia,Rural PS,Robbery,12.731634,75.197184,23-05-2023,high,investigating
Mandya,Maddur,Town PS,Drug Offense,12.281835,76.713474,02-10-2023,medium,investigating
Dakshina Kannada,Sullia,Rural PS,Fraud,12.58083,75.241141,03-03-2024,medium,investigating
Hassan,Sakleshpur,Rural PS,Assault,12.769933,76.028894,04-05-2024,low,closed
Dakshina Kannada,Bantwal,Rural PS,Vehicle Theft,12.929301,75.104412,20-02-2023,high,open
Ballari,Sandur,Rural PS,Vehicle Theft,15.092767,76.718536,11-04-2024,medium,open
Koppal,Kushtagi,Kushtagi PS,Mobile Theft,15.427403,76.049335,24-01-2023,high,investigating
Mysuru,Mysuru City,Nazarbad PS,Fraud,12.179605,76.79641,06-02-2024,high,investigating
Kolar,Malur,Malur PS,Robbery,13.01465,78.091422,25-09-2023,medium,open
Kolar,Malur,Malur PS,Land Dispute,13.075531,77.893362,14-07-2023,high,open
Vijayapura,Vijayapura City,Traffic PS,Murder,16.891091,75.937773,29-06-2024,low,open
Uttara Kannada,Bhatkal,Town PS,Drug Offense,14.634166,74.965461,06-09-2023,low,investigating
Ramanagara,Ramanagara,Traffic PS,Kidnapping,12.608101,77.339816,13-01-2024,medium,open
Davangere,Harihar,Town PS,Vehicle Theft,14.635342,75.977368,22-12-2023,low,closed
Yadgir,Shahapur,Town PS,Murder,16.656985,77.145384,16-05-2024,medium,investigating
Kalaburagi,Sedam,Sedam PS,Chain Snatching,17.175612,76.609637,30-11-2023,medium,open
Mangaluru,Ullal,Ullal PS,Fraud,13.040469,74.716115,06-05-2024,high,closed
Chikkaballapura,Bagepalli,Town PS,Burglary,13.445991,77.872685,29-08-2024,low,closed
Yadgir,Shahapur,Town PS,Theft,16.89455,77.154175,08-10-2024,high,investigating
Mangaluru,Surathkal,Mulki PS,Domestic Violence,12.998631,75.058776,02-12-2023,medium,investigating
Kalaburagi,Kalaburagi City,University PS,Murder,17.309757,76.793949,27-03-2023,medium,investigating
Chikkamagaluru,Kadur,Kadur PS,Murder,13.283477,76.069672,14-07-2023,low,investigating
Shivamogga,Sagara,Rural PS,Murder,13.773445,75.738521,30-12-2023,low,investigating
Bengaluru Urban,Yelahanka,Yelahanka New Town PS,Chain Snatching,13.006626,77.730303,18-02-2024,low,closed
Shivamogga,Shivamogga City,Doddapete PS,Fraud,14.200254,75.680601,28-12-2024,low,open
Chitradurga,Chitradurga,Town PS,Kidnapping,14.423432,76.541817,29-11-2023,low,closed
Ballari,Ballari City,Brucepet PS,Chain Snatching,15.118087,76.842508,28-12-2023,low,open
Haveri,Savanur,Town PS,Murder,14.563509,75.686693,09-08-2023,medium,investigating
Belagavi,Chikodi,Chikodi PS,Chain Snatching,16.1113,74.299489,29-03-2024,medium,investigating
Mysuru,Hunsur,Rural PS,Robbery,12.375916,76.495777,19-09-2023,low,closed
Kalaburagi,Jewargi,Jewargi PS,Robbery,17.599201,76.76783,10-10-2024,low,closed
Shivamogga,Shivamogga City,Doddapete PS,Land Dispute,13.785878,75.798569,19-09-2023,medium,open
Dakshina Kannada,Puttur,Puttur PS,Murder,13.047186,75.159939,25-09-2024,low,investigating
Yadgir,Shahapur,Shahapur PS,Drug Offense,16.615206,76.865421,22-08-2024,low,investigating
Gadag,Mundargi,Town PS,Burglary,15.61879,75.679147,24-07-2024,high,closed
Udupi,Kundapura,Byndoor PS,Land Dispute,13.339861,75.006489,06-01-2024,low,open
Vijayapura,Vijayapura City,Traffic PS,Chain Snatching,16.705315,75.497997,04-09-2024,low,investigating
Udupi,Udupi,Manipal PS,Vehicle Theft,13.184752,74.543134,30-10-2023,low,investigating
Kodagu,Madikeri,Madikeri PS,Chain Snatching,12.461361,75.774327,09-01-2024,medium,open
Tumakuru,Tiptur,Tiptur PS,Kidnapping,13.391647,77.297505,12-07-2024,high,open
Koppal,Koppal City,Koppal PS,Land Dispute,15.292512,76.453983,26-12-2023,low,investigating
Dakshina Kannada,Bantwal,Rural PS,Chain Snatching,13.038054,75.467451,14-02-2024,high,closed
Uttara Kannada,Bhatkal,Bhatkal PS,Murder,14.553083,74.652749,10-10-2024,low,investigating
Vijayapura,Vijayapura City,Traffic PS,Kidnapping,16.775967,75.610321,09-12-2023,low,investigating
Mysuru,Mysuru City,Lakshmipuram PS,Vehicle Theft,12.34935,76.770778,06-05-2023,low,closed
Dakshina Kannada,Sullia,Rural PS,Land Dispute,12.698529,75.382161,30-07-2023,medium,closed
Yadgir,Yadgir City,Town PS,Vehicle Theft,16.968483,77.398567,10-09-2024,low,open
Dakshina Kannada,Puttur,Town PS,Robbery,12.952629,75.188775,29-09-2023,low,open
Shivamogga,Sagara,Sagara PS,Kidnapping,14.015104,75.697925,25-07-2024,low,open
Kalaburagi,Kalaburagi City,University PS,Assault,17.422005,76.606489,27-03-2023,medium,open
Hubballi-Dharwad,Dharwad,Traffic PS,Fraud,15.40772,75.400223,09-01-2023,low,open
Kodagu,Somwarpet,Somwarpet PS,Fraud,12.091428,75.761828,11-08-2024,medium,open
Mangaluru,Surathkal,Mulki PS,Vehicle Theft,12.901584,74.77923,17-04-2023,low,closed
Haveri,Haveri,Town PS,Chain Snatching,14.963104,75.679225,26-05-2024,low,investigating
Davangere,Honnali,Rural PS,Kidnapping,14.641651,76.063294,01-07-2023,low,closed
Davangere,Harihar,Rural PS,Murder,14.351347,75.757527,16-09-2024,low,investigating
Bidar,Bidar City,Bidar PS,Kidnapping,17.643256,77.46381,30-03-2024,low,closed
Mangaluru,Ullal,Ullal PS,Kidnapping,13.136385,74.556065,23-01-2023,medium,closed
Ramanagara,Ramanagara,Traffic PS,Kidnapping,12.430773,77.365331,26-01-2023,low,open
Gadag,Ron,Rural PS,Chain Snatching,15.200853,75.656351,14-12-2024,low,investigating
Koppal,Kushtagi,Kushtagi PS,Domestic Violence,15.3148,76.329952,01-01-2023,low,open
Udupi,Kundapura,Byndoor PS,Chain Snatching,13.512991,74.954928,21-10-2024,medium,investigating
Kalaburagi,Sedam,Town PS,Mobile Theft,17.436049,76.912759,06-09-2023,medium,closed
Koppal,Gangavathi,Gangavathi PS,Mobile Theft,15.267896,75.999948,02-05-2023,medium,investigating
Shivamogga,Sagara,Rural PS,Mobile Theft,13.64609,75.324504,10-06-2024,medium,investigating
Bengaluru Urban,Yelahanka,Yelahanka PS,Burglary,12.945552,77.592422,31-08-2023,low,open
Kolar,Bangarapet,Town PS,Kidnapping,12.959812,78.211459,10-07-2024,low,open
Ballari,Sandur,Toranagallu PS,Domestic Violence,15.412767,77.159887,27-03-2023,medium,closed
Hassan,Sakleshpur,Sakleshpur PS,Assault,13.173802,75.908285,27-05-2023,low,closed
Haveri,Haveri,Haveri PS,Robbery,14.895152,75.141839,30-01-2024,low,investigating
Ballari,Ballari City,Ballari PS,Burglary,14.900129,76.940722,23-04-2023,medium,closed
Shivamogga,Bhadravati,Paper Town PS,Burglary,14.143921,75.495704,23-03-2024,low,investigating
Davangere,Harihar,Rural PS,Assault,14.26429,75.74989,03-03-2023,low,investigating
Udupi,Karkala,Ajekar PS,Cybercrime,13.084734,74.446617,02-01-2023,medium,open
Davangere,Harihar,Rural PS,Fraud,14.268458,75.648306,16-07-2024,low,investigating
Hassan,Arsikere,Town PS,Fraud,13.265544,75.952489,03-10-2023,high,closed
Belagavi,Chikodi,Chikodi PS,Mobile Theft,15.990153,74.408008,30-11-2024,medium,closed
Ramanagara,Kanakapura,Kanakapura PS,Theft,12.782867,77.530779,13-06-2023,low,closed
Chitradurga,Hiriyur,Town PS,Burglary,14.170059,76.112919,20-12-2023,medium,investigating
Mangaluru,Surathkal,Panambur PS,Mobile Theft,12.767303,74.74215,09-09-2024,medium,open
Belagavi,Belagavi City,Belagavi PS,Kidnapping,16.115446,74.356837,26-04-2024,medium,closed
Kalaburagi,Sedam,Sedam PS,Robbery,17.096493,77.126697,20-05-2024,medium,investigating
Ballari,Hospet,Traffic PS,Theft,15.249289,76.826789,17-03-2023,low,open
Bidar,Bhalki,Town PS,Fraud,17.878938,77.348677,15-05-2024,low,investigating
Kodagu,Virajpet,Virajpet PS,Assault,12.269469,75.863975,15-02-2023,medium,closed
Ramanagara,Magadi,Town PS,Burglary,12.843162,77.541313,19-05-2024,medium,closed
Bengaluru Urban,Whitefield,Whitefield PS,Domestic Violence,13.214806,77.770514,13-01-2024,medium,closed
Raichur,Raichur City,Traffic PS,Assault,16.435632,77.272015,02-01-2024,high,open
Mangaluru,Mangaluru,Mangaluru South PS,Kidnapping,12.861946,75.032606,18-11-2024,low,investigating
Kodagu,Madikeri,Rural PS,Kidnapping,12.200207,75.927046,19-05-2023,high,investigating
Kalaburagi,Kalaburagi City,Brahmapur PS,Cybercrime,17.451232,76.722699,20-01-2024,medium,open
Kolar,Malur,Town PS,Land Dispute,12.979349,78.183636,21-10-2024,high,closed
Koppal,Koppal City,Koppal PS,Drug Offense,15.525873,76.355521,27-06-2023,low,closed
Belagavi,Chikodi,Rural PS,Land Dispute,16.045569,74.643038,05-08-2023,high,closed
Koppal,Gangavathi,Rural PS,Theft,15.439742,76.415287,08-11-2023,high,open
Haveri,Haveri,Haveri PS,Land Dispute,14.840189,75.241206,03-02-2023,medium,closed
Bengaluru Rural,Nelamangala,Traffic PS,Land Dispute,13.290768,77.551919,08-07-2023,low,investigating
Ramanagara,Kanakapura,Town PS,Mobile Theft,12.968287,77.459348,18-12-2024,medium,closed
Kalaburagi,Jewargi,Jewargi PS,Mobile Theft,17.462224,76.553916,05-08-2023,high,investigating
Mandya,Maddur,Town PS,Drug Offense,12.267847,76.713632,20-12-2024,medium,investigating
Mangaluru,Surathkal,Mulki PS,Drug Offense,12.935498,74.766033,06-02-2023,medium,closed
Hubballi-Dharwad,Navanagar,Town PS,Fraud,15.240055,74.825005,22-05-2024,low,closed
Dakshina Kannada,Puttur,Traffic PS,Assault,12.80178,75.491635,02-06-2024,medium,investigating
Bengaluru Rural,Nelamangala,Soladevanahalli PS,Kidnapping,13.484376,77.147658,10-07-2024,low,closed
Ballari,Sandur,Rural PS,Assault,15.284965,77.026206,12-04-2023,high,investigating
Chamarajanagar,Chamarajanagar,Traffic PS,Murder,12.12676,77.098683,04-02-2023,medium,closed
Mangaluru,Ullal,Konaje PS,Chain Snatching,12.618108,74.773806,13-08-2024,low,closed
Chikkamagaluru,Tarikere,Tarikere PS,Vehicle Theft,13.106299,75.661262,29-11-2024,low,open
Chitradurga,Hosadurga,Town PS,Assault,14.219536,76.253864,29-05-2024,medium,open
Gadag,Gadag,Traffic PS,Kidnapping,15.317463,75.608801,26-10-2024,low,investigating
Uttara Kannada,Karwar,Karwar Town PS,Land Dispute,15.055312,74.786971,13-07-2023,low,investigating
Kalaburagi,Kalaburagi City,University PS,Murder,17.447913,76.673742,10-03-2023,medium,open
Chamarajanagar,Gundlupet,Gundlupet PS,Theft,11.752699,76.913694,27-12-2024,low,closed
Uttara Kannada,Karwar,Bazar PS,Domestic Violence,14.684434,74.670247,03-02-2024,low,open
Tumakuru,Tumakuru City,Tumakuru PS,Cybercrime,13.114153,77.198076,20-10-2023,low,investigating
Chitradurga,Chitradurga,Chitradurga PS,Murder,13.926833,76.465591,17-07-2024,medium,investigating
Chikkamagaluru,Tarikere,Rural PS,Theft,13.049559,75.620501,27-01-2023,high,closed
Vijayapura,Sindagi,Rural PS,Domestic Violence,16.923931,75.49895,08-07-2023,high,closed
Yadgir,Yadgir City,Yadgir PS,Murder,16.947824,77.108636,18-08-2024,medium,closed
Belagavi,Gokak,Traffic PS,Fraud,15.915009,74.394574,21-12-2023,low,open
Hubballi-Dharwad,Dharwad,Sub Urban PS,Cybercrime,15.511448,75.140083,26-02-2023,low,open
Davangere,Davangere City,Traffic PS,Domestic Violence,14.590294,76.035632,05-11-2024,low,investigating
Raichur,Raichur City,West PS,Vehicle Theft,16.304246,77.625942,06-04-2023,low,investigating
Chikkaballapura,Bagepalli,Rural PS,Vehicle Theft,13.184602,77.54059,30-03-2023,low,closed
Raichur,Sindhanur,Rural PS,Theft,16.270087,77.579825,20-07-2023,low,investigating
Dakshina Kannada,Puttur,Traffic PS,Fraud,12.953433,75.473352,04-05-2024,low,closed
Belagavi,Chikodi,Nippani PS,Mobile Theft,15.795391,74.756972,21-08-2024,low,investigating
Kalaburagi,Kalaburagi City,University PS,Domestic Violence,17.115628,77.012497,08-10-2023,low,open
Chamarajanagar,Kollegal,Rural PS,Land Dispute,11.746584,76.705445,31-05-2024,medium,open
Uttara Kannada,Bhatkal,Rural PS,Cybercrime,14.608455,74.819868,15-12-2024,low,closed
Udupi,Udupi,Manipal PS,Burglary,13.51382,74.996161,16-11-2023,low,investigating
Chitradurga,Hosadurga,Town PS,Land Dispute,14.235152,76.448129,12-01-2024,low,investigating
Hassan,Sakleshpur,Rural PS,Robbery,13.038488,76.094707,07-12-2024,medium,closed
Ballari,Hospet,Rural PS,Drug Offense,15.392631,77.039577,06-05-2024,medium,closed
Chikkamagaluru,Tarikere,Rural PS,Chain Snatching,13.508184,75.578342,23-05-2023,low,open
Kalaburagi,Jewargi,Rural PS,Mobile Theft,17.362357,76.543755,19-02-2023,low,closed
Mangaluru,Mangaluru,Pandeshwar PS,Mobile Theft,13.127273,74.63657,06-01-2023,low,open
Tumakuru,Madhugiri,Madhugiri PS,Assault,13.253518,77.360631,13-09-2023,low,closed
Haveri,Savanur,Rural PS,Vehicle Theft,14.819845,75.171189,13-12-2023,medium,investigating
Belagavi,Chikodi,Rural PS,Chain Snatching,15.852701,74.746663,10-10-2023,medium,closed
Uttara Kannada,Sirsi,Town PS,Cybercrime,14.932843,74.62134,24-08-2024,low,closed
Chitradurga,Hosadurga,Hosadurga PS,Land Dispute,14.288385,76.690592,27-11-2023,low,investigating
Chikkamagaluru,Tarikere,Rural PS,Theft,13.130416,75.766042,03-05-2023,high,investigating
Kolar,Bangarapet,Town PS,Assault,13.268377,78.27237,24-08-2023,low,closed
Koppal,Koppal City,Koppal PS,Mobile Theft,15.571799,75.893636,09-09-2023,low,open
Kodagu,Virajpet,Town PS,Kidnapping,12.402426,75.893642,23-03-2024,low,investigating
Gadag,Mundargi,Rural PS,Drug Offense,15.201996,75.927757,21-04-2023,high,investigating
Belagavi,Chikodi,Nippani PS,Kidnapping,15.809378,74.619317,09-03-2024,low,open
Mysuru,Nanjangud,Traffic PS,Kidnapping,12.367211,76.908897,04-02-2024,low,closed
Yadgir,Shahapur,Town PS,Vehicle Theft,16.721159,77.277635,05-07-2023,medium,investigating
Kolar,Bangarapet,Bangarapet PS,Assault,13.302284,77.868411,18-08-2023,low,investigating
Hubballi-Dharwad,Hubballi,Keshwapur PS,Drug Offense,15.63644,75.232877,11-09-2023,low,investigating
Dakshina Kannada,Sullia,Sullia PS,Chain Snatching,12.991867,75.056995,11-04-2023,high,closed
Uttara Kannada,Karwar,Traffic PS,Land Dispute,15.042084,74.461621,23-12-2024,low,investigating
Bengaluru Urban,Whitefield,Whitefield PS,Vehicle Theft,13.03662,77.688073,16-08-2024,low,investigating
Chikkaballapura,Sidlaghatta,Town PS,Vehicle Theft,13.361924,77.742051,22-04-2023,low,open
Mysuru,Nanjangud,Nanjangud Town PS,Drug Offense,12.070255,76.921581,18-07-2023,low,investigating
Chikkamagaluru,Tarikere,Rural PS,Assault,13.541368,75.770767,18-08-2023,low,closed
Bidar,Basavakalyan,Basavakalyan PS,Kidnapping,17.989324,77.274776,26-07-2023,medium,investigating
Ramanagara,Kanakapura,Town PS,Domestic Violence,12.657194,77.537668,14-07-2023,medium,open
Kalaburagi,Kalaburagi City,Brahmapur PS,Fraud,17.568875,77.112146,28-06-2023,high,investigating
Davangere,Davangere City,Davangere PS,Kidnapping,14.727435,76.200933,26-07-2023,low,investigating
Udupi,Kundapura,Kundapura PS,Cybercrime,13.355659,74.452959,01-01-2024,medium,investigating
Vijayapura,Indi,Town PS,Land Dispute,16.714557,75.771669,13-10-2024,low,open
Hassan,Hassan City,Traffic PS,Vehicle Theft,12.92032,75.918259,20-11-2023,medium,open
Bengaluru Rural,Nelamangala,Nelamangala PS,Vehicle Theft,12.982877,77.265968,09-08-2024,medium,open
Mandya,Srirangapatna,Town PS,Robbery,12.787658,76.833769,15-11-2024,low,investigating
Vijayapura,Sindagi,Rural PS,Fraud,16.857526,75.869318,11-10-2024,low,investigating
Vijayapura,Vijayapura City,Adarsh Nagar PS,Mobile Theft,16.851072,75.710143,31-12-2024,low,open
Mysuru,Hunsur,Rural PS,Mobile Theft,12.349201,76.482579,18-08-2024,medium,closed
Chikkaballapura,Sidlaghatta,Sidlaghatta PS,Fraud,13.610476,77.859046,25-04-2024,high,investigating
Mandya,Srirangapatna,Srirangapatna PS,Cybercrime,12.32136,76.9573,02-04-2024,low,investigating
Haveri,Ranebennur,Rural PS,Vehicle Theft,15.059746,75.591109,22-10-2023,low,investigating
Bengaluru Urban,Whitefield,Kadugodi PS,Mobile Theft,13.00632,77.855869,20-11-2023,medium,closed
Chamarajanagar,Kollegal,Kollegal PS,Robbery,11.642791,76.817648,17-07-2024,low,investigating
Shivamogga,Sagara,Sagara PS,Robbery,13.84992,75.372386,02-04-2023,low,closed
Kalaburagi,Kalaburagi City,Brahmapur PS,Robbery,17.484956,77.044183,25-01-2023,high,open
Mangaluru,Mangaluru,Pandeshwar PS,Assault,12.671758,74.711558,15-09-2024,medium,closed
Ramanagara,Kanakapura,Rural PS,Drug Offense,12.740156,77.176902,23-07-2024,medium,closed
Davangere,Harihar,Harihar PS,Domestic Violence,14.386712,75.726761,19-01-2023,low,closed
Hubballi-Dharwad,Hubballi,Keshwapur PS,Burglary,15.340158,74.969281,19-01-2023,medium,investigating
Kalaburagi,Jewargi,Rural PS,Robbery,17.545948,76.89813,01-01-2024,medium,investigating
Vijayapura,Vijayapura City,Adarsh Nagar PS,Domestic Violence,16.727889,75.737148,02-06-2023,low,open
Bengaluru Urban,Koramangala,Koramangala PS,Fraud,12.931958,77.791833,02-12-2023,medium,open
Uttara Kannada,Sirsi,Town PS,Cybercrime,14.889855,74.620579,17-01-2024,medium,investigating
Chitradurga,Hosadurga,Town PS,Assault,14.439527,76.415145,16-04-2023,medium,open
Shivamogga,Shivamogga City,Vinobanagar PS,Land Dispute,13.673164,75.483105,11-05-2024,high,open
Chamarajanagar,Gundlupet,Gundlupet PS,Drug Offense,11.692711,76.93241,20-01-2024,high,investigating
Hubballi-Dharwad,Hubballi,Vidyanagar PS,Land Dispute,15.517403,74.867175,20-01-2024,medium,investigating
Mandya,Mandya,Mandya PS,Fraud,12.653624,77.155881,06-06-2024,medium,open
Chitradurga,Hiriyur,Hiriyur PS,Kidnapping,14.316201,76.573083,04-11-2024,medium,closed
Chikkamagaluru,Chikkamagaluru City,Chikkamagaluru PS,Land Dispute,13.450964,75.647244,28-09-2023,low,closed
Mandya,Maddur,Rural PS,Mobile Theft,12.455196,76.833917,26-02-2023,medium,investigating
Shivamogga,Bhadravati,Bhadravati PS,Mobile Theft,13.808202,75.400835,27-03-2024,medium,closed
Bengaluru Rural,Doddaballapura,Rural PS,Chain Snatching,13.172589,77.189728,08-11-2024,medium,open
Kodagu,Madikeri,Madikeri PS,Burglary,12.621227,75.536807,20-06-2024,medium,closed
Shivamogga,Bhadravati,Paper Town PS,Cybercrime,13.659202,75.425476,30-10-2023,medium,investigating
Haveri,Ranebennur,Rural PS,Robbery,14.958203,75.394736,17-11-2023,medium,investigating
Chitradurga,Hosadurga,Hosadurga PS,Murder,14.274338,76.597557,07-01-2024,medium,closed
Koppal,Koppal City,Town PS,Drug Offense,15.527657,76.145416,29-11-2024,low,closed
Kolar,Bangarapet,Town PS,Robbery,13.209194,78.362816,14-01-2023,medium,investigating
Gadag,Ron,Ron PS,Domestic Violence,15.665298,75.704753,24-12-2023,low,investigating
Chamarajanagar,Chamarajanagar,Chamarajanagar PS,Murder,12.14749,77.075596,21-11-2023,low,closed
Chamarajanagar,Kollegal,Kollegal PS,Burglary,11.783477,76.672111,06-08-2024,low,investigating
Davangere,Honnali,Nyamathi PS,Murder,14.316811,76.014684,21-10-2024,low,closed
Tumakuru,Tiptur,Rural PS,Mobile Theft,13.125736,77.225412,13-07-2023,medium,open
Haveri,Haveri,Haveri PS,Robbery,14.720248,75.158797,04-07-2024,medium,closed
Belagavi,Gokak,Traffic PS,Robbery,15.758531,74.200654,31-01-2024,low,investigating
Bengaluru Urban,Yelahanka,Attur PS,Kidnapping,12.91885,77.50215,03-11-2024,medium,open
Ramanagara,Ramanagara,Traffic PS,Kidnapping,12.751068,77.199762,24-05-2024,low,investigating
Udupi,Udupi,Malpe PS,Robbery,13.312264,74.563247,16-03-2023,low,investigating
Tumakuru,Tiptur,Tiptur PS,Mobile Theft,13.282663,77.036097,16-08-2023,low,closed
Raichur,Manvi,Manvi PS,Kidnapping,16.018087,77.323212,28-02-2024,low,open
Chamarajanagar,Kollegal,Kollegal PS,Theft,11.780035,77.183514,16-04-2024,low,investigating
Chitradurga,Hiriyur,Hiriyur PS,Kidnapping,14.396184,76.61777,14-09-2023,high,open
Mangaluru,Ullal,Kotekar PS,Land Dispute,12.805432,74.818979,13-05-2024,medium,investigating
Tumakuru,Madhugiri,Rural PS,Drug Offense,13.620004,77.164076,01-11-2023,high,investigating
Kalaburagi,Kalaburagi City,University PS,Robbery,17.487247,77.106888,03-04-2024,medium,open
Gadag,Mundargi,Rural PS,Chain Snatching,15.487159,75.487177,24-01-2023,medium,open
Kodagu,Virajpet,Rural PS,Kidnapping,12.247921,75.945827,22-10-2024,medium,investigating
Ramanagara,Kanakapura,Town PS,Burglary,12.826532,77.074699,26-03-2024,medium,investigating
Tumakuru,Madhugiri,Madhugiri PS,Vehicle Theft,13.344733,77.252326,20-08-2024,low,investigating
Mandya,Maddur,Rural PS,Domestic Violence,12.354779,77.193359,09-06-2023,high,investigating
Bengaluru Rural,Devanahalli,Devanahalli PS,Theft,13.315617,77.231052,29-04-2023,high,investigating
Hassan,Arsikere,Rural PS,Land Dispute,13.164421,75.846837,22-07-2024,high,investigating
Raichur,Sindhanur,Rural PS,Robbery,16.027753,77.321309,25-02-2024,high,investigating
Chikkaballapura,Bagepalli,Rural PS,Cybercrime,13.425154,77.950742,06-07-2023,medium,investigating
Chikkaballapura,Chikkaballapura,Traffic PS,Chain Snatching,13.331939,77.954607,27-12-2024,low,investigating
Bengaluru Urban,Yelahanka,Attur PS,Theft,12.891422,77.485775,16-11-2024,medium,investigating
Chamarajanagar,Chamarajanagar,Traffic PS,Kidnapping,12.145564,77.207493,15-02-2023,medium,open
Mandya,Srirangapatna,Town PS,Vehicle Theft,12.806697,77.058129,11-07-2024,low,closed
Haveri,Ranebennur,Ranebennur PS,Murder,14.984425,75.113895,24-02-2023,medium,open
Belagavi,Gokak,Rural PS,Domestic Violence,16.004368,74.711215,08-07-2024,low,closed
Mysuru,Hunsur,Hunsur PS,Murder,12.510263,76.472156,01-12-2023,low,investigating
Raichur,Sindhanur,Sindhanur PS,Robbery,16.070011,77.253239,29-02-2024,low,open
Kalaburagi,Kalaburagi City,Brahmapur PS,Fraud,17.361852,76.826665,12-09-2024,medium,open
Kolar,Malur,Rural PS,Chain Snatching,13.147914,78.062902,08-08-2024,low,closed
Haveri,Ranebennur,Town PS,Theft,14.783446,75.323765,02-11-2024,medium,closed
Bengaluru Urban,Koramangala,Koramangala PS,Domestic Violence,12.944639,77.428373,29-06-2024,low,closed
Yadgir,Gurmitkal,Gurmitkal PS,Kidnapping,16.942769,77.436635,22-05-2024,medium,investigating
Ballari,Sandur,Toranagallu PS,Murder,14.981219,76.853924,06-07-2024,low,investigating
Haveri,Ranebennur,Town PS,Theft,14.864919,75.186108,26-06-2024,low,investigating
Gadag,Gadag,Gadag Town PS,Drug Offense,15.71093,75.843137,10-02-2024,low,investigating
Gadag,Ron,Rural PS,Kidnapping,15.71519,75.742052,17-04-2023,high,open
Chamarajanagar,Chamarajanagar,Chamarajanagar PS,Murder,11.722938,77.01641,09-04-2024,medium,open
Haveri,Haveri,Traffic PS,Robbery,14.593918,75.445722,23-08-2024,medium,investigating
Raichur,Sindhanur,Town PS,Murder,16.251139,77.297285,11-03-2024,low,closed
Chitradurga,Chitradurga,Chitradurga PS,Drug Offense,14.480829,76.601321,07-06-2023,high,closed
Mysuru,Hunsur,Bilikere PS,Theft,12.092628,76.427882,28-06-2024,medium,investigating
Koppal,Gangavathi,Gangavathi PS,Fraud,15.550006,76.259821,30-11-2024,medium,open
Mangaluru,Surathkal,Surathkal PS,Chain Snatching,12.904812,75.082689,01-06-2024,low,closed
Ballari,Hospet,Rural PS,Cybercrime,15.222631,77.108028,19-12-2023,medium,closed
Chitradurga,Chitradurga,Traffic PS,Chain Snatching,14.152166,76.58154,23-03-2023,high,closed
Uttara Kannada,Bhatkal,Bhatkal PS,Cybercrime,14.789041,74.739297,10-09-2024,high,open
Gadag,Mundargi,Town PS,Robbery,15.444139,75.345485,01-11-2024,low,open
Chamarajanagar,Gundlupet,Town PS,Theft,12.020853,76.949191,20-03-2023,low,open
Davangere,Harihar,Harihar PS,Mobile Theft,14.763774,76.108676,09-05-2024,low,closed
Bengaluru Urban,Yelahanka,Yelahanka New Town PS,Fraud,13.219188,77.300483,21-04-2023,medium,open
Haveri,Savanur,Town PS,Mobile Theft,14.7274,75.62369,07-09-2023,low,closed
Udupi,Kundapura,Byndoor PS,Drug Offense,13.419242,74.975955,03-06-2023,low,open
Chamarajanagar,Gundlupet,Gundlupet PS,Cybercrime,11.961905,76.955616,29-07-2023,medium,closed
Koppal,Kushtagi,Town PS,Drug Offense,15.624201,75.936804,20-04-2024,low,investigating
Mysuru,Nanjangud,Nanjangud Town PS,Cybercrime,12.517108,76.404323,12-12-2024,high,open
Tumakuru,Madhugiri,Rural PS,Assault,13.428165,76.86843,19-02-2024,low,investigating
Gadag,Mundargi,Mundargi PS,Theft,15.217129,75.521445,13-07-2024,low,open
Dakshina Kannada,Puttur,Puttur PS,Mobile Theft,12.632034,75.054881,20-09-2024,low,open
Chitradurga,Hiriyur,Hiriyur PS,Cybercrime,14.306827,76.101321,05-04-2023,low,open
Udupi,Udupi,Udupi Town PS,Murder,13.115004,74.496243,25-05-2023,low,open
Haveri,Haveri,Town PS,Robbery,14.915474,75.686667,26-06-2023,low,open
Kalaburagi,Jewargi,Jewargi PS,Theft,17.495095,76.794123,23-11-2024,medium,open
Belagavi,Belagavi City,Market PS,Kidnapping,15.683303,74.661334,06-11-2024,low,investigating
Mangaluru,Surathkal,Panambur PS,Robbery,12.99423,74.943586,24-01-2023,low,open
Ramanagara,Magadi,Magadi PS,Fraud,12.979243,77.052432,24-03-2023,low,open
Vijayapura,Sindagi,Sindagi PS,Kidnapping,17.069352,75.778686,20-02-2023,medium,open
Mangaluru,Mangaluru,Mangaluru North PS,Land Dispute,13.078057,75.082961,04-04-2023,low,closed
Chitradurga,Hosadurga,Town PS,Theft,14.346718,76.347104,17-09-2024,high,investigating
Gadag,Mundargi,Town PS,Land Dispute,15.571169,75.522324,25-12-2023,low,closed
Raichur,Sindhanur,Town PS,Theft,16.046223,77.18407,23-03-2024,high,open
Gadag,Ron,Rural PS,Murder,15.403877,75.443811,11-09-2024,low,open
Davangere,Harihar,Town PS,Kidnapping,14.49523,76.055922,18-07-2024,high,investigating
Davangere,Honnali,Nyamathi PS,Domestic Violence,14.355216,75.727707,29-03-2024,medium,investigating
Yadgir,Gurmitkal,Town PS,Domestic Violence,16.809424,76.960249,09-11-2023,medium,closed
Dakshina Kannada,Puttur,Traffic PS,Vehicle Theft,12.807892,75.179521,20-05-2023,medium,investigating
Kolar,Malur,Malur PS,Fraud,12.963991,77.999266,25-03-2024,low,closed
Hassan,Hassan City,Traffic PS,Kidnapping,12.86402,76.267312,11-10-2024,low,investigating
Ballari,Ballari City,Brucepet PS,Drug Offense,14.951681,76.66206,02-05-2023,low,open
Kolar,Malur,Malur PS,Theft,13.049861,78.389723,03-02-2023,medium,open
Vijayapura,Indi,Rural PS,Kidnapping,16.584779,75.849324,22-11-2023,low,investigating
Chitradurga,Chitradurga,Town PS,Fraud,14.406011,76.638747,02-06-2023,low,open
Bengaluru Urban,Koramangala,Madiwala PS,Murder,13.041022,77.831352,31-05-2023,medium,investigating
Kolar,Malur,Town PS,Mobile Theft,13.329061,78.308941,02-04-2024,medium,open
Belagavi,Belagavi City,Market PS,Domestic Violence,15.874454,74.470691,29-02-2024,low,closed
Uttara Kannada,Bhatkal,Bhatkal PS,Theft,14.853592,74.627339,07-02-2024,low,investigating
Kolar,Malur,Town PS,Kidnapping,12.859904,77.833056,31-01-2023,low,closed
Belagavi,Gokak,Traffic PS,Drug Offense,16.06824,74.610748,13-08-2024,high,open
Ballari,Sandur,Toranagallu PS,Burglary,15.149113,77.01943,10-01-2023,low,closed
Bidar,Bidar City,New Town PS,Domestic Violence,17.965606,77.763028,23-04-2023,low,open
Mysuru,Hunsur,Hunsur PS,Burglary,12.354988,76.433619,28-06-2024,high,closed
Kodagu,Somwarpet,Somwarpet PS,Land Dispute,12.057972,75.563118,30-07-2023,low,open
Mangaluru,Mangaluru,Pandeshwar PS,Cybercrime,12.808717,75.11956,24-10-2023,medium,open
Chikkamagaluru,Tarikere,Tarikere PS,Murder,13.036477,75.60678,08-10-2023,low,open
Tumakuru,Tumakuru City,Traffic PS,Land Dispute,13.045826,77.117838,26-12-2024,low,open
Kolar,Kolar,Town PS,Murder,13.139177,78.344359,12-01-2023,medium,investigating
Chikkaballapura,Bagepalli,Rural PS,Vehicle Theft,13.401367,77.523082,27-01-2024,high,closed
Haveri,Savanur,Town PS,Robbery,14.966079,75.276189,01-12-2023,medium,open
Kodagu,Somwarpet,Somwarpet PS,Kidnapping,12.631425,75.945418,30-03-2024,medium,open
Kodagu,Somwarpet,Somwarpet PS,Theft,12.205381,76.024697,05-11-2024,high,investigating
Tumakuru,Tumakuru City,Tumakuru PS,Kidnapping,13.048337,76.874067,11-04-2024,medium,open
Kodagu,Madikeri,Traffic PS,Burglary,12.26282,75.977453,26-06-2023,high,investigating
Hubballi-Dharwad,Hubballi,Old Hubballi PS,Burglary,15.661542,75.06676,12-06-2023,low,closed
Vijayapura,Sindagi,Rural PS,Assault,16.86539,75.985516,04-04-2024,medium,closed
Ramanagara,Magadi,Town PS,Theft,13.008877,77.536977,20-07-2023,high,closed
Udupi,Karkala,Karkala PS,Fraud,13.274208,74.606891,10-01-2024,high,open
Bidar,Basavakalyan,Basavakalyan PS,Burglary,17.778236,77.482158,07-10-2023,medium,closed
Bengaluru Urban,Whitefield,Kadugodi PS,Theft,12.78889,77.471011,21-10-2023,medium,open
Chitradurga,Chitradurga,Chitradurga PS,Land Dispute,14.255017,76.324404,21-01-2023,low,closed
Raichur,Manvi,Town PS,Drug Offense,16.012781,77.580636,24-02-2024,low,closed
Chitradurga,Hosadurga,Rural PS,Fraud,14.427675,76.210459,01-05-2024,high,investigating
Gadag,Gadag,Traffic PS,Land Dispute,15.415897,75.336427,29-07-2024,low,investigating
Ramanagara,Kanakapura,Town PS,Kidnapping,13.005062,77.4096,04-06-2024,low,investigating
Raichur,Manvi,Town PS,Fraud,16.36128,77.236048,20-04-2024,medium,investigating
Chamarajanagar,Gundlupet,Town PS,Cybercrime,11.757303,76.7374,14-01-2023,low,investigating
Raichur,Sindhanur,Sindhanur PS,Kidnapping,16.001066,77.331458,27-04-2023,low,closed
Chitradurga,Chitradurga,Town PS,Drug Offense,14.036522,76.106125,05-03-2024,medium,investigating
Mandya,Srirangapatna,Srirangapatna PS,Burglary,12.787468,76.9564,07-10-2023,medium,investigating
Mangaluru,Mangaluru,Mangaluru South PS,Theft,12.867037,74.748183,04-03-2023,low,closed
Ballari,Ballari City,Cowl Bazaar PS,Cybercrime,15.293259,76.902072,09-03-2024,low,open
Chamarajanagar,Kollegal,Town PS,Domestic Violence,11.804096,76.969653,28-06-2024,high,investigating
Raichur,Raichur City,Traffic PS,Vehicle Theft,16.16771,77.635591,29-06-2023,low,investigating
Koppal,Koppal City,Town PS,Theft,15.175452,76.140664,25-07-2023,high,investigating
Uttara Kannada,Karwar,Karwar Town PS,Domestic Violence,14.812558,74.460401,18-08-2024,low,closed
Ramanagara,Kanakapura,Town PS,Burglary,12.439198,77.022746,25-08-2023,medium,investigating
Uttara Kannada,Karwar,Bazar PS,Assault,15.021909,74.94517,03-12-2023,low,closed
Chikkaballapura,Chikkaballapura,Traffic PS,Vehicle Theft,13.667734,77.601878,31-12-2024,medium,investigating
Bengaluru Rural,Doddaballapura,Town PS,Murder,13.052937,77.305552,27-11-2024,medium,closed
Kolar,Kolar,Town PS,Kidnapping,12.851596,77.972238,23-03-2023,high,closed
Kolar,Malur,Rural PS,Domestic Violence,13.416495,77.911217,05-08-2024,high,closed
Bidar,Bhalki,Bhalki PS,Drug Offense,18.099563,77.526806,26-12-2023,low,investigating
Bidar,Basavakalyan,Basavakalyan PS,Kidnapping,18.174474,77.504761,23-06-2024,high,closed
Chikkaballapura,Chikkaballapura,Traffic PS,Fraud,13.22694,77.58066,18-08-2024,medium,open
Belagavi,Belagavi City,Tilakwadi PS,Cybercrime,15.935994,74.490258,27-02-2023,low,investigating
Haveri,Savanur,Town PS,Cybercrime,14.645544,75.207523,28-02-2023,low,open
Koppal,Gangavathi,Rural PS,Theft,15.051889,76.365785,24-02-2024,medium,closed
Ballari,Sandur,Toranagallu PS,Cybercrime,15.205463,77.149841,09-06-2023,medium,closed
Belagavi,Gokak,Traffic PS,Theft,16.052033,74.408335,16-02-2023,low,open
Vijayapura,Vijayapura City,Traffic PS,Murder,16.644598,75.497419,27-11-2024,low,investigating
Bengaluru Rural,Doddaballapura,Rural PS,Murder,13.417433,77.699552,17-08-2023,low,closed
Bidar,Bidar City,Bidar PS,Theft,17.956994,77.467873,06-02-2024,low,open
Mysuru,Nanjangud,Rural PS,Kidnapping,12.309706,76.818139,20-11-2024,medium,investigating
Ballari,Sandur,Toranagallu PS,Domestic Violence,15.341497,76.960234,04-09-2024,low,open
Chikkaballapura,Bagepalli,Town PS,Domestic Violence,13.342172,77.593511,31-12-2023,low,investigating
Kalaburagi,Sedam,Rural PS,Kidnapping,17.601901,77.105052,29-10-2024,low,open
Bengaluru Rural,Devanahalli,Devanahalli PS,Theft,12.976854,77.236915,24-10-2023,low,investigating
Davangere,Davangere City,Davangere PS,Mobile Theft,14.489967,75.624078,19-12-2023,medium,open
Chikkaballapura,Bagepalli,Rural PS,Cybercrime,13.304137,77.565744,22-06-2023,low,closed
Haveri,Ranebennur,Town PS,Vehicle Theft,14.763653,75.595469,02-08-2023,low,open
Chitradurga,Hosadurga,Rural PS,Cybercrime,14.151068,76.358296,16-07-2023,low,closed
Bidar,Basavakalyan,Town PS,Robbery,18.098329,77.81939,19-02-2024,low,investigating
Gadag,Ron,Town PS,Cybercrime,15.178574,75.485167,17-02-2023,high,investigating
Chikkamagaluru,Tarikere,Tarikere PS,Burglary,13.41467,75.899459,18-01-2024,high,closed
Ballari,Hospet,Traffic PS,Vehicle Theft,14.893415,76.870888,20-08-2024,low,investigating
Mandya,Maddur,Town PS,Robbery,12.370271,76.88799,06-02-2023,high,investigating
Haveri,Savanur,Savanur PS,Fraud,14.858905,75.386321,02-02-2023,medium,open
Kodagu,Madikeri,Madikeri PS,Drug Offense,12.289328,75.835551,02-02-2023,low,open
Bengaluru Urban,Yelahanka,Yelahanka New Town PS,Vehicle Theft,13.13871,77.63362,28-05-2024,low,open
Hubballi-Dharwad,Dharwad,Sub Urban PS,Kidnapping,15.388582,75.072327,25-05-2023,medium,open
Shivamogga,Bhadravati,Old Town PS,Vehicle Theft,13.779707,75.34643,22-01-2024,low,closed
Gadag,Mundargi,Mundargi PS,Fraud,15.332175,75.62708,29-01-2023,high,closed
Yadgir,Yadgir City,Traffic PS,Burglary,16.936507,76.937474,03-01-2023,low,open
Kolar,Malur,Rural PS,Mobile Theft,12.959307,78.415159,06-02-2024,low,closed
Hassan,Sakleshpur,Sakleshpur PS,Murder,12.954,76.290353,01-02-2023,low,closed
Shivamogga,Shivamogga City,Traffic PS,Theft,14.112155,75.403619,29-06-2024,low,closed
Davangere,Harihar,Rural PS,Theft,14.325056,75.753801,26-03-2024,medium,open
Mandya,Srirangapatna,Rural PS,Vehicle Theft,12.784631,77.12189,14-05-2023,high,investigating
Dakshina Kannada,Sullia,Rural PS,Domestic Violence,12.879383,75.196392,06-04-2023,medium,open
Vijayapura,Vijayapura City,Traffic PS,Vehicle Theft,16.53769,75.706058,15-12-2024,medium,open
Dakshina Kannada,Bantwal,Town PS,Land Dispute,13.079987,75.410748,10-10-2024,low,closed
Mandya,Mandya,Traffic PS,Murder,12.316183,77.170888,16-05-2023,medium,open
Gadag,Ron,Rural PS,Domestic Violence,15.228008,75.913967,04-10-2024,medium,open
Davangere,Davangere City,KTJ Nagar PS,Vehicle Theft,14.614008,75.89858,29-05-2023,high,open
Udupi,Kundapura,Kundapura PS,Land Dispute,13.147688,74.633309,08-05-2024,high,investigating
Haveri,Savanur,Rural PS,Mobile Theft,14.674643,75.133369,02-04-2023,low,closed
Hassan,Hassan City,Hassan PS,Cybercrime,12.996221,76.028541,03-12-2023,low,closed
Chikkamagaluru,Chikkamagaluru City,Traffic PS,Chain Snatching,13.186418,76.020224,24-01-2023,low,open
Belagavi,Belagavi City,Belagavi PS,Land Dispute,15.582315,74.656651,15-08-2023,medium,closed
Shivamogga,Shivamogga City,Doddapete PS,Burglary,13.646779,75.370707,30-06-2024,medium,investigating
Ramanagara,Kanakapura,Rural PS,Theft,12.9277,77.333286,08-11-2024,medium,open
Raichur,Raichur City,West PS,Robbery,16.060574,77.135058,10-09-2023,medium,closed
Hubballi-Dharwad,Dharwad,Traffic PS,Fraud,15.396192,75.213637,13-05-2023,low,investigating
Mandya,Maddur,Rural PS,Kidnapping,12.315816,77.096534,08-12-2024,low,open
Chikkamagaluru,Tarikere,Lakkavalli PS,Theft,13.429097,75.656365,05-04-2023,low,open
Shivamogga,Shivamogga City,Vinobanagar PS,Murder,13.672743,75.67807,02-10-2024,low,open
Haveri,Ranebennur,Ranebennur PS,Theft,14.910956,75.20137,16-12-2023,low,investigating
Davangere,Davangere City,Davangere PS,Theft,14.66083,75.89138,08-07-2023,high,investigating
Chamarajanagar,Gundlupet,Rural PS,Burglary,12.077377,76.771436,03-02-2023,low,investigating
Kolar,Kolar,Town PS,Assault,13.346173,77.840538,08-12-2023,low,closed
Chikkaballapura,Sidlaghatta,Town PS,Chain Snatching,13.563722,77.83107,17-01-2023,low,closed
Kodagu,Somwarpet,Rural PS,Vehicle Theft,12.496616,75.63647,25-07-2023,low,open
Yadgir,Shahapur,Shahapur PS,Domestic Violence,16.590175,76.963376,15-11-2024,medium,open
Bengaluru Rural,Doddaballapura,Town PS,Theft,12.961127,77.616022,26-09-2023,medium,open
Kalaburagi,Jewargi,Yadrami PS,Cybercrime,17.311504,76.998437,09-06-2024,medium,investigating
Ramanagara,Kanakapura,Rural PS,Kidnapping,12.988992,77.130653,18-06-2024,low,investigating
Dakshina Kannada,Sullia,Town PS,Assault,13.109356,75.546461,20-04-2024,medium,investigating
Hubballi-Dharwad,Hubballi,Keshwapur PS,Drug Offense,15.247015,74.892432,02-11-2024,high,closed
Dakshina Kannada,Sullia,Sullia PS,Kidnapping,13.036412,75.359976,25-11-2023,low,closed
Kodagu,Virajpet,Town PS,Burglary,12.601205,75.825484,01-12-2023,high,open
Shivamogga,Bhadravati,Bhadravati PS,Land Dispute,13.876601,75.302617,10-09-2024,low,open
Kalaburagi,Kalaburagi City,University PS,Domestic Violence,17.499689,76.832034,25-04-2024,high,open
Chikkamagaluru,Chikkamagaluru City,Traffic PS,Domestic Violence,13.4917,75.689232,01-02-2023,low,closed
Udupi,Kundapura,Gangolli PS,Mobile Theft,13.592237,74.704738,21-01-2023,high,investigating
Mandya,Srirangapatna,Srirangapatna PS,Theft,12.651939,77.187494,13-06-2023,low,closed
Hassan,Sakleshpur,Rural PS,Chain Snatching,12.775224,76.176375,11-06-2024,high,open
Udupi,Udupi,Udupi Town PS,Domestic Violence,13.104977,74.509992,20-12-2023,medium,closed
Raichur,Raichur City,Traffic PS,Theft,15.919898,77.428451,26-12-2023,low,open
Koppal,Koppal City,Town PS,Kidnapping,15.366542,76.123294,06-12-2023,medium,closed
Bengaluru Rural,Devanahalli,Devanahalli PS,Cybercrime,13.309942,77.406782,28-11-2024,high,open
Bengaluru Rural,Nelamangala,Nelamangala PS,Land Dispute,13.330015,77.499793,12-12-2023,low,investigating
Hubballi-Dharwad,Navanagar,Navanagar PS,Burglary,15.255039,75.42062,11-09-2023,low,closed
Shivamogga,Bhadravati,Paper Town PS,Kidnapping,13.951497,75.430219,13-03-2024,medium,investigating
Mysuru,Nanjangud,Traffic PS,Kidnapping,12.286329,76.856013,19-02-2023,low,investigating
Udupi,Kundapura,Byndoor PS,Murder,13.051638,74.977189,15-03-2024,low,open
Vijayapura,Sindagi,Rural PS,Cybercrime,16.985587,75.849811,04-10-2023,low,investigating
Vijayapura,Sindagi,Rural PS,Burglary,16.671154,75.744401,11-12-2023,low,closed
Ramanagara,Magadi,Magadi PS,Fraud,12.99699,77.491471,14-11-2024,low,closed
Kodagu,Somwarpet,Kushalnagar PS,Chain Snatching,12.548964,76.083077,13-12-2024,low,closed
Mandya,Maddur,Rural PS,Robbery,12.500956,76.831688,06-05-2023,high,investigating
Kalaburagi,Kalaburagi City,Station Bazaar PS,Drug Offense,17.23518,76.735222,23-09-2024,medium,closed
Hubballi-Dharwad,Hubballi,Old Hubballi PS,Burglary,15.42963,75.420636,28-04-2023,medium,closed
Uttara Kannada,Sirsi,Sirsi PS,Fraud,14.719771,74.487555,08-06-2023,medium,closed
Bengaluru Urban,Koramangala,Madiwala PS,Chain Snatching,12.790515,77.47104,18-04-2024,low,closed
Bengaluru Urban,Yelahanka,Attur PS,Mobile Theft,12.832626,77.590169,25-06-2024,medium,closed
Dakshina Kannada,Sullia,Sullia PS,Murder,12.867266,75.391662,31-05-2023,high,closed
Hassan,Hassan City,Extension PS,Burglary,12.903888,76.380115,15-11-2024,high,open
Chikkaballapura,Chikkaballapura,Town PS,Burglary,13.390788,77.944542,04-10-2023,low,closed
Tumakuru,Madhugiri,Rural PS,Robbery,13.080627,77.085154,14-01-2023,medium,investigating
Mangaluru,Mangaluru,Pandeshwar PS,Theft,13.108939,75.090874,01-10-2024,medium,closed
Udupi,Kundapura,Kundapura PS,Burglary,13.278673,74.626544,07-11-2023,medium,open
Vijayapura,Indi,Indi PS,Kidnapping,16.621404,75.897944,29-10-2024,low,closed
Chitradurga,Hosadurga,Rural PS,Burglary,13.935319,76.329682,16-01-2023,low,investigating
Dakshina Kannada,Sullia,Town PS,Theft,13.109529,75.135315,23-09-2024,medium,investigating
Ballari,Sandur,Toranagallu PS,Vehicle Theft,14.969051,77.103858,12-02-2023,low,open
Uttara Kannada,Karwar,Traffic PS,Murder,14.656568,74.534804,17-10-2023,medium,closed
Hassan,Hassan City,Traffic PS,Domestic Violence,12.758997,76.233567,05-11-2023,high,open
Raichur,Raichur City,Raichur PS,Land Dispute,15.994943,77.479805,29-01-2024,medium,investigating
Dakshina Kannada,Puttur,Traffic PS,Domestic Violence,12.783476,75.441136,19-06-2024,low,closed
Shivamogga,Bhadravati,Paper Town PS,Land Dispute,14.032261,75.567861,02-09-2023,low,open
Tumakuru,Tiptur,Rural PS,Land Dispute,13.113964,76.940657,10-12-2024,low,investigating
Kalaburagi,Jewargi,Yadrami PS,Theft,17.229114,76.534374,26-04-2024,medium,closed
Kolar,Malur,Malur PS,Murder,13.13313,77.981106,22-11-2024,low,investigating
Haveri,Haveri,Town PS,Robbery,14.555578,75.502964,06-03-2024,medium,closed
Kalaburagi,Kalaburagi City,University PS,Domestic Violence,17.352676,76.615991,26-11-2023,low,closed
Bidar,Bidar City,New Town PS,Chain Snatching,17.636414,77.466869,23-05-2024,low,open
Bidar,Bhalki,Bhalki PS,Mobile Theft,18.207233,77.524505,01-08-2023,low,investigating
Ramanagara,Kanakapura,Kanakapura PS,Mobile Theft,12.929179,77.438101,04-06-2024,low,open
Udupi,Kundapura,Byndoor PS,Cybercrime,13.251076,74.982472,13-11-2024,high,open
Mangaluru,Surathkal,Surathkal PS,Cybercrime,12.66029,74.815196,17-10-2024,high,investigating
Mysuru,Nanjangud,Traffic PS,Assault,12.01763,76.918086,10-05-2024,high,open
Gadag,Gadag,Gadag Town PS,Chain Snatching,15.67237,75.628855,15-05-2023,low,investigating
Davangere,Davangere City,Traffic PS,Fraud,14.652789,75.978615,18-05-2024,low,closed
Mangaluru,Mangaluru,Pandeshwar PS,Burglary,12.866476,74.573683,04-06-2023,high,open
Bengaluru Urban,Koramangala,HSR Layout PS,Murder,12.851519,77.77537,16-11-2023,medium,open
Uttara Kannada,Sirsi,Rural PS,Assault,14.572425,74.885276,21-08-2023,medium,closed
Hubballi-Dharwad,Hubballi,Old Hubballi PS,Murder,15.173112,75.374932,11-11-2024,low,open
Bengaluru Rural,Doddaballapura,Rural PS,Assault,13.20999,77.213403,16-11-2023,high,closed
Mandya,Maddur,Maddur PS,Assault,12.266909,76.851539,12-10-2024,low,closed
Mandya,Maddur,Maddur PS,Theft,12.604391,77.131309,17-12-2024,low,investigating
Shivamogga,Shivamogga City,Vinobanagar PS,Chain Snatching,13.721362,75.653799,02-12-2024,medium,open
Mangaluru,Surathkal,Surathkal PS,Robbery,12.704612,74.906045,04-02-2023,low,closed
Kolar,Kolar,Town PS,Murder,13.357362,78.183399,25-11-2023,medium,closed
Bengaluru Rural,Doddaballapura,Town PS,Domestic Violence,13.405433,77.35033,29-07-2024,medium,closed
Bidar,Bidar City,Traffic PS,Domestic Violence,17.960017,77.71793,16-08-2024,low,investigating
Chikkamagaluru,Tarikere,Tarikere PS,Fraud,13.528386,75.882783,23-06-2024,low,investigating
Davangere,Davangere City,KTJ Nagar PS,Domestic Violence,14.331644,76.0766,07-11-2023,low,investigating
Ballari,Sandur,Toranagallu PS,Murder,15.409596,76.812553,11-05-2024,low,closed
Gadag,Gadag,Traffic PS,Kidnapping,15.167946,75.382554,30-01-2024,high,closed
Kalaburagi,Jewargi,Yadrami PS,Burglary,17.625941,76.749116,19-12-2023,medium,open
Kalaburagi,Kalaburagi City,Brahmapur PS,Kidnapping,17.18706,76.822813,28-09-2023,high,investigating
Bengaluru Rural,Doddaballapura,Rural PS,Robbery,13.466863,77.5613,09-03-2024,low,closed
Uttara Kannada,Karwar,Karwar Town PS,Burglary,14.9879,74.861867,05-07-2024,medium,closed
Mandya,Mandya,Traffic PS,Mobile Theft,12.398466,76.674015,08-04-2023,low,open
Haveri,Haveri,Traffic PS,Fraud,14.913207,75.480462,01-05-2023,medium,open
Mandya,Maddur,Maddur PS,Robbery,12.306976,76.888909,12-01-2024,low,open
Chamarajanagar,Chamarajanagar,Town PS,Murder,12.107543,77.148353,04-06-2023,medium,closed
Kodagu,Madikeri,Madikeri PS,Kidnapping,12.106057,75.87679,09-11-2024,medium,closed
Chamarajanagar,Chamarajanagar,Chamarajanagar PS,Land Dispute,11.853989,76.68499,30-11-2023,low,investigating
Kodagu,Virajpet,Rural PS,Theft,12.543463,75.886182,02-12-2024,low,closed
Bengaluru Rural,Doddaballapura,Doddaballapura PS,Robbery,13.100839,77.482001,12-10-2023,low,open
Belagavi,Gokak,Rural PS,Domestic Violence,15.650308,74.517587,11-12-2024,low,investigating
Chikkaballapura,Bagepalli,Bagepalli PS,Domestic Violence,13.717657,77.652277,10-06-2024,low,closed
Mandya,Maddur,Town PS,Chain Snatching,12.529197,76.758729,14-08-2023,medium,investigating
Gadag,Ron,Rural PS,Theft,15.593091,75.473032,31-01-2023,high,investigating
Kodagu,Madikeri,Madikeri PS,Chain Snatching,12.328986,75.573901,21-04-2023,high,open
Bidar,Bhalki,Bhalki PS,Robbery,17.750604,77.713019,04-05-2024,high,open
Kalaburagi,Jewargi,Rural PS,Chain Snatching,17.46015,76.894578,21-09-2024,high,investigating
Bengaluru Urban,Koramangala,Madiwala PS,Mobile Theft,13.267458,77.853164,10-06-2024,low,closed
Tumakuru,Tiptur,Rural PS,Vehicle Theft,13.521253,77.248704,09-11-2024,medium,closed
Yadgir,Yadgir City,Yadgir PS,Assault,16.757426,77.360355,12-07-2024,low,open
Chamarajanagar,Chamarajanagar,Traffic PS,Vehicle Theft,11.883322,76.851695,01-10-2024,low,investigating
Dakshina Kannada,Sullia,Sullia PS,Theft,12.853192,75.398882,30-08-2023,medium,open
Raichur,Manvi,Town PS,Theft,15.965327,77.633344,20-10-2023,low,open
Chikkamagaluru,Tarikere,Rural PS,Drug Offense,13.092763,75.926326,27-05-2024,low,open
Ballari,Sandur,Toranagallu PS,Mobile Theft,15.136704,77.149969,01-09-2023,low,open
Shivamogga,Sagara,Anandapura PS,Fraud,13.964748,75.472405,12-07-2024,low,open
Haveri,Ranebennur,Ranebennur PS,Vehicle Theft,14.678003,75.171152,16-07-2023,medium,closed
Hubballi-Dharwad,Hubballi,Keshwapur PS,Kidnapping,15.123319,75.246296,14-07-2024,high,open
Ramanagara,Kanakapura,Town PS,Mobile Theft,12.690792,76.988107,10-12-2023,low,open
Udupi,Karkala,Karkala PS,Chain Snatching,13.224101,75.021772,10-08-2024,low,closed
Uttara Kannada,Karwar,Karwar Town PS,Chain Snatching,14.611975,74.909734,25-06-2023,low,closed
Belagavi,Gokak,Rural PS,Vehicle Theft,15.550663,74.662799,07-04-2024,low,closed
Haveri,Haveri,Town PS,Fraud,15.002036,75.354678,12-09-2023,high,open
Gadag,Ron,Rural PS,Chain Snatching,15.574747,75.77294,18-04-2024,low,closed
Tumakuru,Tiptur,Rural PS,Murder,13.268031,77.232786,17-07-2024,medium,investigating
Chitradurga,Hosadurga,Town PS,Chain Snatching,14.319462,76.472463,06-02-2024,medium,open
Hassan,Hassan City,Traffic PS,Fraud,13.113527,75.800497,24-02-2024,low,investigating
Chikkamagaluru,Chikkamagaluru City,Town PS,Burglary,13.2857,76.052964,10-10-2024,low,open
Davangere,Davangere City,Davangere PS,Assault,14.259375,75.692317,09-02-2023,high,open
Chitradurga,Chitradurga,Town PS,Mobile Theft,14.467996,76.245631,16-10-2024,low,investigating
Kalaburagi,Sedam,Rural PS,Cybercrime,17.591682,76.820629,18-09-2024,low,investigating
Gadag,Gadag,Betageri PS,Drug Offense,15.45512,75.641238,09-09-2023,medium,closed
Mangaluru,Mangaluru,Mangaluru North PS,Vehicle Theft,13.023022,75.048041,23-11-2024,medium,closed
Ballari,Hospet,Hospet Town PS,Theft,15.395177,77.005407,05-08-2023,medium,closed
Shivamogga,Shivamogga City,Vinobanagar PS,Land Dispute,13.796167,75.326433,29-01-2024,medium,closed
Ramanagara,Kanakapura,Town PS,Murder,12.988463,77.082959,06-08-2023,low,open
Raichur,Manvi,Town PS,Kidnapping,16.128961,77.246804,09-12-2024,medium,investigating
Davangere,Davangere City,KTJ Nagar PS,Theft,14.179021,76.166085,13-08-2024,medium,open
Davangere,Harihar,Town PS,Land Dispute,14.372854,75.688365,28-07-2024,low,open
Chitradurga,Hosadurga,Rural PS,Fraud,13.98589,76.427898,26-12-2024,low,investigating
Dakshina Kannada,Bantwal,Town PS,Burglary,12.712338,75.165805,23-10-2023,medium,investigating
Bengaluru Rural,Doddaballapura,Rural PS,Mobile Theft,12.978335,77.510737,10-04-2023,low,open
Kodagu,Virajpet,Town PS,Cybercrime,12.150936,76.014363,16-05-2024,medium,open
Chikkamagaluru,Chikkamagaluru City,Chikkamagaluru PS,Fraud,13.547564,75.686118,09-07-2024,low,closed
Belagavi,Belagavi City,Belagavi PS,Theft,15.682338,74.395093,24-06-2023,high,open
Kolar,Malur,Malur PS,Fraud,13.097777,78.252828,17-04-2024,medium,closed
Mangaluru,Surathkal,Mulki PS,Robbery,13.151088,74.590535,13-03-2024,low,open
Koppal,Gangavathi,Gangavathi PS,Robbery,15.549884,76.080214,23-04-2024,low,open
Vijayapura,Sindagi,Rural PS,Burglary,16.596245,75.87585,15-09-2024,medium,closed
Vijayapura,Indi,Rural PS,Cybercrime,16.81058,75.870994,03-11-2024,medium,investigating
Koppal,Koppal City,Koppal PS,Domestic Violence,15.63848,76.171317,14-12-2023,low,closed
Tumakuru,Madhugiri,Rural PS,Burglary,13.566349,77.132934,30-03-2023,high,closed
Kalaburagi,Jewargi,Yadrami PS,Kidnapping,17.44385,76.869629,21-08-2023,low,closed
Ballari,Sandur,Toranagallu PS,Assault,15.012076,77.177298,12-02-2024,low,open
Davangere,Harihar,Rural PS,Assault,14.704899,76.060205,31-05-2023,low,closed
Koppal,Kushtagi,Kushtagi PS,Theft,15.111648,76.183853,07-01-2024,medium,closed
Bidar,Bhalki,Bhalki PS,Fraud,18.173798,77.757634,01-11-2024,medium,closed
Mangaluru,Mangaluru,Mangaluru South PS,Cybercrime,12.730283,74.580672,18-11-2024,medium,investigating
Ramanagara,Magadi,Town PS,Chain Snatching,12.471996,77.279195,26-10-2023,high,closed
Mandya,Maddur,Rural PS,Vehicle Theft,12.786405,76.599755,10-01-2024,low,open
Hubballi-Dharwad,Dharwad,Dharwad Town PS,Mobile Theft,15.362529,75.420004,11-05-2024,high,open
Vijayapura,Sindagi,Rural PS,Cybercrime,16.880747,75.760955,14-02-2024,medium,investigating
Mandya,Maddur,Rural PS,Land Dispute,12.643438,77.077339,17-05-2023,medium,open
Mandya,Mandya,Traffic PS,Land Dispute,12.354998,76.84853,02-07-2023,low,open
Vijayapura,Sindagi,Town PS,Drug Offense,16.84445,75.758849,10-11-2024,low,open
Chamarajanagar,Chamarajanagar,Traffic PS,Vehicle Theft,12.196317,77.139167,16-06-2024,medium,open
Kolar,Kolar,Town PS,Theft,12.867974,78.416112,17-02-2024,low,closed
Ballari,Ballari City,Cowl Bazaar PS,Murder,14.916292,77.039034,14-06-2023,low,closed
Bengaluru Rural,Devanahalli,Airport PS,Chain Snatching,13.363266,77.162045,19-12-2023,high,open
Mysuru,Nanjangud,Rural PS,Vehicle Theft,12.542734,76.53853,07-10-2024,low,investigating
Koppal,Gangavathi,Rural PS,Theft,15.486213,76.015074,20-11-2023,low,investigating
Dakshina Kannada,Sullia,Town PS,Murder,13.076131,75.277071,09-09-2023,low,investigating
Vijayapura,Indi,Indi PS,Assault,16.785422,75.868794,30-04-2023,medium,open
Ramanagara,Ramanagara,Traffic PS,Drug Offense,12.571819,77.047434,07-10-2023,high,open
Udupi,Kundapura,Byndoor PS,Fraud,13.580016,74.702303,10-10-2024,medium,closed
Udupi,Karkala,Ajekar PS,Cybercrime,13.421073,74.606454,23-11-2023,medium,open
Mysuru,Mysuru City,Nazarbad PS,Burglary,12.497266,76.372206,06-03-2023,low,open
Chikkaballapura,Sidlaghatta,Sidlaghatta PS,Theft,13.466793,77.470043,02-12-2024,medium,open
Belagavi,Belagavi City,Belagavi PS,Drug Offense,15.916384,74.622971,20-01-2023,medium,open
Davangere,Honnali,Nyamathi PS,Land Dispute,14.474405,75.866168,19-11-2024,low,open
Chikkamagaluru,Chikkamagaluru City,Town PS,Fraud,13.241038,75.78914,13-07-2023,low,open
Mandya,Srirangapatna,Srirangapatna PS,Assault,12.761243,77.165926,31-03-2023,high,closed
Bengaluru Urban,Koramangala,Koramangala PS,Kidnapping,13.068752,77.475702,06-01-2023,low,closed
Bengaluru Rural,Doddaballapura,Rural PS,Vehicle Theft,12.900238,77.58689,13-07-2023,low,investigating
Ballari,Sandur,Toranagallu PS,Cybercrime,15.33524,76.782547,25-01-2023,low,investigating
Yadgir,Shahapur,Shahapur PS,Mobile Theft,16.945831,77.230757,17-09-2024,high,investigating
Mandya,Srirangapatna,Rural PS,Cybercrime,12.683904,77.007379,17-08-2024,low,investigating
Udupi,Udupi,Udupi Town PS,Land Dispute,13.546603,74.636571,24-12-2023,low,closed
Belagavi,Gokak,Traffic PS,Theft,15.712194,74.773952,07-04-2024,medium,closed
Chamarajanagar,Kollegal,Rural PS,Vehicle Theft,12.12262,77.023755,11-01-2023,high,open
Mangaluru,Surathkal,Panambur PS,Assault,12.754066,74.951931,23-10-2024,low,closed
Dakshina Kannada,Sullia,Sullia PS,Drug Offense,13.011299,74.979577,20-04-2023,medium,investigating
Bengaluru Rural,Devanahalli,Vijayapura PS,Drug Offense,13.041994,77.558915,17-10-2024,medium,investigating
Hubballi-Dharwad,Dharwad,Traffic PS,Chain Snatching,15.359923,75.283279,17-02-2024,medium,closed
Tumakuru,Madhugiri,Rural PS,Robbery,13.307702,76.935768,08-12-2023,medium,investigating
Mangaluru,Ullal,Ullal PS,Fraud,12.829969,74.974766,11-07-2024,medium,closed
Uttara Kannada,Bhatkal,Bhatkal PS,Land Dispute,15.061361,74.428086,20-07-2023,high,open
Shivamogga,Sagara,Anandapura PS,Chain Snatching,13.760108,75.32524,09-07-2023,medium,closed
Kalaburagi,Kalaburagi City,Brahmapur PS,Chain Snatching,17.612671,76.807567,31-03-2024,low,open
Ramanagara,Ramanagara,Traffic PS,Fraud,12.713319,77.081887,16-10-2024,low,closed
Kodagu,Virajpet,Virajpet PS,Land Dispute,12.061195,75.653008,06-10-2023,low,closed
Bengaluru Urban,Koramangala,HSR Layout PS,Murder,12.764548,77.628439,28-03-2023,low,closed
Dakshina Kannada,Puttur,Town PS,Kidnapping,12.641893,75.036913,23-10-2023,low,closed
Udupi,Udupi,Manipal PS,Land Dispute,13.210313,74.557444,07-06-2023,low,investigating
Bengaluru Rural,Nelamangala,Soladevanahalli PS,Robbery,13.371711,77.168628,30-03-2024,low,investigating
Chikkaballapura,Sidlaghatta,Rural PS,Robbery,13.405989,77.982279,11-03-2024,low,closed
Tumakuru,Madhugiri,Town PS,Domestic Violence,13.088201,76.978002,30-08-2024,high,closed
Belagavi,Belagavi City,Belagavi PS,Cybercrime,15.571665,74.47771,18-08-2023,medium,investigating
Mysuru,Nanjangud,Rural PS,Kidnapping,12.232709,76.483512,09-10-2023,low,closed
Mangaluru,Ullal,Ullal PS,Vehicle Theft,12.768465,75.052199,24-04-2023,low,closed
Davangere,Honnali,Honnali PS,Land Dispute,14.165904,76.112023,05-09-2023,medium,closed
Udupi,Karkala,Hebri PS,Kidnapping,13.590933,74.93501,23-12-2024,medium,investigating
Kalaburagi,Jewargi,Rural PS,Theft,17.16063,76.581265,16-11-2024,low,investigating
Mangaluru,Ullal,Kotekar PS,Burglary,12.627577,74.729644,15-05-2023,low,open
Chikkaballapura,Bagepalli,Town PS,Cybercrime,13.695882,77.651008,04-08-2023,medium,open
Haveri,Haveri,Haveri PS,Mobile Theft,14.743048,75.659425,23-07-2023,medium,open
Bengaluru Urban,Koramangala,HSR Layout PS,Mobile Theft,12.846677,77.8867,09-08-2024,high,closed
Belagavi,Gokak,Traffic PS,Kidnapping,15.775224,74.696261,07-05-2024,high,open
Mandya,Srirangapatna,Srirangapatna PS,Kidnapping,12.799754,76.803869,17-09-2023,high,closed
Chitradurga,Chitradurga,Chitradurga PS,Cybercrime,13.941972,76.353287,16-12-2024,medium,closed
Chitradurga,Chitradurga,Chitradurga PS,Land Dispute,14.163041,76.494246,30-01-2024,low,investigating
Kalaburagi,Jewargi,Rural PS,Chain Snatching,17.382564,76.588071,05-05-2023,medium,investigating
Mandya,Mandya,Town PS,Fraud,12.536457,77.174524,26-02-2024,low,investigating
Chikkamagaluru,Kadur,Town PS,Assault,13.523571,75.558996,23-09-2023,low,closed
Gadag,Ron,Rural PS,Chain Snatching,15.583332,75.394828,10-05-2024,low,closed
Hubballi-Dharwad,Hubballi,Old Hubballi PS,Domestic Violence,15.583528,75.34095,20-04-2023,low,closed
Chitradurga,Hosadurga,Hosadurga PS,Drug Offense,14.519367,76.344568,15-10-2023,low,investigating
Chikkaballapura,Chikkaballapura,Town PS,Assault,13.400087,77.978667,15-12-2024,low,investigating
Uttara Kannada,Karwar,Bazar PS,Assault,14.950432,74.743739,27-12-2023,medium,investigating
Hubballi-Dharwad,Hubballi,Keshwapur PS,Land Dispute,15.111639,75.396417,04-12-2023,high,open
Hassan,Sakleshpur,Sakleshpur PS,Robbery,13.293934,75.830892,10-10-2023,medium,open
Ramanagara,Kanakapura,Rural PS,Robbery,12.880812,77.006932,17-05-2023,low,open
Kolar,Kolar,Traffic PS,Assault,12.99108,77.933235,19-09-2023,medium,investigating
Bengaluru Urban,Yelahanka,Yelahanka New Town PS,Theft,12.774799,77.733811,12-12-2024,medium,investigating
Mandya,Maddur,Town PS,Vehicle Theft,12.341694,76.795754,10-10-2024,low,investigating
Kodagu,Madikeri,Traffic PS,Murder,12.374772,75.732577,18-11-2024,low,closed
Bengaluru Urban,Yelahanka,Attur PS,Cybercrime,13.142366,77.739575,05-11-2023,low,closed
Tumakuru,Tumakuru City,Tumakuru PS,Theft,13.452166,76.948122,04-05-2023,low,investigating
Belagavi,Gokak,Traffic PS,Robbery,15.99072,74.37995,11-11-2023,medium,open
Chamarajanagar,Kollegal,Rural PS,Murder,12.161416,76.795721,28-07-2023,high,open
Haveri,Haveri,Town PS,Robbery,14.555783,75.106122,23-02-2024,high,open
Bengaluru Urban,Whitefield,Kadugodi PS,Theft,12.675589,77.488577,08-06-2023,high,open
Chikkamagaluru,Kadur,Town PS,Domestic Violence,13.188977,75.761837,08-01-2024,high,investigating
Koppal,Gangavathi,Gangavathi PS,Mobile Theft,15.504126,76.061346,29-10-2023,low,open
Chikkamagaluru,Tarikere,Tarikere PS,Fraud,13.470316,75.520271,28-03-2023,low,investigating
Chikkamagaluru,Chikkamagaluru City,Chikkamagaluru PS,Robbery,13.175597,75.969852,05-04-2024,medium,investigating
Haveri,Savanur,Town PS,Domestic Violence,14.858157,75.245767,14-12-2023,medium,closed
Dakshina Kannada,Bantwal,Town PS,Drug Offense,12.687288,75.094219,26-06-2024,low,investigating
Hubballi-Dharwad,Navanagar,Rural PS,Burglary,15.382612,74.884549,04-12-2024,medium,closed
Bengaluru Urban,Koramangala,Madiwala PS,Vehicle Theft,13.133064,77.673251,22-01-2023,medium,open
Hubballi-Dharwad,Dharwad,Dharwad Town PS,Cybercrime,15.342606,74.871772,16-01-2023,high,closed
Chikkamagaluru,Tarikere,Rural PS,Assault,13.227786,75.818411,14-12-2024,medium,investigating
Bengaluru Rural,Devanahalli,Devanahalli PS,Drug Offense,13.239997,77.634242,02-06-2023,low,closed
Ramanagara,Kanakapura,Rural PS,Chain Snatching,12.93176,77.355318,20-08-2024,low,investigating
Ballari,Ballari City,Ballari PS,Drug Offense,14.995033,76.892468,05-10-2023,medium,investigating
Davangere,Harihar,Rural PS,Chain Snatching,14.628407,75.641511,03-01-2024,medium,investigating
Chitradurga,Hiriyur,Town PS,Murder,14.260127,76.431737,07-12-2024,medium,open
Ramanagara,Ramanagara,Town PS,Mobile Theft,12.555513,77.262768,03-07-2024,medium,open
Chamarajanagar,Chamarajanagar,Chamarajanagar PS,Domestic Violence,11.76235,76.666772,08-04-2024,low,open
Bengaluru Urban,Yelahanka,Yelahanka PS,Chain Snatching,12.687309,77.598281,30-11-2024,low,investigating
Raichur,Sindhanur,Town PS,Fraud,15.985044,77.082249,11-09-2023,medium,investigating
Gadag,Gadag,Traffic PS,Domestic Violence,15.173398,75.417751,22-10-2023,low,investigating
Uttara Kannada,Bhatkal,Bhatkal PS,Burglary,14.520315,74.935522,29-12-2023,low,open
Udupi,Kundapura,Kundapura PS,Kidnapping,13.432766,74.585811,18-02-2024,low,open
Hubballi-Dharwad,Dharwad,Traffic PS,Murder,15.421334,75.203374,03-09-2023,low,investigating
Haveri,Savanur,Town PS,Land Dispute,14.98843,75.338648,28-12-2024,low,investigating
Bengaluru Rural,Devanahalli,Vijayapura PS,Burglary,12.928524,77.628896,03-04-2023,high,open
Kodagu,Virajpet,Virajpet PS,Fraud,12.60886,75.676059,27-08-2023,high,closed
Kalaburagi,Kalaburagi City,University PS,Chain Snatching,17.237842,76.862462,17-11-2024,low,open
Tumakuru,Tumakuru City,New Extension PS,Burglary,13.440545,76.860042,29-07-2024,medium,closed
Chamarajanagar,Chamarajanagar,Chamarajanagar PS,Cybercrime,11.896525,76.791239,07-06-2023,medium,closed
Ramanagara,Ramanagara,Ramanagara PS,Drug Offense,12.978647,77.198856,18-05-2023,high,open
Bidar,Bhalki,Rural PS,Murder,18.051334,77.289459,16-09-2024,medium,open
Udupi,Udupi,Malpe PS,Murder,13.406873,74.702146,05-02-2024,high,closed
Raichur,Sindhanur,Sindhanur PS,Cybercrime,15.973114,77.389824,02-12-2024,low,closed
Hubballi-Dharwad,Navanagar,Rural PS,Assault,15.316309,74.984389,26-07-2023,low,open
Mangaluru,Mangaluru,Mangaluru North PS,Burglary,13.06469,74.827694,21-12-2023,low,closed
Vijayapura,Indi,Town PS,Fraud,16.839344,75.433575,05-12-2023,low,closed
Mangaluru,Surathkal,Panambur PS,Domestic Violence,12.820659,74.82257,14-12-2023,high,closed
Bidar,Bidar City,Traffic PS,Theft,17.962177,77.614826,10-11-2023,low,investigating
Dakshina Kannada,Puttur,Traffic PS,Domestic Violence,12.983314,75.036063,29-06-2024,medium,open
Ramanagara,Magadi,Magadi PS,Murder,12.884687,77.095152,15-10-2024,low,open
Bidar,Bhalki,Rural PS,Domestic Violence,18.047448,77.297574,03-10-2023,medium,open
Tumakuru,Madhugiri,Madhugiri PS,Mobile Theft,13.423088,77.070818,04-06-2023,low,closed
Ballari,Ballari City,Cowl Bazaar PS,Vehicle Theft,15.36327,76.945124,15-02-2024,medium,open
Ballari,Hospet,Hospet Town PS,Burglary,14.930426,77.194153,25-01-2024,high,open
Raichur,Manvi,Manvi PS,Cybercrime,16.244393,77.604343,19-01-2024,low,closed
Ramanagara,Magadi,Magadi PS,Chain Snatching,12.670492,77.146707,11-07-2023,low,open
Ramanagara,Ramanagara,Traffic PS,Vehicle Theft,12.421151,77.518606,20-09-2023,low,closed
Yadgir,Shahapur,Rural PS,Drug Offense,16.505581,76.892917,22-06-2023,medium,open
Belagavi,Gokak,Gokak Town PS,Drug Offense,15.58004,74.269055,09-03-2023,low,open
Raichur,Raichur City,Raichur PS,Land Dispute,16.038936,77.456832,15-06-2024,medium,open
Mandya,Mandya,Traffic PS,Drug Offense,12.331506,76.903019,18-08-2023,high,open
Chikkamagaluru,Chikkamagaluru City,Town PS,Vehicle Theft,13.070087,75.864237,11-03-2023,medium,open
Chitradurga,Hosadurga,Hosadurga PS,Domestic Violence,13.999638,76.553718,01-10-2023,low,open
Vijayapura,Vijayapura City,Adarsh Nagar PS,Murder,16.740189,75.605487,29-12-2024,medium,closed
Uttara Kannada,Bhatkal,Rural PS,Fraud,14.823894,74.934633,19-10-2023,medium,investigating
Chikkaballapura,Chikkaballapura,Traffic PS,Fraud,13.307838,77.44969,03-02-2024,medium,open
Chikkamagaluru,Kadur,Rural PS,Kidnapping,13.189866,75.706321,07-07-2023,medium,closed
Hubballi-Dharwad,Hubballi,Old Hubballi PS,Land Dispute,15.237933,75.116896,26-08-2023,low,investigating
Bidar,Bidar City,Bidar PS,Domestic Violence,17.612878,77.340167,30-03-2023,low,open
Mandya,Maddur,Rural PS,Theft,12.802487,76.933954,18-01-2023,medium,investigating
Gadag,Gadag,Gadag Town PS,Domestic Violence,15.415075,75.606786,31-12-2023,medium,investigating
Yadgir,Shahapur,Rural PS,Chain Snatching,16.523809,76.917667,08-05-2024,high,open
Davangere,Honnali,Nyamathi PS,Domestic Violence,14.602356,75.715336,30-04-2024,medium,open
Ballari,Hospet,Hospet Town PS,Kidnapping,15.140701,76.873911,09-12-2023,medium,investigating
Gadag,Gadag,Traffic PS,Chain Snatching,15.492385,75.745553,15-06-2023,medium,open
Ballari,Sandur,Sandur PS,Murder,15.123815,76.975668,26-11-2024,medium,closed
Belagavi,Belagavi City,Market PS,Kidnapping,15.703951,74.427976,03-12-2023,low,open
Shivamogga,Shivamogga City,Vinobanagar PS,Chain Snatching,13.882726,75.604236,14-10-2024,low,open
Gadag,Gadag,Betageri PS,Theft,15.514745,75.768019,26-06-2024,low,closed
Koppal,Koppal City,Town PS,Assault,15.130629,76.224226,06-08-2024,high,investigating
Kalaburagi,Jewargi,Jewargi PS,Kidnapping,17.512935,76.899243,13-11-2024,low,closed
Hubballi-Dharwad,Dharwad,Traffic PS,Cybercrime,15.354388,75.041048,11-04-2024,high,investigating
Kolar,Kolar,Kolar PS,Assault,13.343144,77.919869,24-06-2023,low,open
Tumakuru,Tiptur,Town PS,Kidnapping,13.287165,76.869398,17-03-2024,low,open
Uttara Kannada,Sirsi,Rural PS,Robbery,14.757807,74.689996,26-04-2024,high,investigating
Tumakuru,Tiptur,Tiptur PS,Fraud,13.550468,76.859736,21-10-2023,high,open
Kolar,Malur,Rural PS,Land Dispute,13.32105,78.049934,07-10-2023,low,investigating
Shivamogga,Bhadravati,Old Town PS,Vehicle Theft,14.015436,75.610513,24-07-2024,low,investigating
Kodagu,Virajpet,Rural PS,Drug Offense,12.510921,75.850303,01-09-2023,medium,open
Kalaburagi,Sedam,Town PS,Domestic Violence,17.089259,76.807417,01-05-2024,high,closed
Ramanagara,Ramanagara,Ramanagara PS,Fraud,12.484864,77.579985,15-09-2024,low,closed
Kodagu,Virajpet,Town PS,Burglary,12.531413,75.637059,11-10-2024,medium,investigating
Hubballi-Dharwad,Dharwad,Dharwad Town PS,Burglary,15.662535,74.855618,23-12-2023,low,investigating
Chikkamagaluru,Tarikere,Rural PS,Kidnapping,13.082124,75.759232,09-11-2023,low,open
Raichur,Raichur City,Traffic PS,Fraud,16.363551,77.199296,25-06-2024,high,closed
Bengaluru Urban,Yelahanka,Yelahanka PS,Murder,13.049051,77.735409,01-06-2024,low,investigating
Shivamogga,Shivamogga City,Doddapete PS,Chain Snatching,13.677921,75.36741,29-04-2024,medium,investigating
Kolar,Malur,Rural PS,Kidnapping,13.12208,78.003511,19-01-2023,low,open
Uttara Kannada,Bhatkal,Rural PS,Drug Offense,14.582479,74.635388,01-08-2023,medium,open
Udupi,Kundapura,Kundapura PS,Domestic Violence,13.239076,74.534761,14-11-2024,low,investigating
Bidar,Bhalki,Rural PS,Land Dispute,17.920513,77.775769,19-07-2023,low,open
Chikkaballapura,Bagepalli,Rural PS,Fraud,13.495896,77.55391,23-01-2024,medium,open
Dakshina Kannada,Puttur,Town PS,Burglary,12.583902,75.133475,14-10-2024,low,investigating
Bengaluru Urban,Whitefield,Kadugodi PS,Land Dispute,13.145891,77.692497,15-12-2023,medium,closed
Udupi,Karkala,Hebri PS,Robbery,13.280191,74.738905,18-11-2024,low,open
Koppal,Koppal City,Traffic PS,Land Dispute,15.098788,76.099721,01-06-2024,low,closed
Chikkaballapura,Chikkaballapura,Chikkaballapura PS,Robbery,13.364837,77.523219,14-10-2024,medium,open
Dakshina Kannada,Sullia,Rural PS,Murder,12.939699,75.006982,28-03-2024,low,open
Dakshina Kannada,Puttur,Town PS,Mobile Theft,12.578143,75.174508,30-05-2024,medium,closed
Shivamogga,Sagara,Sagara PS,Fraud,14.006748,75.441536,22-03-2023,low,closed
Vijayapura,Indi,Rural PS,Mobile Theft,16.737003,75.553711,28-08-2024,low,closed
Bengaluru Rural,Doddaballapura,Rural PS,Mobile Theft,12.977996,77.408155,17-04-2024,low,closed
Bengaluru Urban,Whitefield,Varthur PS,Theft,13.00171,77.465484,26-04-2024,low,investigating
Bengaluru Urban,Yelahanka,Attur PS,Domestic Violence,12.834709,77.406587,20-10-2024,medium,open
Bengaluru Urban,Whitefield,Kadugodi PS,Vehicle Theft,13.018541,77.358645,27-03-2023,low,open
Raichur,Raichur City,West PS,Chain Snatching,16.401379,77.05892,19-08-2023,medium,open
Vijayapura,Vijayapura City,Adarsh Nagar PS,Chain Snatching,17.003641,75.541857,16-04-2023,low,investigating
Kalaburagi,Sedam,Rural PS,Burglary,17.17401,76.875801,10-10-2024,medium,closed
Ramanagara,Ramanagara,Ramanagara PS,Robbery,12.427786,77.132737,09-03-2023,low,open
Bengaluru Rural,Devanahalli,Devanahalli PS,Assault,13.494327,77.589096,24-07-2024,low,investigating
Hassan,Hassan City,Extension PS,Burglary,12.807237,76.124964,22-12-2023,low,closed
Ramanagara,Kanakapura,Kanakapura PS,Theft,12.768381,77.122398,29-01-2024,low,closed
Koppal,Kushtagi,Town PS,Mobile Theft,15.40664,75.966849,27-09-2023,medium,open
Vijayapura,Vijayapura City,Traffic PS,Chain Snatching,16.746508,75.670308,25-02-2024,low,open
Davangere,Davangere City,Traffic PS,Murder,14.450919,75.940354,19-05-2024,low,open
Bengaluru Urban,Whitefield,Varthur PS,Land Dispute,12.860145,77.343624,24-08-2024,low,closed
Chitradurga,Hosadurga,Town PS,Chain Snatching,14.449458,76.652284,17-05-2023,low,open
Chamarajanagar,Chamarajanagar,Traffic PS,Land Dispute,11.678425,77.049986,10-04-2023,low,investigating
Haveri,Ranebennur,Town PS,Chain Snatching,14.991345,75.498751,12-12-2023,medium,open
Gadag,Mundargi,Mundargi PS,Domestic Violence,15.369142,75.36925,27-07-2023,medium,open
Belagavi,Chikodi,Chikodi PS,Theft,15.652074,74.433007,12-07-2023,high,open
Bidar,Bhalki,Bhalki PS,Vehicle Theft,17.622514,77.479921,14-01-2024,low,closed
Udupi,Karkala,Ajekar PS,Murder,13.28985,74.456998,24-09-2023,low,closed
Koppal,Gangavathi,Gangavathi PS,Vehicle Theft,15.347953,76.023956,31-01-2024,medium,open
Tumakuru,Tumakuru City,New Extension PS,Land Dispute,13.249872,76.823889,25-10-2024,low,open
Shivamogga,Bhadravati,Old Town PS,Burglary,14.013507,75.321878,12-12-2024,low,investigating
Chikkamagaluru,Chikkamagaluru City,Chikkamagaluru PS,Drug Offense,13.3165,75.92124,31-05-2023,low,open
Kodagu,Somwarpet,Rural PS,Fraud,12.196377,75.738925,20-05-2024,high,investigating
Dakshina Kannada,Sullia,Rural PS,Land Dispute,12.747584,75.150785,31-03-2024,low,closed
Tumakuru,Tiptur,Tiptur PS,Land Dispute,13.275496,76.990154,08-12-2024,low,open
Bengaluru Urban,Yelahanka,Attur PS,Land Dispute,12.688557,77.760743,08-07-2023,low,open
Ramanagara,Kanakapura,Kanakapura PS,Chain Snatching,12.623494,77.241871,31-05-2024,low,closed
Tumakuru,Tiptur,Tiptur PS,Assault,13.624208,76.948755,16-02-2023,medium,closed
Kalaburagi,Jewargi,Rural PS,Cybercrime,17.381765,76.6931,26-02-2024,medium,open
Udupi,Udupi,Manipal PS,Fraud,13.096186,74.729817,25-01-2024,low,open
Uttara Kannada,Karwar,Traffic PS,Chain Snatching,14.928032,74.506997,19-11-2024,medium,closed
Tumakuru,Tiptur,Tiptur PS,Chain Snatching,13.447108,76.821633,20-09-2023,high,closed
Raichur,Raichur City,West PS,Mobile Theft,16.443023,77.237259,30-08-2023,medium,investigating
Hassan,Arsikere,Town PS,Fraud,12.853308,76.038116,02-02-2024,low,open
Hubballi-Dharwad,Dharwad,Dharwad Town PS,Land Dispute,15.19462,74.88982,30-03-2023,low,closed
Ballari,Hospet,Traffic PS,Theft,15.155346,76.985539,09-06-2024,medium,closed
Hubballi-Dharwad,Hubballi,Old Hubballi PS,Drug Offense,15.424943,75.319377,27-12-2023,medium,open
Gadag,Mundargi,Rural PS,Domestic Violence,15.465491,75.691946,11-05-2024,low,investigating
Hubballi-Dharwad,Hubballi,Keshwapur PS,Mobile Theft,15.389944,75.244203,04-06-2024,low,open
Kolar,Bangarapet,Rural PS,Vehicle Theft,13.301061,77.99844,16-11-2024,low,investigating
Chitradurga,Hosadurga,Town PS,Theft,14.013689,76.438983,10-03-2023,medium,investigating
Gadag,Mundargi,Rural PS,Domestic Violence,15.580139,75.690467,16-12-2024,medium,closed
Chikkaballapura,Sidlaghatta,Town PS,Fraud,13.380824,77.959428,11-10-2023,medium,investigating
Raichur,Raichur City,Raichur PS,Kidnapping,16.020896,77.074683,09-10-2023,high,investigating
Dakshina Kannada,Bantwal,Rural PS,Drug Offense,12.70051,75.432809,17-04-2023,high,closed
Dakshina Kannada,Puttur,Puttur PS,Burglary,12.711951,75.09009,09-07-2024,low,investigating
Gadag,Ron,Town PS,Fraud,15.460941,75.419508,30-08-2023,low,closed
Ramanagara,Ramanagara,Traffic PS,Land Dispute,12.967572,77.189005,24-08-2024,low,investigating
Raichur,Sindhanur,Town PS,Fraud,16.502917,77.527437,13-03-2023,medium,investigating
Tumakuru,Madhugiri,Madhugiri PS,Theft,13.461641,77.164493,29-10-2023,low,investigating
Kalaburagi,Jewargi,Yadrami PS,Kidnapping,17.157701,77.014824,05-12-2024,low,investigating
Mangaluru,Ullal,Konaje PS,Vehicle Theft,13.085646,74.798671,03-02-2024,medium,investigating
Chikkaballapura,Sidlaghatta,Town PS,Murder,13.39074,77.575683,05-08-2023,low,closed
Mandya,Mandya,Mandya PS,Vehicle Theft,12.536942,76.734726,22-09-2024,medium,open
Yadgir,Gurmitkal,Gurmitkal PS,Drug Offense,16.620564,77.108631,14-05-2024,high,open
Belagavi,Belagavi City,Belagavi PS,Chain Snatching,15.675736,74.369252,15-01-2023,medium,open
Kalaburagi,Kalaburagi City,University PS,Vehicle Theft,17.348759,76.998474,06-03-2023,low,closed
Bengaluru Urban,Yelahanka,Yelahanka New Town PS,Burglary,13.062802,77.327642,07-11-2024,low,open
Raichur,Sindhanur,Rural PS,Land Dispute,16.241258,77.157694,12-05-2023,high,investigating
Kolar,Malur,Rural PS,Theft,13.356266,78.128108,20-03-2024,low,investigating
Bengaluru Rural,Nelamangala,Nelamangala PS,Vehicle Theft,13.321946,77.68888,03-01-2024,low,investigating
Davangere,Honnali,Nyamathi PS,Theft,14.320225,76.10567,25-07-2024,high,investigating
Gadag,Mundargi,Mundargi PS,Chain Snatching,15.213215,75.481879,13-08-2023,medium,closed
Hassan,Hassan City,Hassan PS,Kidnapping,12.869682,76.16348,19-10-2024,medium,closed
Uttara Kannada,Sirsi,Rural PS,Murder,14.573346,74.672166,08-01-2023,medium,open
Mandya,Maddur,Maddur PS,Theft,12.403284,77.142401,20-11-2024,low,investigating
Mangaluru,Ullal,Ullal PS,Land Dispute,12.962991,75.030309,03-11-2024,low,investigating
Chamarajanagar,Chamarajanagar,Town PS,Cybercrime,11.872258,76.755363,01-12-2024,low,open
Mangaluru,Ullal,Ullal PS,Domestic Violence,12.764297,74.793552,24-03-2024,low,closed
Gadag,Mundargi,Town PS,Murder,15.234477,75.333408,26-07-2024,high,investigating
Mysuru,Mysuru City,Lakshmipuram PS,Kidnapping,12.358629,76.369891,26-04-2024,high,open
Bengaluru Urban,Yelahanka,Yelahanka New Town PS,Assault,13.023379,77.561163,26-08-2024,low,closed
Kolar,Kolar,Town PS,Robbery,12.951678,78.178455,09-11-2024,low,closed
Kalaburagi,Sedam,Town PS,Kidnapping,17.201796,77.113716,17-08-2024,medium,open
Davangere,Harihar,Harihar PS,Fraud,14.279379,75.840311,20-04-2024,medium,open
Tumakuru,Tumakuru City,Traffic PS,Chain Snatching,13.14893,76.876391,30-04-2024,low,closed
Koppal,Koppal City,Traffic PS,Robbery,15.505195,75.977283,24-11-2023,low,investigating
Mandya,Srirangapatna,Rural PS,Robbery,12.475877,77.17122,22-05-2024,high,investigating
Raichur,Manvi,Manvi PS,Chain Snatching,16.373708,77.243192,16-03-2023,low,investigating
Mysuru,Nanjangud,Rural PS,Murder,12.224635,76.707203,05-09-2023,medium,closed
Kalaburagi,Kalaburagi City,Station Bazaar PS,Chain Snatching,17.270072,76.87599,13-11-2024,low,investigating
Bengaluru Urban,Yelahanka,Yelahanka PS,Theft,13.253534,77.691883,21-04-2024,low,closed
Vijayapura,Sindagi,Rural PS,Mobile Theft,16.913846,75.735036,17-01-2024,low,closed
Chikkaballapura,Bagepalli,Town PS,Chain Snatching,13.367505,77.602161,10-03-2023,medium,investigating
Chamarajanagar,Kollegal,Town PS,Land Dispute,11.902508,77.0498,27-09-2024,low,investigating
Kolar,Malur,Rural PS,Theft,13.078867,78.074189,13-11-2023,low,open
Raichur,Sindhanur,Rural PS,Assault,15.999307,77.117094,17-08-2024,medium,closed
Mandya,Mandya,Traffic PS,Kidnapping,12.707489,77.026369,26-09-2024,medium,closed
Chikkamagaluru,Kadur,Rural PS,Drug Offense,13.033452,75.749111,19-02-2023,medium,closed
Ramanagara,Ramanagara,Ramanagara PS,Land Dispute,12.697312,76.993759,27-06-2023,low,open
Belagavi,Belagavi City,Market PS,Cybercrime,15.811093,74.663743,23-09-2023,medium,investigating
Ballari,Sandur,Rural PS,Mobile Theft,15.244812,76.948843,11-11-2024,medium,closed
Yadgir,Shahapur,Town PS,Drug Offense,16.762629,77.134488,17-09-2023,low,closed
Ramanagara,Ramanagara,Ramanagara PS,Chain Snatching,12.926146,77.03341,03-08-2023,medium,investigating
Yadgir,Yadgir City,Yadgir PS,Assault,16.960451,77.08898,04-07-2024,medium,closed
Uttara Kannada,Bhatkal,Town PS,Drug Offense,14.526129,74.569632,03-08-2024,medium,closed
Kodagu,Madikeri,Traffic PS,Fraud,12.045725,75.564952,19-10-2024,high,closed
Mandya,Mandya,Traffic PS,Theft,12.234772,77.145573,04-12-2024,low,closed
Kodagu,Virajpet,Town PS,Drug Offense,12.487804,76.089959,06-02-2023,medium,investigating
Koppal,Koppal City,Koppal PS,Theft,15.428741,76.170164,13-03-2024,high,closed
Uttara Kannada,Karwar,Bazar PS,Mobile Theft,14.792954,74.584094,15-02-2023,low,open
Belagavi,Chikodi,Rural PS,Kidnapping,15.644119,74.428772,06-07-2024,low,investigating
Hubballi-Dharwad,Dharwad,Traffic PS,Assault,15.411601,74.985198,18-12-2023,medium,investigating
Davangere,Honnali,Nyamathi PS,Chain Snatching,14.756386,75.777163,23-05-2023,low,closed
Bengaluru Rural,Devanahalli,Airport PS,Robbery,13.124056,77.364612,29-01-2024,low,open
Ballari,Hospet,Rural PS,Land Dispute,15.203055,76.970249,28-03-2024,medium,closed
Raichur,Manvi,Manvi PS,Burglary,15.987733,77.438507,13-09-2024,medium,closed
Tumakuru,Madhugiri,Madhugiri PS,Mobile Theft,13.330182,76.938044,06-12-2023,low,open
Chamarajanagar,Gundlupet,Town PS,Cybercrime,11.793845,76.739218,09-12-2024,medium,open
Uttara Kannada,Karwar,Traffic PS,Murder,14.591251,74.553641,26-03-2024,low,closed
Haveri,Haveri,Haveri PS,Domestic Violence,14.884432,75.134768,02-09-2024,low,open
Shivamogga,Shivamogga City,Traffic PS,Robbery,14.012076,75.386792,24-11-2023,medium,investigating
Vijayapura,Indi,Rural PS,Domestic Violence,17.102273,75.432008,12-09-2023,medium,open
Chikkaballapura,Bagepalli,Town PS,Fraud,13.260592,77.907517,15-08-2024,medium,open
Chikkamagaluru,Kadur,Town PS,Drug Offense,13.602213,76.05431,13-11-2024,low,investigating
Koppal,Gangavathi,Town PS,Theft,15.175627,76.140138,22-11-2024,low,closed
Bidar,Bhalki,Bhalki PS,Kidnapping,18.0316,77.423091,02-12-2023,low,investigating
Chikkaballapura,Sidlaghatta,Town PS,Chain Snatching,13.41485,77.560169,26-03-2024,medium,investigating
Chikkaballapura,Bagepalli,Town PS,Cybercrime,13.623568,77.660355,02-11-2024,medium,closed
Ramanagara,Magadi,Magadi PS,Theft,12.739378,77.389365,21-10-2024,medium,investigating
Chitradurga,Hiriyur,Hiriyur PS,Land Dispute,14.241568,76.131407,19-11-2023,medium,closed
Hubballi-Dharwad,Navanagar,Navanagar PS,Domestic Violence,15.309131,74.908791,08-12-2023,low,investigating
Yadgir,Gurmitkal,Rural PS,Mobile Theft,17.045559,77.039567,12-11-2023,low,closed
Kalaburagi,Jewargi,Rural PS,Kidnapping,17.214216,76.786336,20-01-2023,low,closed
Vijayapura,Vijayapura City,Gandhi Chowk PS,Domestic Violence,16.810447,75.736337,24-03-2024,low,open
Chitradurga,Hiriyur,Town PS,Chain Snatching,14.428285,76.688445,01-10-2023,low,closed
Ramanagara,Ramanagara,Traffic PS,Robbery,12.585693,77.347998,11-12-2023,low,open
Chamarajanagar,Chamarajanagar,Chamarajanagar PS,Fraud,11.975507,76.78418,15-11-2024,low,closed
Gadag,Mundargi,Mundargi PS,Theft,15.701932,75.379711,17-05-2023,medium,closed
Koppal,Gangavathi,Rural PS,Drug Offense,15.116427,76.429923,01-10-2023,medium,open
Hubballi-Dharwad,Navanagar,Town PS,Drug Offense,15.339454,74.939906,08-02-2024,low,investigating
Bengaluru Rural,Doddaballapura,Rural PS,Vehicle Theft,13.4947,77.682267,03-05-2024,low,closed
Chitradurga,Chitradurga,Chitradurga PS,Theft,14.08094,76.158258,21-06-2023,medium,closed
Ballari,Ballari City,Ballari PS,Kidnapping,14.993905,77.164809,03-03-2024,medium,closed
Udupi,Udupi,Malpe PS,Drug Offense,13.048143,74.88924,23-03-2024,low,open
Mysuru,Nanjangud,Rural PS,Burglary,12.198635,76.729415,03-02-2024,low,investigating
Mysuru,Mysuru City,Lakshmipuram PS,Land Dispute,12.485876,76.349552,02-09-2024,medium,closed
Dakshina Kannada,Sullia,Rural PS,Mobile Theft,12.849916,75.244228,25-05-2024,medium,investigating
Bengaluru Urban,Koramangala,HSR Layout PS,Drug Offense,13.130057,77.763243,05-08-2024,low,open
Hubballi-Dharwad,Hubballi,Keshwapur PS,Murder,15.148165,75.026071,26-01-2023,medium,open
Mysuru,Mysuru City,Devaraja PS,Vehicle Theft,12.214781,76.891224,21-10-2024,medium,closed
Bengaluru Rural,Nelamangala,Soladevanahalli PS,Chain Snatching,13.338305,77.35989,30-08-2023,low,investigating
Hassan,Sakleshpur,Sakleshpur PS,Drug Offense,13.094532,75.89539,10-03-2023,medium,open
Chamarajanagar,Gundlupet,Gundlupet PS,Vehicle Theft,11.732396,76.687218,12-12-2023,low,open
Shivamogga,Bhadravati,Old Town PS,Assault,14.088713,75.720759,26-11-2023,high,investigating
Hubballi-Dharwad,Hubballi,Keshwapur PS,Chain Snatching,15.334735,74.977183,19-01-2023,medium,investigating
Hassan,Arsikere,Town PS,Chain Snatching,13.280972,76.356192,30-09-2024,low,investigating
Kolar,Bangarapet,Rural PS,Theft,12.911974,78.190216,14-11-2023,low,open
Mandya,Maddur,Rural PS,Theft,12.273988,76.636001,19-04-2024,medium,closed
Shivamogga,Shivamogga City,Traffic PS,Domestic Violence,13.754421,75.548715,21-01-2024,medium,investigating
Vijayapura,Vijayapura City,Traffic PS,Assault,16.788161,75.466328,13-06-2024,low,closed
Gadag,Gadag,Traffic PS,Fraud,15.176155,75.491621,27-06-2023,low,closed
Bengaluru Urban,Whitefield,Kadugodi PS,Domestic Violence,12.838962,77.436024,13-09-2023,low,investigating
Chitradurga,Chitradurga,Traffic PS,Cybercrime,14.498323,76.537428,27-12-2024,low,open
Chikkaballapura,Sidlaghatta,Sidlaghatta PS,Land Dispute,13.516869,77.721981,23-03-2023,low,investigating
Dakshina Kannada,Bantwal,Town PS,Assault,13.13091,75.393634,11-11-2023,low,open
Hubballi-Dharwad,Dharwad,Sub Urban PS,Theft,15.489337,75.166088,23-01-2023,low,closed
Bengaluru Urban,Whitefield,Varthur PS,Domestic Violence,13.074123,77.830521,21-11-2024,medium,investigating
Ramanagara,Ramanagara,Town PS,Cybercrime,12.579631,77.416976,15-08-2023,medium,closed
Yadgir,Gurmitkal,Gurmitkal PS,Fraud,16.543764,76.841164,21-02-2024,low,investigating
Bengaluru Rural,Doddaballapura,Town PS,Mobile Theft,12.900448,77.694593,15-02-2024,medium,closed
Koppal,Koppal City,Traffic PS,Cybercrime,15.470402,75.873711,14-08-2024,medium,open
Belagavi,Chikodi,Nippani PS,Chain Snatching,15.882763,74.549737,04-04-2024,low,open
Raichur,Manvi,Town PS,Murder,16.316017,77.069837,08-08-2023,low,investigating
Haveri,Ranebennur,Town PS,Vehicle Theft,14.558653,75.150898,01-06-2024,low,closed
Koppal,Gangavathi,Town PS,Land Dispute,15.062602,76.421925,21-04-2023,medium,closed
Bengaluru Urban,Koramangala,Madiwala PS,Mobile Theft,13.165013,77.39453,09-06-2023,low,investigating
Hubballi-Dharwad,Dharwad,Dharwad Town PS,Assault,15.285959,75.170421,22-12-2023,high,open
Raichur,Raichur City,Raichur PS,Vehicle Theft,16.282369,77.203848,14-10-2023,low,investigating
Tumakuru,Tumakuru City,Tumakuru PS,Cybercrime,13.215322,77.11566,04-04-2024,medium,open
Mandya,Mandya,Town PS,Cybercrime,12.387228,76.752289,27-02-2024,low,closed
Chikkamagaluru,Tarikere,Rural PS,Robbery,13.406055,75.795404,04-03-2024,high,investigating
Bidar,Basavakalyan,Basavakalyan PS,Assault,17.987516,77.691805,22-03-2023,low,investigating
Shivamogga,Bhadravati,Bhadravati PS,Chain Snatching,13.792469,75.484605,14-04-2023,high,open
Chitradurga,Chitradurga,Town PS,Murder,14.359063,76.290468,10-07-2024,low,investigating
Bidar,Basavakalyan,Town PS,Drug Offense,17.858661,77.648918,17-08-2023,high,investigating
Gadag,Ron,Ron PS,Fraud,15.116729,75.359673,22-08-2024,medium,investigating
Mangaluru,Surathkal,Mulki PS,Drug Offense,12.81159,74.71593,07-12-2024,low,closed
Ballari,Hospet,Rural PS,Kidnapping,15.209262,77.153751,21-03-2023,medium,open
Raichur,Manvi,Manvi PS,Cybercrime,16.090173,77.378809,09-04-2023,medium,closed
Koppal,Gangavathi,Town PS,Fraud,15.121098,75.994115,06-03-2024,high,investigating
Ramanagara,Magadi,Rural PS,Mobile Theft,12.572912,77.303159,24-12-2023,medium,investigating
Mangaluru,Surathkal,Panambur PS,Murder,12.628409,75.118399,22-06-2024,medium,investigating
Bengaluru Urban,Yelahanka,Attur PS,Fraud,13.008782,77.568279,12-04-2023,high,closed
Mysuru,Hunsur,Rural PS,Chain Snatching,12.129921,76.58941,07-10-2024,medium,closed
Tumakuru,Madhugiri,Town PS,Robbery,13.364217,76.926165,17-11-2024,medium,investigating
Hubballi-Dharwad,Navanagar,Rural PS,Kidnapping,15.249978,75.143706,01-01-2024,high,investigating
Bidar,Bidar City,Traffic PS,Mobile Theft,17.713344,77.438316,06-06-2023,low,investigating
Dakshina Kannada,Bantwal,Town PS,Chain Snatching,12.652224,75.043414,18-09-2024,low,closed
Hassan,Sakleshpur,Sakleshpur PS,Fraud,13.27929,76.20296,26-04-2024,low,open
Bengaluru Urban,Yelahanka,Attur PS,Murder,12.723785,77.741298,19-02-2024,high,investigating
Bengaluru Urban,Yelahanka,Yelahanka PS,Robbery,13.027866,77.788752,17-05-2024,low,investigating
Raichur,Sindhanur,Rural PS,Mobile Theft,16.25504,77.277631,24-12-2023,medium,investigating
Vijayapura,Sindagi,Town PS,Vehicle Theft,16.851816,75.442229,27-09-2023,high,closed
Ballari,Sandur,Rural PS,Land Dispute,15.170646,76.722505,05-05-2024,medium,investigating
Chitradurga,Chitradurga,Chitradurga PS,Chain Snatching,14.414972,76.099969,11-12-2024,high,investigating
Belagavi,Belagavi City,Market PS,Fraud,15.678928,74.490233,31-03-2024,low,investigating
Ballari,Hospet,Traffic PS,Domestic Violence,14.928873,77.130157,25-12-2023,medium,closed
Chikkaballapura,Bagepalli,Rural PS,Vehicle Theft,13.468193,77.816344,02-09-2023,low,open
Kolar,Kolar,Traffic PS,Land Dispute,12.939342,78.310206,13-01-2023,low,closed
Kalaburagi,Kalaburagi City,Brahmapur PS,Murder,17.282325,76.728898,12-06-2024,low,open
Yadgir,Gurmitkal,Gurmitkal PS,Land Dispute,16.649725,77.147865,01-09-2024,low,open
Raichur,Raichur City,Traffic PS,Theft,16.479022,77.173343,14-11-2023,high,closed
Mysuru,Mysuru City,Devaraja PS,Robbery,12.463117,76.674126,28-02-2023,high,investigating
Yadgir,Yadgir City,Yadgir PS,Vehicle Theft,16.81872,77.090916,28-10-2024,medium,investigating
Bengaluru Urban,Koramangala,Madiwala PS,Kidnapping,12.75116,77.430962,23-10-2024,medium,closed
Vijayapura,Indi,Rural PS,Murder,16.852474,75.561017,03-02-2024,low,open
Ballari,Ballari City,Cowl Bazaar PS,Murder,15.368905,77.141886,25-09-2023,high,open
Mangaluru,Ullal,Konaje PS,Cybercrime,13.117352,75.139182,05-11-2024,high,closed
Haveri,Haveri,Traffic PS,Fraud,14.648998,75.184756,29-09-2023,low,investigating
Hassan,Hassan City,Extension PS,Theft,13.05307,75.82694,19-10-2023,low,open
Davangere,Harihar,Harihar PS,Mobile Theft,14.693983,76.154988,27-01-2024,medium,open
Dakshina Kannada,Bantwal,Rural PS,Robbery,13.028167,75.12012,05-06-2023,medium,open
Bengaluru Rural,Devanahalli,Airport PS,Fraud,13.382703,77.331241,20-02-2023,low,open
Mangaluru,Ullal,Kotekar PS,Land Dispute,12.78363,74.890363,27-03-2024,high,closed
Haveri,Haveri,Town PS,Murder,14.629899,75.239357,15-03-2023,low,closed
Bengaluru Urban,Koramangala,Madiwala PS,Drug Offense,13.084613,77.633211,17-04-2024,low,open
Ramanagara,Magadi,Rural PS,Fraud,12.786601,77.204916,11-12-2024,low,closed
Davangere,Honnali,Rural PS,Robbery,14.442958,75.860095,30-11-2023,low,closed
Ballari,Ballari City,Ballari PS,Cybercrime,15.172109,76.695361,19-09-2024,low,open
Udupi,Udupi,Udupi Town PS,Cybercrime,13.443391,74.815828,23-10-2023,low,investigating
Gadag,Mundargi,Mundargi PS,Robbery,15.501652,75.636165,29-12-2023,low,closed
Kolar,Bangarapet,Rural PS,Robbery,13.298329,78.048632,26-04-2024,high,open
Koppal,Gangavathi,Rural PS,Land Dispute,15.558263,76.23462,10-05-2024,medium,closed
Chikkaballapura,Sidlaghatta,Rural PS,Cybercrime,13.346447,77.43891,05-02-2023,low,open
Chikkamagaluru,Tarikere,Rural PS,Domestic Violence,13.027335,75.76664,04-10-2023,low,open
Shivamogga,Sagara,Rural PS,Kidnapping,13.857742,75.379969,16-03-2023,low,investigating
Chitradurga,Chitradurga,Town PS,Theft,13.946642,76.624791,08-08-2024,medium,investigating
Kolar,Malur,Rural PS,Vehicle Theft,13.234127,77.878198,22-02-2024,low,open
Kodagu,Madikeri,Rural PS,Cybercrime,12.094483,75.603422,06-03-2023,high,investigating
Shivamogga,Shivamogga City,Doddapete PS,Drug Offense,13.782132,75.805874,28-09-2024,medium,investigating
Uttara Kannada,Karwar,Bazar PS,Cybercrime,14.985594,74.613759,17-11-2023,high,closed
Mandya,Maddur,Maddur PS,Murder,12.490012,77.115537,25-02-2023,medium,open
Raichur,Sindhanur,Town PS,Theft,15.999706,77.642276,15-12-2023,low,investigating
Chikkamagaluru,Tarikere,Rural PS,Burglary,13.605546,75.78802,04-12-2024,low,open
Belagavi,Chikodi,Chikodi PS,Vehicle Theft,15.90118,74.58399,13-09-2024,low,open
Kodagu,Virajpet,Town PS,Domestic Violence,12.364071,75.767696,03-11-2024,low,investigating
Haveri,Savanur,Savanur PS,Drug Offense,14.734433,75.538499,02-05-2023,medium,investigating
Bengaluru Urban,Yelahanka,Yelahanka New Town PS,Kidnapping,12.680638,77.409721,07-05-2023,medium,open
Bengaluru Urban,Yelahanka,Yelahanka PS,Chain Snatching,12.712988,77.503313,14-07-2023,low,investigating
Bengaluru Urban,Yelahanka,Attur PS,Assault,12.97513,77.334196,15-10-2023,low,closed
Hubballi-Dharwad,Navanagar,Rural PS,Theft,15.554404,74.849425,13-12-2023,medium,open
Chikkamagaluru,Tarikere,Tarikere PS,Theft,13.134176,75.717636,21-05-2024,low,open
Haveri,Ranebennur,Ranebennur PS,Assault,14.880918,75.129527,19-03-2023,medium,investigating
Davangere,Davangere City,KTJ Nagar PS,Domestic Violence,14.16746,76.123355,22-04-2023,medium,closed
Udupi,Kundapura,Kundapura PS,Kidnapping,13.39587,74.447361,11-12-2023,low,closed
Hassan,Arsikere,Rural PS,Kidnapping,13.263406,76.328712,23-01-2024,medium,closed
Kodagu,Virajpet,Virajpet PS,Vehicle Theft,12.465304,76.066768,06-07-2024,low,investigating
Vijayapura,Indi,Rural PS,Kidnapping,16.993752,75.564815,13-08-2023,high,investigating
Hassan,Sakleshpur,Sakleshpur PS,Burglary,12.733324,76.367298,27-10-2023,medium,closed
Belagavi,Chikodi,Rural PS,Mobile Theft,15.844346,74.553507,07-07-2024,high,investigating
Mangaluru,Surathkal,Mulki PS,Drug Offense,13.194347,75.111422,05-05-2024,medium,closed
Mysuru,Mysuru City,Lakshmipuram PS,Land Dispute,12.131567,76.351911,26-12-2023,medium,investigating
Hassan,Sakleshpur,Sakleshpur PS,Chain Snatching,12.795877,75.828737,27-08-2024,low,investigating
Dakshina Kannada,Puttur,Puttur PS,Fraud,12.956286,75.396178,07-01-2024,low,investigating
Chikkaballapura,Chikkaballapura,Chikkaballapura PS,Assault,13.456742,77.869498,02-05-2023,low,closed
Koppal,Kushtagi,Rural PS,Chain Snatching,15.285402,76.215997,07-09-2023,low,investigating
Bengaluru Rural,Doddaballapura,Rural PS,Domestic Violence,13.127767,77.403198,31-10-2023,medium,investigating
Bengaluru Urban,Yelahanka,Yelahanka New Town PS,Burglary,12.896019,77.612428,20-11-2023,low,investigating
Chitradurga,Hosadurga,Rural PS,Domestic Violence,14.497823,76.459134,04-02-2024,low,closed
Koppal,Kushtagi,Kushtagi PS,Theft,15.358043,75.855335,19-11-2024,low,open
Haveri,Haveri,Traffic PS,Drug Offense,14.76244,75.369688,18-02-2024,low,investigating
Raichur,Sindhanur,Sindhanur PS,Chain Snatching,16.161779,77.510507,11-06-2024,medium,investigating
Kalaburagi,Kalaburagi City,Brahmapur PS,Robbery,17.46268,76.558136,07-05-2024,medium,open
Chikkamagaluru,Kadur,Rural PS,Domestic Violence,13.152648,75.744908,01-09-2024,low,open
Hubballi-Dharwad,Hubballi,Old Hubballi PS,Chain Snatching,15.481048,74.999701,23-04-2023,high,closed
Kalaburagi,Kalaburagi City,Brahmapur PS,Domestic Violence,17.578923,76.557716,01-03-2023,medium,closed
Hassan,Arsikere,Rural PS,Drug Offense,12.871046,76.016553,16-02-2023,low,investigating
Chitradurga,Chitradurga,Traffic PS,Mobile Theft,14.253936,76.644539,21-08-2023,low,closed
Tumakuru,Tumakuru City,Tumakuru PS,Cybercrime,13.478136,77.011887,01-12-2023,low,open
Chitradurga,Chitradurga,Town PS,Assault,14.309969,76.29093,26-08-2023,low,closed
Mandya,Srirangapatna,Srirangapatna PS,Mobile Theft,12.588881,76.814702,18-03-2023,high,investigating
Udupi,Udupi,Udupi Town PS,Land Dispute,13.396292,74.469456,01-07-2024,low,closed
Gadag,Ron,Ron PS,Kidnapping,15.493045,75.578906,15-08-2023,low,open
Uttara Kannada,Bhatkal,Town PS,Vehicle Theft,15.003688,74.894384,30-07-2023,low,closed
Hubballi-Dharwad,Navanagar,Town PS,Robbery,15.14694,75.1925,23-11-2023,low,closed
Ramanagara,Kanakapura,Town PS,Kidnapping,13.015164,77.568114,18-03-2023,low,investigating
Belagavi,Belagavi City,Tilakwadi PS,Chain Snatching,15.867551,74.675814,07-12-2024,low,closed
Ramanagara,Magadi,Magadi PS,Kidnapping,12.858414,77.258693,21-07-2023,high,open
Kalaburagi,Sedam,Rural PS,Chain Snatching,17.141486,76.989047,16-02-2024,low,open
Mysuru,Nanjangud,Traffic PS,Fraud,12.427619,76.793545,20-07-2024,high,closed
Mandya,Maddur,Town PS,Assault,12.557854,76.616508,16-08-2023,medium,investigating
Bidar,Bhalki,Town PS,Fraud,17.929216,77.713846,03-09-2024,low,open
Kalaburagi,Kalaburagi City,Brahmapur PS,Kidnapping,17.126561,76.739949,11-01-2024,high,open
Bidar,Bidar City,Bidar PS,Robbery,18.073037,77.583559,04-11-2024,low,closed
Yadgir,Shahapur,Shahapur PS,Chain Snatching,16.69043,76.949208,20-07-2023,low,open
Kodagu,Virajpet,Virajpet PS,Theft,12.222693,75.807838,25-07-2024,low,open
Mysuru,Hunsur,Hunsur PS,Domestic Violence,12.022368,76.859701,27-09-2023,low,closed
Chikkaballapura,Chikkaballapura,Chikkaballapura PS,Mobile Theft,13.462599,77.673732,05-08-2024,low,closed
Chamarajanagar,Gundlupet,Gundlupet PS,Robbery,11.994154,77.176687,02-12-2023,low,investigating
Ballari,Sandur,Rural PS,Theft,15.0929,76.674695,05-02-2024,medium,closed
Raichur,Manvi,Town PS,Cybercrime,16.238676,77.107917,04-11-2023,low,closed
Mysuru,Nanjangud,Traffic PS,Domestic Violence,12.575297,76.605356,02-03-2023,low,open
Mangaluru,Mangaluru,Pandeshwar PS,Theft,12.679998,75.145231,08-11-2024,medium,investigating
Belagavi,Gokak,Gokak Town PS,Kidnapping,15.874677,74.293034,09-07-2023,low,closed
Ballari,Sandur,Toranagallu PS,Drug Offense,14.948044,76.835381,10-03-2023,high,closed
Haveri,Savanur,Savanur PS,Theft,15.010446,75.139361,16-06-2023,low,closed
Chitradurga,Hiriyur,Hiriyur PS,Cybercrime,13.937884,76.16844,22-09-2023,high,investigating
Mangaluru,Surathkal,Panambur PS,Chain Snatching,13.11462,74.604494,24-01-2023,medium,open
Mysuru,Mysuru City,Lakshmipuram PS,Robbery,12.159439,76.403325,02-06-2024,medium,open
Hubballi-Dharwad,Hubballi,Old Hubballi PS,Cybercrime,15.119331,75.342487,23-04-2023,medium,closed
Koppal,Koppal City,Koppal PS,Fraud,15.292672,76.141131,05-03-2024,low,open
Chamarajanagar,Kollegal,Kollegal PS,Land Dispute,12.181334,76.808457,06-08-2023,low,investigating
Bengaluru Urban,Koramangala,Koramangala PS,Robbery,13.058246,77.676566,23-11-2023,high,closed
Gadag,Gadag,Gadag Town PS,Mobile Theft,15.396935,75.421442,04-08-2024,low,open
Kalaburagi,Kalaburagi City,Brahmapur PS,Assault,17.202403,76.569684,22-11-2024,medium,investigating
Raichur,Manvi,Rural PS,Drug Offense,16.085033,77.402739,15-06-2023,medium,investigating
Hassan,Sakleshpur,Rural PS,Chain Snatching,13.119777,76.311828,04-10-2023,medium,open
Ballari,Hospet,Hospet Town PS,Chain Snatching,14.86875,76.857221,30-09-2024,medium,closed
Koppal,Koppal City,Traffic PS,Robbery,15.585769,76.379169,20-09-2024,medium,open
Bengaluru Urban,Koramangala,HSR Layout PS,Domestic Violence,12.998762,77.320887,19-04-2024,medium,closed
Haveri,Ranebennur,Rural PS,Fraud,15.006846,75.421515,11-07-2024,low,open
Raichur,Sindhanur,Rural PS,Fraud,15.957667,77.314795,15-09-2023,low,open
Chitradurga,Hosadurga,Town PS,Kidnapping,14.405857,76.508856,29-05-2024,medium,closed
Bidar,Bidar City,New Town PS,Theft,17.852533,77.3842,15-07-2024,medium,closed
Chikkaballapura,Bagepalli,Town PS,Assault,13.264959,77.481133,05-07-2024,low,open
Bengaluru Rural,Devanahalli,Vijayapura PS,Theft,13.07864,77.475617,02-12-2023,low,closed
Hubballi-Dharwad,Navanagar,Rural PS,Murder,15.166872,74.922546,20-04-2024,medium,closed
Chikkamagaluru,Tarikere,Tarikere PS,Mobile Theft,13.277624,75.642293,30-08-2023,low,investigating
Mysuru,Nanjangud,Rural PS,Chain Snatching,12.244795,76.509836,29-06-2024,high,investigating
Bengaluru Rural,Devanahalli,Vijayapura PS,Vehicle Theft,13.212922,77.302397,27-12-2023,high,open
Uttara Kannada,Sirsi,Rural PS,Murder,14.960781,74.905884,18-12-2024,low,closed
Haveri,Savanur,Rural PS,Chain Snatching,15.030567,75.109724,18-01-2023,medium,open
Ballari,Sandur,Rural PS,Vehicle Theft,15.330399,77.22088,01-05-2023,low,closed
Kalaburagi,Kalaburagi City,University PS,Domestic Violence,17.195167,76.561504,16-12-2023,medium,investigating
Ramanagara,Ramanagara,Traffic PS,Vehicle Theft,12.616715,77.133408,18-01-2024,medium,open
Mysuru,Mysuru City,Nazarbad PS,Murder,12.571909,76.837977,06-07-2024,medium,closed
Mysuru,Hunsur,Bilikere PS,Chain Snatching,12.473636,76.790896,12-01-2024,low,investigating
Chamarajanagar,Chamarajanagar,Town PS,Assault,11.699546,77.066999,03-08-2024,medium,open
Chikkamagaluru,Kadur,Rural PS,Drug Offense,13.381845,75.913593,02-01-2024,low,open
Hassan,Sakleshpur,Town PS,Cybercrime,12.962561,75.958275,04-01-2024,medium,closed
Gadag,Gadag,Gadag Town PS,Chain Snatching,15.245265,75.388377,17-05-2023,high,investigating
Mandya,Srirangapatna,Town PS,Fraud,12.380596,76.976277,01-03-2023,low,open
Chikkamagaluru,Tarikere,Lakkavalli PS,Assault,13.13503,75.932648,30-06-2024,low,closed
Kolar,Kolar,Traffic PS,Chain Snatching,13.26956,77.994059,25-04-2023,medium,closed
Bengaluru Urban,Koramangala,Madiwala PS,Robbery,13.187313,77.694427,02-05-2023,medium,open
Yadgir,Yadgir City,Traffic PS,Domestic Violence,16.731758,77.281396,16-01-2024,low,investigating
Hubballi-Dharwad,Dharwad,Sub Urban PS,Kidnapping,15.498091,74.998824,05-04-2024,medium,open
Tumakuru,Tiptur,Tiptur PS,Drug Offense,13.350578,77.343264,01-02-2024,low,closed
Bidar,Bidar City,New Town PS,Cybercrime,17.671808,77.436354,12-03-2023,low,open
Chitradurga,Chitradurga,Traffic PS,Fraud,14.273163,76.103627,11-12-2024,medium,open
Yadgir,Yadgir City,Traffic PS,Vehicle Theft,16.642239,77.38125,28-08-2023,medium,investigating
Uttara Kannada,Karwar,Bazar PS,Kidnapping,14.84263,74.483754,19-07-2024,low,investigating
Davangere,Harihar,Town PS,Fraud,14.279932,75.966717,21-02-2023,medium,closed
Dakshina Kannada,Sullia,Town PS,Cybercrime,12.591597,75.15449,28-11-2023,high,open
Hassan,Arsikere,Rural PS,Vehicle Theft,13.02805,75.832267,20-03-2024,low,closed
Dakshina Kannada,Bantwal,Town PS,Cybercrime,12.993773,75.105396,08-11-2024,medium,investigating
Dakshina Kannada,Bantwal,Rural PS,Domestic Violence,12.987089,74.970108,06-10-2023,low,open
Bidar,Basavakalyan,Basavakalyan PS,Theft,18.051941,77.6826,21-09-2024,low,closed
Tumakuru,Tumakuru City,Traffic PS,Chain Snatching,13.371628,76.89477,28-04-2024,medium,investigating
Hubballi-Dharwad,Hubballi,Vidyanagar PS,Drug Offense,15.651155,74.947155,05-05-2024,medium,investigating
Raichur,Sindhanur,Rural PS,Burglary,16.145426,77.511819,03-03-2023,medium,open
Chikkamagaluru,Tarikere,Tarikere PS,Murder,13.606572,75.763532,24-09-2024,medium,closed
Dakshina Kannada,Sullia,Rural PS,Land Dispute,12.790999,75.304107,19-02-2024,low,closed
Kolar,Bangarapet,Bangarapet PS,Domestic Violence,12.929362,78.052367,06-07-2024,low,closed
Kolar,Bangarapet,Town PS,Assault,13.085452,77.933425,07-05-2023,medium,closed
Chitradurga,Hosadurga,Hosadurga PS,Robbery,14.055752,76.416337,17-03-2023,medium,closed
Chikkamagaluru,Kadur,Kadur PS,Chain Snatching,13.171282,76.007556,04-07-2024,medium,closed
Hassan,Arsikere,Town PS,Assault,13.287314,75.842915,20-05-2023,low,investigating
Yadgir,Shahapur,Rural PS,Burglary,16.595025,77.291494,12-08-2024,low,open
Bengaluru Rural,Devanahalli,Vijayapura PS,Vehicle Theft,13.12252,77.527442,18-08-2023,high,investigating
Koppal,Koppal City,Town PS,Vehicle Theft,15.54608,76.152339,30-06-2023,medium,open
Tumakuru,Tiptur,Rural PS,Domestic Violence,13.483025,77.223326,24-02-2024,low,investigating
Hassan,Sakleshpur,Rural PS,Vehicle Theft,13.081875,76.09008,19-06-2023,medium,investigating
Bengaluru Urban,Yelahanka,Yelahanka New Town PS,Land Dispute,12.856086,77.833629,04-01-2023,medium,open
Davangere,Honnali,Honnali PS,Cybercrime,14.365691,75.862722,11-08-2024,high,open
Bidar,Bidar City,New Town PS,Burglary,17.613817,77.805428,15-04-2023,low,closed
Bengaluru Rural,Nelamangala,Nelamangala PS,Mobile Theft,13.473061,77.604923,29-06-2024,low,open
Koppal,Gangavathi,Rural PS,Fraud,15.346909,76.437801,27-03-2023,low,open
Yadgir,Yadgir City,Yadgir PS,Assault,16.550094,77.389843,11-12-2023,high,investigating
Kodagu,Virajpet,Town PS,Murder,12.466051,75.603047,25-03-2023,low,open
Vijayapura,Indi,Rural PS,Mobile Theft,16.533087,75.554453,12-06-2024,low,open
Mandya,Maddur,Town PS,Cybercrime,12.663554,76.834063,11-01-2024,low,investigating
Chitradurga,Chitradurga,Chitradurga PS,Robbery,14.019516,76.213042,26-01-2023,medium,open
Chamarajanagar,Chamarajanagar,Chamarajanagar PS,Robbery,11.865401,77.093281,29-03-2023,low,investigating
Raichur,Raichur City,West PS,Cybercrime,16.194722,77.449681,18-10-2024,high,open
Uttara Kannada,Karwar,Karwar Town PS,Murder,14.94256,74.931095,12-10-2023,medium,open
Kalaburagi,Jewargi,Rural PS,Vehicle Theft,17.098291,76.937918,18-08-2024,low,closed
Koppal,Kushtagi,Town PS,Assault,15.586163,76.235632,16-09-2023,medium,investigating
Shivamogga,Sagara,Sagara PS,Domestic Violence,14.200267,75.617378,19-12-2024,medium,open
Raichur,Manvi,Town PS,Robbery,16.230381,77.334252,22-04-2024,medium,investigating
Raichur,Raichur City,Traffic PS,Drug Offense,16.10176,77.509815,16-01-2023,medium,investigating
Uttara Kannada,Bhatkal,Bhatkal PS,Chain Snatching,15.022254,74.433727,08-06-2023,medium,open
Yadgir,Shahapur,Shahapur PS,Fraud,16.991393,77.086817,07-11-2023,low,closed
Davangere,Harihar,Town PS,Land Dispute,14.380036,75.865792,08-07-2024,high,closed
Ballari,Ballari City,Cowl Bazaar PS,Chain Snatching,14.990405,76.721519,10-05-2023,low,open
Shivamogga,Bhadravati,Old Town PS,Murder,13.703488,75.794389,12-09-2024,low,closed
Ramanagara,Ramanagara,Town PS,Fraud,12.691927,77.293818,17-02-2024,medium,closed
Ramanagara,Ramanagara,Ramanagara PS,Mobile Theft,12.453997,77.197393,08-06-2023,high,closed
Yadgir,Yadgir City,Traffic PS,Domestic Violence,16.561524,77.199877,24-08-2023,high,investigating
Bengaluru Urban,Koramangala,HSR Layout PS,Mobile Theft,13.261266,77.682312,29-12-2024,low,open
Raichur,Raichur City,Raichur PS,Kidnapping,16.419568,77.588864,25-12-2023,low,closed
Ramanagara,Kanakapura,Kanakapura PS,Robbery,12.752155,77.368215,23-08-2024,medium,open
Kalaburagi,Jewargi,Yadrami PS,Burglary,17.203017,77.035656,27-10-2024,low,closed
Tumakuru,Tumakuru City,Traffic PS,Robbery,13.498273,77.069608,20-07-2023,low,open
Uttara Kannada,Karwar,Traffic PS,Cybercrime,14.888796,74.949177,04-02-2024,medium,closed
Bengaluru Rural,Nelamangala,Nelamangala PS,Theft,13.130881,77.142653,15-04-2024,high,investigating
Shivamogga,Shivamogga City,Vinobanagar PS,Theft,14.220456,75.55588,05-03-2024,medium,open
Tumakuru,Madhugiri,Town PS,Burglary,13.582794,77.203993,05-09-2024,medium,open
Bengaluru Urban,Yelahanka,Yelahanka New Town PS,Fraud,13.167073,77.464678,02-06-2023,low,investigating
Mysuru,Mysuru City,Devaraja PS,Mobile Theft,12.121942,76.803974,18-02-2023,low,open
Yadgir,Shahapur,Rural PS,Mobile Theft,16.522056,76.894367,10-10-2023,low,open
Udupi,Kundapura,Byndoor PS,Domestic Violence,13.424985,74.7366,02-11-2024,low,open
Kalaburagi,Sedam,Rural PS,Theft,17.176092,76.999004,17-01-2023,high,open
Raichur,Raichur City,West PS,Drug Offense,16.413673,77.217844,03-05-2023,medium,investigating
Kalaburagi,Sedam,Town PS,Mobile Theft,17.611702,77.020702,07-04-2024,high,open
Gadag,Gadag,Gadag Town PS,Theft,15.275138,75.852834,04-07-2023,low,investigating
Dakshina Kannada,Sullia,Town PS,Fraud,12.996818,75.047931,26-04-2023,low,open
Bengaluru Urban,Yelahanka,Yelahanka New Town PS,Mobile Theft,12.929465,77.720077,23-02-2024,low,investigating
Dakshina Kannada,Puttur,Town PS,Kidnapping,12.839218,75.478402,09-04-2023,high,investigating
Chitradurga,Hosadurga,Town PS,Chain Snatching,14.516655,76.566565,29-02-2024,medium,open
Dakshina Kannada,Bantwal,Bantwal PS,Theft,12.90595,75.452432,24-10-2024,low,open
Chamarajanagar,Kollegal,Kollegal PS,Kidnapping,11.842558,77.174183,22-09-2023,low,closed
Tumakuru,Madhugiri,Madhugiri PS,Assault,13.227077,77.173639,21-10-2023,medium,investigating
Haveri,Savanur,Rural PS,Assault,14.79544,75.540829,12-09-2023,high,closed
Shivamogga,Bhadravati,Bhadravati PS,Assault,14.181781,75.618178,29-08-2024,medium,open
Chitradurga,Hiriyur,Rural PS,Robbery,14.077914,76.359602,17-09-2024,low,closed
Uttara Kannada,Sirsi,Rural PS,Theft,14.641239,74.883242,26-04-2023,low,investigating
Belagavi,Chikodi,Rural PS,Land Dispute,16.081928,74.751627,20-06-2024,low,closed
Kolar,Bangarapet,Rural PS,Theft,13.187193,77.838807,19-02-2024,low,investigating
Haveri,Savanur,Rural PS,Land Dispute,14.880114,75.506987,07-01-2024,medium,investigating
Kodagu,Virajpet,Virajpet PS,Mobile Theft,12.106059,76.015038,24-07-2024,low,closed
Mandya,Mandya,Town PS,Mobile Theft,12.519884,76.696839,11-12-2024,medium,open
Bidar,Basavakalyan,Town PS,Robbery,17.973873,77.72662,01-04-2024,low,open
Haveri,Haveri,Haveri PS,Robbery,14.914748,75.466486,12-10-2023,high,investigating
Chamarajanagar,Kollegal,Kollegal PS,Assault,12.16186,76.889784,26-06-2023,low,open
Davangere,Honnali,Rural PS,Vehicle Theft,14.234113,75.683755,10-10-2024,low,closed
Chitradurga,Hiriyur,Hiriyur PS,Cybercrime,14.309086,76.399039,10-04-2024,high,closed
Uttara Kannada,Bhatkal,Town PS,Vehicle Theft,14.668415,74.944857,30-03-2024,low,open
Bidar,Basavakalyan,Basavakalyan PS,Theft,18.074693,77.573503,02-05-2023,low,open
Bengaluru Urban,Whitefield,Kadugodi PS,Drug Offense,12.879898,77.648388,16-02-2023,low,open
Mangaluru,Ullal,Kotekar PS,Domestic Violence,13.121013,74.748428,30-03-2023,low,open
Chamarajanagar,Kollegal,Rural PS,Robbery,11.942369,76.798425,19-02-2024,low,investigating
Dakshina Kannada,Puttur,Town PS,Mobile Theft,12.558508,75.326631,28-12-2024,low,open
Bidar,Bidar City,Bidar PS,Domestic Violence,18.125261,77.365317,10-08-2024,high,open
Hassan,Arsikere,Arsikere PS,Theft,12.991638,76.316941,12-12-2024,medium,investigating
Udupi,Udupi,Malpe PS,Kidnapping,13.373807,74.945899,05-09-2024,high,closed
Tumakuru,Madhugiri,Madhugiri PS,Cybercrime,13.13129,76.899117,10-08-2024,high,investigating
Haveri,Ranebennur,Town PS,Theft,14.801383,75.310592,14-10-2023,medium,open
Dakshina Kannada,Sullia,Sullia PS,Murder,12.900502,75.417589,27-01-2024,high,investigating
Hubballi-Dharwad,Hubballi,Old Hubballi PS,Fraud,15.202303,75.159812,23-06-2024,high,closed
Ballari,Sandur,Rural PS,Fraud,14.939743,76.84385,08-12-2024,low,closed
Mangaluru,Ullal,Kotekar PS,Cybercrime,12.638874,75.012065,17-11-2023,medium,investigating
Mysuru,Nanjangud,Nanjangud Town PS,Assault,12.065331,76.64765,28-03-2024,low,open
Bengaluru Urban,Yelahanka,Yelahanka PS,Robbery,12.925502,77.812296,19-05-2024,low,closed
Kalaburagi,Kalaburagi City,Brahmapur PS,Kidnapping,17.276123,76.966232,17-05-2023,low,open
Hubballi-Dharwad,Hubballi,Vidyanagar PS,Theft,15.154054,75.30084,16-11-2023,medium,investigating
Gadag,Mundargi,Town PS,Fraud,15.352162,75.825359,02-09-2023,low,closed
Dakshina Kannada,Sullia,Town PS,Burglary,12.766014,75.150863,19-07-2023,medium,investigating
Ballari,Hospet,Rural PS,Land Dispute,15.075213,76.988644,06-11-2024,low,investigating
Gadag,Mundargi,Mundargi PS,Drug Offense,15.119256,75.813131,25-12-2024,low,closed
Belagavi,Belagavi City,Tilakwadi PS,Domestic Violence,16.11785,74.496824,08-04-2024,low,closed
Gadag,Mundargi,Town PS,Domestic Violence,15.515964,75.402914,09-06-2024,low,open
Kolar,Kolar,Town PS,Theft,13.045869,77.903998,07-11-2024,low,investigating
Ballari,Sandur,Sandur PS,Robbery,15.262983,76.802968,17-11-2024,high,closed
Shivamogga,Sagara,Rural PS,Chain Snatching,14.035825,75.761662,25-11-2023,medium,open
Chitradurga,Chitradurga,Traffic PS,Mobile Theft,14.245469,76.561032,25-09-2024,low,investigating
Hubballi-Dharwad,Hubballi,Vidyanagar PS,Cybercrime,15.279638,75.11501,18-11-2023,low,investigating
Kalaburagi,Kalaburagi City,University PS,Land Dispute,17.063218,76.582858,31-07-2023,medium,closed
Tumakuru,Madhugiri,Madhugiri PS,Burglary,13.406289,77.29583,06-11-2023,medium,open
Chitradurga,Chitradurga,Town PS,Mobile Theft,13.972965,76.114143,01-02-2023,medium,open
Bengaluru Urban,Koramangala,HSR Layout PS,Vehicle Theft,12.875526,77.352282,27-11-2024,low,closed
Belagavi,Gokak,Gokak Town PS,Domestic Violence,16.147564,74.678917,04-08-2024,low,closed
Chitradurga,Hosadurga,Town PS,Mobile Theft,14.045196,76.252859,14-02-2023,medium,open
Bengaluru Rural,Devanahalli,Airport PS,Drug Offense,13.404335,77.312005,20-08-2023,low,investigating
Kodagu,Virajpet,Town PS,Cybercrime,12.554166,75.517992,21-12-2024,low,open
Uttara Kannada,Karwar,Bazar PS,Cybercrime,14.86324,74.836626,23-05-2023,low,investigating
Kodagu,Somwarpet,Kushalnagar PS,Mobile Theft,12.05039,75.84658,02-12-2024,low,closed
Chitradurga,Hiriyur,Hiriyur PS,Assault,14.269556,76.568032,15-02-2023,high,open
Tumakuru,Madhugiri,Madhugiri PS,Assault,13.286362,77.222136,21-01-2024,low,investigating
Kolar,Kolar,Town PS,Domestic Violence,13.085723,78.329516,03-11-2023,high,open
Ballari,Hospet,Traffic PS,Mobile Theft,15.020967,76.71315,05-09-2024,low,open
Ramanagara,Kanakapura,Kanakapura PS,Murder,12.862485,77.211277,06-03-2024,low,investigating
Dakshina Kannada,Sullia,Town PS,Assault,12.789331,75.102793,14-02-2023,low,open
Kalaburagi,Jewargi,Jewargi PS,Domestic Violence,17.314741,76.835353,16-03-2024,low,investigating
Bengaluru Rural,Nelamangala,Nelamangala PS,Theft,13.421456,77.280689,04-11-2023,high,closed
Bengaluru Urban,Koramangala,Madiwala PS,Burglary,13.207906,77.867146,10-05-2024,low,closed
Raichur,Manvi,Rural PS,Chain Snatching,16.095497,77.513927,11-12-2023,low,closed
Bengaluru Urban,Koramangala,Madiwala PS,Theft,12.683719,77.463139,21-04-2023,medium,closed
Hassan,Sakleshpur,Rural PS,Domestic Violence,13.276472,76.20766,26-10-2023,medium,open
Kodagu,Virajpet,Virajpet PS,Burglary,12.140469,75.774973,11-07-2024,high,open
Udupi,Karkala,Ajekar PS,Theft,13.108574,74.825206,01-01-2024,medium,open
Kodagu,Virajpet,Town PS,Drug Offense,12.169006,75.812636,03-10-2023,medium,open
Mysuru,Hunsur,Rural PS,Kidnapping,12.382976,76.39872,29-12-2024,low,closed
Bengaluru Urban,Whitefield,Kadugodi PS,Mobile Theft,13.094686,77.767307,10-12-2023,medium,investigating
Mangaluru,Mangaluru,Mangaluru South PS,Cybercrime,13.062511,74.994058,26-03-2024,low,open
Bengaluru Rural,Nelamangala,Nelamangala PS,Mobile Theft,13.388506,77.540042,22-10-2023,medium,open
Koppal,Koppal City,Koppal PS,Cybercrime,15.197331,76.142028,08-08-2024,low,investigating
Uttara Kannada,Sirsi,Rural PS,Robbery,14.91302,74.799879,10-03-2023,low,investigating
Haveri,Savanur,Town PS,Cybercrime,15.056691,75.410211,18-04-2024,high,open
Mandya,Srirangapatna,Rural PS,Fraud,12.543594,77.156373,11-08-2024,medium,open
Koppal,Koppal City,Town PS,Vehicle Theft,15.222263,76.142189,09-07-2024,medium,open
Mangaluru,Surathkal,Panambur PS,Theft,12.941863,75.044599,04-03-2024,low,closed
Bidar,Bhalki,Town PS,Burglary,17.993893,77.526944,03-05-2024,low,closed
Ballari,Sandur,Rural PS,Mobile Theft,15.351412,76.855486,18-07-2023,high,open
Bidar,Basavakalyan,Rural PS,Fraud,17.870108,77.409831,21-09-2024,low,open
Kolar,Bangarapet,Bangarapet PS,Theft,12.9389,78.195738,27-09-2023,low,investigating
Hassan,Arsikere,Arsikere PS,Murder,13.097137,76.136121,27-05-2024,low,closed
Chitradurga,Hosadurga,Hosadurga PS,Kidnapping,14.277996,76.202021,05-07-2024,low,closed
Belagavi,Gokak,Traffic PS,Domestic Violence,15.821308,74.317118,13-03-2024,medium,open
Chikkamagaluru,Tarikere,Rural PS,Chain Snatching,13.427121,75.582979,06-10-2023,low,open
Shivamogga,Shivamogga City,Traffic PS,Vehicle Theft,14.046933,75.4523,20-05-2024,low,investigating
Ballari,Sandur,Rural PS,Assault,14.863244,77.210775,26-10-2023,low,investigating
Ramanagara,Magadi,Town PS,Mobile Theft,12.454383,77.20644,20-02-2024,low,closed
Kalaburagi,Jewargi,Rural PS,Murder,17.073688,77.066483,18-09-2023,low,closed
Shivamogga,Sagara,Sagara PS,Drug Offense,13.756891,75.544624,02-08-2023,high,investigating
Tumakuru,Madhugiri,Town PS,Domestic Violence,13.630337,76.82743,03-12-2023,low,investigating
Mangaluru,Ullal,Kotekar PS,Murder,13.157959,74.996756,14-09-2023,low,open
Tumakuru,Madhugiri,Madhugiri PS,Theft,13.146079,76.949801,10-10-2024,low,investigating
Vijayapura,Vijayapura City,Adarsh Nagar PS,Murder,16.688459,75.59322,07-01-2023,low,open
Vijayapura,Indi,Town PS,Vehicle Theft,16.744239,75.580071,25-10-2023,medium,investigating
Bidar,Basavakalyan,Basavakalyan PS,Fraud,17.962239,77.308274,16-07-2024,medium,investigating
Gadag,Gadag,Traffic PS,Chain Snatching,15.542389,75.335173,23-12-2024,low,open
Uttara Kannada,Bhatkal,Bhatkal PS,Burglary,15.00227,74.804758,06-03-2024,low,closed
Dakshina Kannada,Bantwal,Town PS,Drug Offense,13.126266,75.172965,22-03-2023,low,closed
Uttara Kannada,Sirsi,Rural PS,Kidnapping,14.829258,74.644104,12-10-2024,medium,open
Ramanagara,Kanakapura,Rural PS,Fraud,12.691215,77.074959,23-08-2024,high,open
Kolar,Bangarapet,Rural PS,Chain Snatching,13.358259,78.420459,27-07-2023,low,open
Haveri,Savanur,Savanur PS,Robbery,14.60755,75.562398,02-06-2024,low,investigating
Shivamogga,Bhadravati,Paper Town PS,Chain Snatching,13.774589,75.579788,29-01-2024,low,open
Bengaluru Rural,Devanahalli,Devanahalli PS,Burglary,13.181394,77.16465,28-01-2023,low,investigating
Ramanagara,Kanakapura,Rural PS,Vehicle Theft,12.704476,77.328564,05-07-2023,low,closed
Mysuru,Mysuru City,Nazarbad PS,Kidnapping,12.144507,76.910296,25-12-2024,low,investigating
Koppal,Koppal City,Koppal PS,Vehicle Theft,15.312185,76.100526,13-01-2023,low,investigating
Hubballi-Dharwad,Dharwad,Sub Urban PS,Land Dispute,15.404275,75.289425,02-06-2023,high,investigating
Uttara Kannada,Karwar,Karwar Town PS,Land Dispute,14.751107,74.473624,23-01-2023,high,closed
Kodagu,Madikeri,Madikeri PS,Vehicle Theft,12.154507,75.953123,12-12-2023,medium,investigating
Hassan,Arsikere,Arsikere PS,Cybercrime,12.720894,76.350437,30-09-2024,low,closed
Raichur,Manvi,Manvi PS,Theft,15.913646,77.473382,15-01-2023,medium,open
Mangaluru,Ullal,Kotekar PS,Land Dispute,13.073141,74.648389,11-10-2024,low,closed
Chikkaballapura,Sidlaghatta,Rural PS,Domestic Violence,13.203571,77.700498,12-09-2023,low,open
Bengaluru Rural,Devanahalli,Airport PS,Robbery,13.131929,77.363602,08-12-2024,low,closed
Haveri,Savanur,Town PS,Mobile Theft,14.927094,75.177619,27-11-2023,medium,open
Davangere,Harihar,Rural PS,Robbery,14.656296,76.035177,29-08-2023,low,investigating
Udupi,Karkala,Karkala PS,Mobile Theft,13.431039,74.489527,23-05-2024,low,open
Shivamogga,Bhadravati,Bhadravati PS,Burglary,13.9377,75.708033,24-08-2024,medium,closed
Hassan,Sakleshpur,Rural PS,Fraud,12.742067,75.882917,12-02-2023,medium,closed
Dakshina Kannada,Sullia,Town PS,Drug Offense,12.963877,75.183208,28-01-2024,low,investigating
Chamarajanagar,Gundlupet,Gundlupet PS,Mobile Theft,12.105723,76.914019,23-04-2023,medium,closed
Yadgir,Yadgir City,Yadgir PS,Chain Snatching,16.792926,77.187959,21-11-2024,high,closed
Bengaluru Rural,Nelamangala,Nelamangala PS,Vehicle Theft,13.225195,77.422787,23-11-2024,low,investigating
Davangere,Honnali,Nyamathi PS,Burglary,14.731352,76.033472,18-01-2023,medium,open
Mangaluru,Ullal,Kotekar PS,Chain Snatching,12.642195,74.960317,05-07-2024,low,open
Dakshina Kannada,Puttur,Puttur PS,Chain Snatching,12.707377,75.348557,25-09-2023,low,investigating
Shivamogga,Shivamogga City,Doddapete PS,Assault,13.989304,75.476809,08-11-2024,high,open
Dakshina Kannada,Puttur,Traffic PS,Land Dispute,12.89833,75.058973,09-01-2024,medium,investigating
Mangaluru,Surathkal,Surathkal PS,Theft,12.845526,75.143856,07-07-2024,medium,investigating
Bengaluru Rural,Nelamangala,Traffic PS,Robbery,13.088662,77.437774,06-09-2024,low,investigating
Ramanagara,Ramanagara,Ramanagara PS,Fraud,12.477577,77.536446,22-11-2023,medium,investigating
Mandya,Mandya,Mandya PS,Fraud,12.262555,77.036544,18-09-2024,medium,investigating
Hassan,Sakleshpur,Rural PS,Kidnapping,12.973893,76.315717,27-03-2024,low,investigating
Chitradurga,Hosadurga,Town PS,Land Dispute,14.233409,76.551283,29-10-2023,low,investigating
Bidar,Bhalki,Bhalki PS,Vehicle Theft,18.131554,77.534822,19-02-2024,medium,investigating
Koppal,Koppal City,Koppal PS,Murder,15.271225,75.874764,20-02-2023,medium,closed
Mysuru,Hunsur,Rural PS,Drug Offense,12.24739,76.75114,30-07-2023,low,open
Chikkaballapura,Chikkaballapura,Traffic PS,Theft,13.637001,77.774966,23-05-2023,low,open
Ramanagara,Ramanagara,Ramanagara PS,Murder,12.635318,77.350081,17-08-2023,medium,investigating
Ballari,Sandur,Sandur PS,Land Dispute,14.9287,76.726877,17-12-2023,low,investigating
Tumakuru,Tiptur,Town PS,Land Dispute,13.268355,77.106932,29-12-2024,medium,open
Mandya,Mandya,Town PS,Chain Snatching,12.450466,76.702624,28-04-2024,high,closed
Vijayapura,Vijayapura City,Adarsh Nagar PS,Fraud,16.599394,75.653263,22-07-2024,low,investigating
Belagavi,Belagavi City,Tilakwadi PS,Vehicle Theft,15.596833,74.255171,22-07-2024,high,investigating
Udupi,Karkala,Karkala PS,Cybercrime,13.143909,74.636635,06-03-2023,medium,investigating
Tumakuru,Tiptur,Rural PS,Domestic Violence,13.287031,77.004897,25-10-2023,low,closed
Tumakuru,Madhugiri,Rural PS,Burglary,13.187503,77.251689,13-05-2023,medium,closed
Chikkaballapura,Bagepalli,Rural PS,Assault,13.294361,77.7429,18-02-2023,low,closed
Gadag,Ron,Ron PS,Murder,15.416453,75.786645,13-01-2023,low,closed
Mysuru,Hunsur,Rural PS,Murder,12.049876,76.500436,04-05-2023,medium,investigating
Hubballi-Dharwad,Hubballi,Vidyanagar PS,Mobile Theft,15.356742,75.266479,23-07-2023,low,open
Dakshina Kannada,Sullia,Town PS,Vehicle Theft,12.987389,75.040706,03-04-2024,low,open
Davangere,Davangere City,Traffic PS,Cybercrime,14.595377,76.1586,08-12-2023,low,investigating
Shivamogga,Bhadravati,Old Town PS,Assault,13.804912,75.348427,25-08-2023,low,open
Tumakuru,Tumakuru City,Traffic PS,Mobile Theft,13.494891,77.315768,03-11-2023,low,investigating
Kolar,Malur,Rural PS,Domestic Violence,13.163807,78.124353,29-03-2024,medium,investigating
Hassan,Arsikere,Town PS,Fraud,12.769405,76.015458,10-06-2023,medium,closed
Tumakuru,Tumakuru City,Tumakuru PS,Robbery,13.115828,77.303522,12-09-2023,low,closed
Kodagu,Virajpet,Virajpet PS,Drug Offense,12.218943,75.687672,04-01-2024,low,closed
Dakshina Kannada,Puttur,Traffic PS,Vehicle Theft,12.594626,74.959677,18-01-2023,medium,closed
Chikkaballapura,Chikkaballapura,Traffic PS,Fraud,13.411664,77.849275,29-09-2023,low,open
Kalaburagi,Kalaburagi City,University PS,Domestic Violence,17.066738,76.884539,09-05-2023,low,open
Kolar,Bangarapet,Rural PS,Theft,12.850502,78.024482,16-12-2024,low,closed
Haveri,Haveri,Town PS,Murder,14.727637,75.23733,01-09-2023,medium,closed
Chitradurga,Chitradurga,Town PS,Burglary,14.162781,76.552077,27-09-2024,high,open
Haveri,Ranebennur,Town PS,Fraud,14.976355,75.670984,01-06-2023,medium,open
Bengaluru Urban,Koramangala,HSR Layout PS,Murder,12.917352,77.303667,13-12-2024,low,open
Vijayapura,Sindagi,Sindagi PS,Robbery,16.896215,75.673252,19-11-2024,low,investigating
Hubballi-Dharwad,Dharwad,Dharwad Town PS,Drug Offense,15.546851,74.840603,10-12-2024,high,open
Tumakuru,Tiptur,Tiptur PS,Domestic Violence,13.162992,77.043195,11-11-2024,medium,investigating
Haveri,Savanur,Rural PS,Assault,14.887396,75.126116,28-06-2023,medium,open
Ballari,Sandur,Sandur PS,Drug Offense,14.927129,76.840544,02-07-2024,low,closed
Vijayapura,Vijayapura City,Gandhi Chowk PS,Drug Offense,17.098294,75.978853,05-07-2024,medium,investigating
Hubballi-Dharwad,Hubballi,Vidyanagar PS,Chain Snatching,15.626157,75.380494,03-06-2024,low,investigating
Ballari,Ballari City,Ballari PS,Drug Offense,15.348354,77.167755,30-08-2023,low,investigating
Davangere,Davangere City,Traffic PS,Chain Snatching,14.219282,75.984183,31-05-2023,low,closed
Kodagu,Somwarpet,Kushalnagar PS,Domestic Violence,12.375747,75.73663,28-12-2023,high,closed
Chikkaballapura,Chikkaballapura,Town PS,Drug Offense,13.500938,77.651596,08-08-2024,low,investigating
Mangaluru,Mangaluru,Mangaluru South PS,Domestic Violence,12.819142,75.08682,29-12-2023,low,closed
Ramanagara,Magadi,Magadi PS,Land Dispute,12.503744,77.207439,08-11-2024,medium,investigating
Ramanagara,Kanakapura,Kanakapura PS,Land Dispute,12.93309,77.350867,07-03-2023,low,open
Bengaluru Urban,Whitefield,Kadugodi PS,Robbery,13.153167,77.350749,18-07-2023,medium,closed
Kodagu,Somwarpet,Kushalnagar PS,Mobile Theft,12.408858,76.094606,27-02-2023,low,open
Belagavi,Belagavi City,Tilakwadi PS,Land Dispute,15.786919,74.214523,11-12-2024,medium,open
Haveri,Ranebennur,Town PS,Drug Offense,14.834803,75.652957,10-09-2023,low,closed
Bengaluru Urban,Yelahanka,Yelahanka PS,Burglary,12.809919,77.719856,18-08-2024,low,investigating
Bidar,Bidar City,New Town PS,Land Dispute,18.160934,77.365531,21-09-2024,low,open
Shivamogga,Bhadravati,Bhadravati PS,Assault,13.745219,75.288891,20-07-2024,low,open
Mangaluru,Ullal,Kotekar PS,Robbery,13.042987,74.612071,23-10-2024,low,investigating
Chitradurga,Chitradurga,Traffic PS,Land Dispute,14.334861,76.392971,09-07-2023,medium,closed
Shivamogga,Bhadravati,Bhadravati PS,Cybercrime,14.097671,75.527405,12-10-2024,high,closed
Belagavi,Gokak,Traffic PS,Drug Offense,16.130653,74.301806,02-12-2024,medium,open
Chikkamagaluru,Tarikere,Lakkavalli PS,Theft,13.124021,75.540666,03-12-2024,medium,open
Kolar,Malur,Rural PS,Chain Snatching,12.990549,78.423304,10-05-2024,medium,open
Chikkaballapura,Sidlaghatta,Town PS,Vehicle Theft,13.139019,77.600879,21-09-2024,low,open
Bidar,Bidar City,Traffic PS,Fraud,18.111861,77.708165,24-03-2024,medium,closed
Mandya,Srirangapatna,Srirangapatna PS,Chain Snatching,12.606867,76.971281,08-12-2023,medium,open
Vijayapura,Vijayapura City,Traffic PS,Assault,16.938135,75.9225,17-02-2023,medium,open
Hassan,Sakleshpur,Town PS,Domestic Violence,13.268359,75.821082,29-06-2023,low,investigating
Udupi,Karkala,Hebri PS,Land Dispute,13.391406,74.698315,11-01-2024,high,closed
Shivamogga,Shivamogga City,Vinobanagar PS,Kidnapping,13.848113,75.551184,21-04-2023,low,open
Hubballi-Dharwad,Hubballi,Vidyanagar PS,Domestic Violence,15.221779,75.135533,20-10-2024,medium,closed
Uttara Kannada,Bhatkal,Bhatkal PS,Fraud,14.92864,74.985241,13-04-2024,medium,investigating
Chitradurga,Hiriyur,Rural PS,Domestic Violence,14.481422,76.427817,22-04-2023,low,open
Raichur,Raichur City,Raichur PS,Mobile Theft,16.069535,77.586274,12-04-2023,low,investigating
Chikkamagaluru,Tarikere,Lakkavalli PS,Kidnapping,13.494071,75.876901,14-08-2024,medium,investigating
Tumakuru,Tiptur,Rural PS,Theft,13.311203,76.878944,20-01-2024,low,closed
Chitradurga,Chitradurga,Town PS,Robbery,14.493062,76.191646,18-10-2024,low,open
Chamarajanagar,Chamarajanagar,Chamarajanagar PS,Vehicle Theft,11.911431,77.035103,11-02-2024,low,investigating
Chitradurga,Chitradurga,Town PS,Chain Snatching,14.320171,76.296884,23-02-2023,low,open
Hassan,Arsikere,Town PS,Theft,12.863708,76.102682,15-04-2023,medium,open
Chikkamagaluru,Chikkamagaluru City,Chikkamagaluru PS,Vehicle Theft,13.154098,75.652144,13-11-2024,low,closed
Bengaluru Rural,Nelamangala,Soladevanahalli PS,Mobile Theft,13.009047,77.667071,20-12-2023,low,closed
Ramanagara,Ramanagara,Traffic PS,Robbery,12.709589,77.153632,09-02-2024,medium,closed
Dakshina Kannada,Bantwal,Town PS,Drug Offense,13.098185,75.158258,02-10-2023,high,investigating
Shivamogga,Bhadravati,Old Town PS,Chain Snatching,13.966243,75.349489,27-12-2023,medium,investigating
Kalaburagi,Jewargi,Jewargi PS,Cybercrime,17.448532,76.781082,04-11-2024,low,open
Haveri,Haveri,Haveri PS,Theft,15.061849,75.466506,09-01-2024,high,closed
Davangere,Harihar,Harihar PS,Robbery,14.424266,75.914545,07-01-2023,medium,open
Tumakuru,Tumakuru City,Tumakuru PS,Burglary,13.205327,76.822659,14-06-2023,medium,open
Dakshina Kannada,Sullia,Sullia PS,Chain Snatching,12.731994,74.982607,22-11-2024,low,closed
Chamarajanagar,Kollegal,Kollegal PS,Drug Offense,11.886481,76.648858,14-08-2023,medium,investigating
Hassan,Arsikere,Rural PS,Assault,13.097529,76.181976,27-11-2024,low,open
Chamarajanagar,Chamarajanagar,Traffic PS,Assault,11.761505,77.098921,28-10-2023,low,investigating
Hassan,Arsikere,Town PS,Domestic Violence,12.760412,75.868287,18-05-2024,low,closed
Koppal,Gangavathi,Town PS,Domestic Violence,15.125682,75.956924,20-05-2023,low,closed
Yadgir,Shahapur,Town PS,Assault,16.491003,77.241271,10-02-2023,high,closed
Kodagu,Madikeri,Traffic PS,Burglary,12.191576,75.644226,16-03-2024,low,investigating
Yadgir,Shahapur,Town PS,Drug Offense,16.548425,77.063404,05-02-2023,medium,investigating
Haveri,Ranebennur,Ranebennur PS,Fraud,14.988407,75.126951,17-09-2023,medium,open
Dakshina Kannada,Puttur,Traffic PS,Chain Snatching,12.98523,75.404145,18-06-2023,low,closed
Yadgir,Yadgir City,Traffic PS,Domestic Violence,16.622305,77.272171,09-08-2023,low,investigating
Shivamogga,Shivamogga City,Traffic PS,Domestic Violence,13.713737,75.29366,02-05-2024,low,closed
Bidar,Bhalki,Bhalki PS,Murder,17.615866,77.573027,04-07-2023,medium,closed
Raichur,Raichur City,Traffic PS,Robbery,16.0498,77.639627,13-07-2024,medium,closed
Vijayapura,Indi,Rural PS,Murder,16.940027,75.987885,31-01-2023,low,open
Mysuru,Mysuru City,Devaraja PS,Fraud,12.586054,76.815056,17-05-2024,medium,open
Kodagu,Somwarpet,Rural PS,Murder,12.071237,75.571934,24-06-2024,low,closed
Belagavi,Chikodi,Rural PS,Robbery,16.134455,74.526154,08-07-2023,high,closed
Uttara Kannada,Sirsi,Rural PS,Vehicle Theft,14.972498,74.398273,27-08-2023,low,open
Bengaluru Rural,Doddaballapura,Rural PS,Cybercrime,13.319887,77.481553,02-10-2023,high,open
Haveri,Haveri,Haveri PS,Cybercrime,14.590914,75.642498,12-12-2023,medium,investigating
Kolar,Bangarapet,Rural PS,Cybercrime,12.991756,78.000095,12-09-2024,low,closed
Hubballi-Dharwad,Dharwad,Sub Urban PS,Cybercrime,15.201767,75.288157,01-12-2024,low,closed
Ramanagara,Ramanagara,Town PS,Mobile Theft,12.542551,77.255174,19-11-2024,high,closed
Ramanagara,Ramanagara,Town PS,Cybercrime,12.931795,77.325567,14-05-2023,low,open
Bidar,Basavakalyan,Town PS,Murder,18.150073,77.700175,08-01-2024,low,closed
Chitradurga,Hiriyur,Hiriyur PS,Murder,14.27051,76.199739,25-09-2024,low,open
Vijayapura,Indi,Town PS,Murder,16.561173,75.747082,09-01-2024,high,closed
Bengaluru Urban,Koramangala,Madiwala PS,Domestic Violence,13.013875,77.706345,10-08-2023,low,investigating
Shivamogga,Shivamogga City,Doddapete PS,Assault,13.790573,75.508716,17-07-2023,medium,open
Kodagu,Virajpet,Rural PS,Cybercrime,12.505485,75.776106,03-12-2024,low,closed
Belagavi,Gokak,Rural PS,Cybercrime,16.120467,74.771551,01-11-2024,low,closed
Chikkamagaluru,Chikkamagaluru City,Traffic PS,Assault,13.253456,75.861541,29-11-2023,low,open
Chikkamagaluru,Tarikere,Tarikere PS,Drug Offense,13.369796,75.558446,29-02-2024,medium,open
Chikkaballapura,Sidlaghatta,Town PS,Cybercrime,13.646618,77.70784,06-03-2023,low,closed
Vijayapura,Sindagi,Rural PS,Assault,16.691888,75.902944,12-03-2024,medium,closed
Chitradurga,Hosadurga,Hosadurga PS,Theft,14.124558,76.210739,10-12-2024,medium,closed
Mysuru,Nanjangud,Nanjangud Town PS,Cybercrime,12.168351,76.695107,15-12-2023,low,closed
Davangere,Honnali,Rural PS,Drug Offense,14.474339,76.151635,11-04-2024,low,investigating
Bidar,Bidar City,Traffic PS,Domestic Violence,17.926569,77.482018,23-06-2023,low,open
Chikkamagaluru,Kadur,Town PS,Mobile Theft,13.086247,75.759085,05-01-2024,medium,open
Dakshina Kannada,Puttur,Town PS,Chain Snatching,13.140678,75.139971,22-12-2023,low,open
Chikkaballapura,Sidlaghatta,Rural PS,Robbery,13.176911,77.801089,07-02-2023,low,open
Chikkaballapura,Bagepalli,Bagepalli PS,Murder,13.38102,77.517628,17-10-2024,medium,open
Shivamogga,Bhadravati,Paper Town PS,Vehicle Theft,14.129513,75.830365,26-10-2024,low,open
Bengaluru Rural,Doddaballapura,Doddaballapura PS,Cybercrime,13.495933,77.535087,11-05-2023,low,closed
Uttara Kannada,Sirsi,Rural PS,Assault,14.858532,74.675002,21-12-2023,low,investigating
Chikkaballapura,Chikkaballapura,Traffic PS,Domestic Violence,13.250506,77.596994,02-02-2023,medium,closed
Mysuru,Mysuru City,Nazarbad PS,Theft,12.456299,76.931794,07-03-2024,low,closed
Vijayapura,Vijayapura City,Adarsh Nagar PS,Murder,17.057918,75.93816,16-10-2024,low,investigating
Yadgir,Shahapur,Shahapur PS,Robbery,16.480929,77.299556,01-03-2024,low,open
Shivamogga,Shivamogga City,Vinobanagar PS,Vehicle Theft,13.743855,75.784735,03-01-2023,low,investigating
Mangaluru,Mangaluru,Pandeshwar PS,Mobile Theft,12.749292,74.960834,27-07-2024,medium,open
Kodagu,Somwarpet,Rural PS,Burglary,12.484703,75.524006,19-12-2024,medium,open
Belagavi,Gokak,Traffic PS,Mobile Theft,15.706609,74.526544,30-10-2024,low,investigating
Bengaluru Rural,Nelamangala,Traffic PS,Theft,13.358272,77.633831,31-08-2023,medium,investigating
Chikkaballapura,Chikkaballapura,Chikkaballapura PS,Land Dispute,13.477073,77.7362,15-03-2024,low,investigating
Dakshina Kannada,Sullia,Town PS,Domestic Violence,12.930406,75.047565,12-12-2023,medium,investigating
Vijayapura,Vijayapura City,Traffic PS,Fraud,16.790041,75.472763,25-04-2023,low,closed
Dakshina Kannada,Puttur,Puttur PS,Robbery,13.056079,75.265122,21-08-2023,low,investigating
Hassan,Sakleshpur,Rural PS,Robbery,13.05075,75.916801,04-12-2024,low,open
Ramanagara,Kanakapura,Kanakapura PS,Land Dispute,12.876616,77.356387,23-11-2024,low,closed
Udupi,Karkala,Ajekar PS,Domestic Violence,13.11916,74.753449,01-02-2024,low,open
Gadag,Mundargi,Mundargi PS,Chain Snatching,15.310771,75.595681,28-06-2023,high,closed
Mysuru,Nanjangud,Rural PS,Mobile Theft,12.272319,76.340115,04-03-2023,medium,investigating
Tumakuru,Tumakuru City,Traffic PS,Burglary,13.350707,77.278929,15-03-2023,high,investigating
Kodagu,Virajpet,Rural PS,Domestic Violence,12.259697,75.637713,29-10-2023,high,open
Chamarajanagar,Kollegal,Rural PS,Burglary,11.695611,76.893936,20-05-2024,low,open
Raichur,Sindhanur,Rural PS,Domestic Violence,15.936463,77.106597,18-10-2023,low,closed
Belagavi,Chikodi,Rural PS,Domestic Violence,15.615678,74.656379,23-09-2023,medium,closed
Hubballi-Dharwad,Navanagar,Rural PS,Fraud,15.430877,74.949168,04-09-2024,high,closed
Mangaluru,Ullal,Kotekar PS,Vehicle Theft,12.692458,74.66566,05-08-2024,high,open
Uttara Kannada,Bhatkal,Rural PS,Robbery,14.922659,74.907612,24-01-2024,low,closed
Haveri,Haveri,Traffic PS,Land Dispute,14.757941,75.475506,21-09-2024,medium,investigating
Kodagu,Madikeri,Madikeri PS,Robbery,12.222146,75.558037,19-12-2024,low,open
Kolar,Kolar,Town PS,Kidnapping,13.265348,78.369823,19-09-2024,high,open
Vijayapura,Vijayapura City,Adarsh Nagar PS,Kidnapping,16.903551,75.814943,27-05-2024,low,open
Bengaluru Rural,Devanahalli,Vijayapura PS,Domestic Violence,13.237116,77.652973,02-06-2023,medium,investigating
Gadag,Ron,Ron PS,Murder,15.450333,75.65864,21-08-2024,low,investigating
Ballari,Ballari City,Ballari PS,Drug Offense,14.975994,76.942495,02-07-2024,medium,investigating
Bidar,Bidar City,Traffic PS,Drug Offense,18.053533,77.753444,22-03-2024,low,closed
Dakshina Kannada,Sullia,Rural PS,Fraud,12.768654,75.295668,22-09-2024,low,open
Kolar,Bangarapet,Bangarapet PS,Land Dispute,13.196932,78.273383,07-04-2023,low,open
Bengaluru Urban,Koramangala,Koramangala PS,Land Dispute,13.227892,77.509382,31-07-2023,low,investigating
Belagavi,Chikodi,Chikodi PS,Vehicle Theft,15.77709,74.778052,01-02-2023,high,open
Mangaluru,Surathkal,Surathkal PS,Fraud,12.946911,74.940161,09-03-2024,medium,investigating
Yadgir,Gurmitkal,Gurmitkal PS,Domestic Violence,16.475479,77.148359,18-09-2024,low,closed
Haveri,Ranebennur,Town PS,Domestic Violence,14.866853,75.589175,12-11-2023,low,investigating
Shivamogga,Sagara,Sagara PS,Fraud,13.730262,75.591566,09-02-2023,medium,closed
Hassan,Sakleshpur,Town PS,Vehicle Theft,12.752916,75.821348,21-09-2024,high,closed
Haveri,Savanur,Town PS,Cybercrime,14.896626,75.639269,15-03-2023,medium,investigating
Udupi,Karkala,Karkala PS,Drug Offense,13.538904,74.777407,02-06-2023,medium,closed
Hassan,Sakleshpur,Town PS,Murder,13.161243,75.93138,21-02-2023,medium,closed
Belagavi,Belagavi City,Market PS,Murder,15.595687,74.714808,31-08-2024,medium,open
Bengaluru Rural,Devanahalli,Vijayapura PS,Robbery,13.364846,77.735591,27-06-2024,high,investigating
Vijayapura,Vijayapura City,Gandhi Chowk PS,Land Dispute,16.767988,75.718983,13-03-2024,medium,investigating
Bidar,Basavakalyan,Town PS,Fraud,17.721778,77.515346,15-02-2023,low,closed
Vijayapura,Vijayapura City,Adarsh Nagar PS,Domestic Violence,16.99665,75.653957,30-07-2024,low,open
Chikkamagaluru,Kadur,Town PS,Robbery,13.333854,75.685838,11-06-2023,high,open
Koppal,Kushtagi,Kushtagi PS,Domestic Violence,15.449728,75.883643,14-09-2024,low,open
Haveri,Ranebennur,Town PS,Burglary,14.834035,75.428224,07-06-2023,low,closed
Chikkamagaluru,Chikkamagaluru City,Town PS,Assault,13.584374,75.697535,20-01-2023,low,open
Bidar,Basavakalyan,Rural PS,Burglary,17.727614,77.50107,30-07-2024,high,investigating
Koppal,Kushtagi,Town PS,Theft,15.295442,76.357971,30-04-2024,low,closed
Raichur,Sindhanur,Sindhanur PS,Land Dispute,15.914936,77.300306,11-07-2023,low,closed
Chikkamagaluru,Tarikere,Rural PS,Domestic Violence,13.587534,76.066051,27-06-2023,low,closed
Bidar,Bidar City,New Town PS,Theft,18.038291,77.357308,18-08-2023,medium,closed
Bengaluru Urban,Whitefield,Varthur PS,Assault,12.738693,77.661797,01-10-2023,low,investigating
Bengaluru Rural,Devanahalli,Vijayapura PS,Chain Snatching,13.170507,77.667759,31-07-2023,low,investigating
Chikkamagaluru,Tarikere,Rural PS,Murder,13.19828,75.57212,25-10-2024,low,closed
Mandya,Maddur,Town PS,Cybercrime,12.349923,76.874174,19-05-2023,low,open
Hubballi-Dharwad,Dharwad,Dharwad Town PS,Theft,15.155132,75.135797,29-08-2024,high,investigating
Udupi,Kundapura,Gangolli PS,Cybercrime,13.242528,74.582928,02-08-2024,low,closed
Haveri,Ranebennur,Rural PS,Burglary,14.757962,75.441643,05-04-2024,medium,investigating
Kalaburagi,Jewargi,Rural PS,Fraud,17.225393,76.666552,17-08-2024,medium,closed
Kolar,Malur,Town PS,Domestic Violence,12.948651,78.357184,28-12-2024,low,closed
Dakshina Kannada,Puttur,Puttur PS,Assault,12.602739,75.43632,24-10-2023,low,investigating
Belagavi,Chikodi,Chikodi PS,Burglary,15.862189,74.434732,15-08-2024,high,investigating
Gadag,Gadag,Betageri PS,Assault,15.65581,75.843069,12-06-2024,low,investigating
Hassan,Hassan City,Traffic PS,Cybercrime,13.218582,76.160285,20-04-2024,medium,closed
Kodagu,Madikeri,Rural PS,Theft,12.587061,75.584844,21-04-2024,low,investigating
Haveri,Haveri,Haveri PS,Murder,14.514778,75.334902,11-09-2023,medium,investigating
Kalaburagi,Kalaburagi City,Station Bazaar PS,Robbery,17.195372,76.625122,05-03-2023,low,investigating
Ramanagara,Ramanagara,Ramanagara PS,Burglary,12.964422,77.017959,14-06-2024,high,investigating
Chikkaballapura,Sidlaghatta,Sidlaghatta PS,Vehicle Theft,13.56485,78.00206,20-11-2024,low,closed
Mangaluru,Ullal,Konaje PS,Burglary,12.744936,74.914561,16-10-2024,medium,investigating
Davangere,Harihar,Town PS,Domestic Violence,14.490585,75.838882,25-09-2023,low,investigating
Shivamogga,Shivamogga City,Traffic PS,Chain Snatching,14.080123,75.594923,23-06-2023,low,open
Shivamogga,Bhadravati,Bhadravati PS,Burglary,13.784737,75.554806,16-01-2023,medium,closed
Chikkaballapura,Bagepalli,Rural PS,Burglary,13.5744,77.667727,25-02-2023,medium,closed
Hassan,Hassan City,Traffic PS,Kidnapping,13.17668,76.229775,27-04-2023,low,open
Belagavi,Gokak,Rural PS,Mobile Theft,16.004294,74.319212,11-07-2023,low,investigating
Ramanagara,Ramanagara,Traffic PS,Chain Snatching,12.897236,77.425045,24-04-2023,low,investigating
Shivamogga,Bhadravati,Bhadravati PS,Drug Offense,13.900765,75.539346,15-12-2024,medium,closed
Kodagu,Madikeri,Madikeri PS,Land Dispute,12.374134,75.542276,04-04-2024,low,investigating
Chikkamagaluru,Kadur,Town PS,Robbery,13.554859,75.625959,04-08-2024,medium,open
Bengaluru Rural,Nelamangala,Soladevanahalli PS,Land Dispute,12.988058,77.162816,24-09-2024,low,investigating
Udupi,Karkala,Hebri PS,Domestic Violence,13.119097,74.774134,11-08-2023,low,closed
Shivamogga,Sagara,Rural PS,Drug Offense,13.953985,75.736241,21-10-2023,medium,open
Vijayapura,Indi,Rural PS,Land Dispute,16.596217,75.702858,11-07-2024,low,closed
Bengaluru Urban,Whitefield,Whitefield PS,Kidnapping,13.188585,77.476422,03-05-2023,low,investigating
Bidar,Bhalki,Bhalki PS,Kidnapping,17.891459,77.332235,03-08-2024,low,investigating
Davangere,Honnali,Rural PS,Fraud,14.569198,75.881741,02-03-2024,low,investigating
Bidar,Basavakalyan,Town PS,Murder,17.644655,77.495211,11-02-2024,low,investigating
Hubballi-Dharwad,Dharwad,Sub Urban PS,Chain Snatching,15.33231,75.412198,05-04-2023,low,open
Raichur,Raichur City,Raichur PS,Assault,16.382715,77.207101,10-08-2024,low,closed
Vijayapura,Vijayapura City,Traffic PS,Domestic Violence,16.760948,75.433633,16-10-2024,medium,investigating
Davangere,Honnali,Rural PS,Chain Snatching,14.193734,76.203205,07-01-2023,medium,closed
Kodagu,Virajpet,Virajpet PS,Robbery,12.093794,75.718291,03-09-2023,medium,closed
Shivamogga,Sagara,Sagara PS,Murder,13.874981,75.698672,20-02-2023,low,closed
Mysuru,Nanjangud,Nanjangud Town PS,Assault,12.019224,76.46356,14-11-2023,medium,open
Bengaluru Rural,Doddaballapura,Rural PS,Kidnapping,13.163823,77.528922,05-09-2023,medium,closed
Bengaluru Urban,Whitefield,Varthur PS,Assault,12.747359,77.789881,23-12-2023,low,investigating
Kolar,Kolar,Town PS,Assault,12.843593,78.419667,24-05-2023,low,open
Hassan,Arsikere,Arsikere PS,Chain Snatching,12.942896,75.965463,02-01-2023,low,open
Ramanagara,Kanakapura,Town PS,Kidnapping,12.719182,76.989158,13-10-2024,low,closed
Chitradurga,Hosadurga,Hosadurga PS,Fraud,14.44103,76.648084,20-06-2024,low,investigating
Vijayapura,Indi,Indi PS,Theft,16.583739,75.967688,06-05-2023,low,open
Vijayapura,Vijayapura City,Traffic PS,Drug Offense,16.655204,75.440525,04-10-2024,low,closed
Chikkamagaluru,Chikkamagaluru City,Traffic PS,Chain Snatching,13.110107,75.475077,27-06-2024,low,open
Ramanagara,Ramanagara,Traffic PS,Assault,12.665767,77.344566,31-10-2023,high,investigating
Kodagu,Virajpet,Town PS,Theft,12.064287,75.643631,20-01-2023,high,investigating
Dakshina Kannada,Bantwal,Rural PS,Burglary,13.093389,75.403747,11-12-2024,low,investigating
Yadgir,Yadgir City,Yadgir PS,Land Dispute,16.760871,77.197932,27-02-2024,low,investigating
Tumakuru,Tiptur,Tiptur PS,Burglary,13.210549,76.939817,11-12-2023,low,investigating
Bengaluru Rural,Doddaballapura,Rural PS,Kidnapping,13.355329,77.442175,21-10-2024,low,investigating
Gadag,Mundargi,Town PS,Drug Offense,15.49909,75.351467,08-12-2024,medium,investigating
Kalaburagi,Jewargi,Jewargi PS,Mobile Theft,17.306075,76.967016,21-05-2024,high,closed
Ballari,Hospet,Traffic PS,Kidnapping,15.433039,77.077286,20-03-2024,medium,investigating
Mangaluru,Surathkal,Surathkal PS,Assault,12.780783,74.937484,20-06-2024,medium,open
Mysuru,Nanjangud,Nanjangud Town PS,Cybercrime,11.998548,76.683571,31-07-2024,low,investigating
Hassan,Hassan City,Traffic PS,Burglary,13.096026,75.922796,05-04-2023,high,closed
Kodagu,Madikeri,Madikeri PS,Vehicle Theft,12.348646,75.948269,15-01-2024,low,closed
Haveri,Ranebennur,Rural PS,Fraud,15.074927,75.571581,10-12-2023,low,investigating
Koppal,Gangavathi,Town PS,Mobile Theft,15.48119,76.411949,25-02-2023,low,closed
Chikkamagaluru,Kadur,Town PS,Mobile Theft,13.207381,75.784932,06-04-2024,high,open
Raichur,Sindhanur,Rural PS,Kidnapping,16.363024,77.564012,04-04-2023,low,closed
Gadag,Mundargi,Rural PS,Burglary,15.171769,75.544951,10-04-2023,low,investigating
Chitradurga,Hiriyur,Town PS,Domestic Violence,13.94418,76.355222,23-12-2024,medium,closed
Bengaluru Urban,Whitefield,Whitefield PS,Domestic Violence,13.097575,77.854354,21-01-2023,medium,investigating
Bidar,Basavakalyan,Town PS,Murder,18.070442,77.595245,15-06-2023,low,investigating
Udupi,Karkala,Karkala PS,Assault,13.316223,74.963584,14-09-2024,low,closed
Ramanagara,Kanakapura,Town PS,Fraud,12.617728,77.451205,18-03-2023,low,investigating
Vijayapura,Sindagi,Sindagi PS,Burglary,16.744872,75.421785,27-11-2024,low,investigating
Ballari,Hospet,Rural PS,Mobile Theft,15.420307,76.937073,27-01-2024,low,closed
Mangaluru,Surathkal,Surathkal PS,Burglary,12.714989,74.973281,31-10-2023,high,closed
Koppal,Gangavathi,Gangavathi PS,Kidnapping,15.17974,76.211258,13-09-2024,medium,open
Bengaluru Urban,Whitefield,Varthur PS,Robbery,13.214041,77.419218,09-07-2024,high,investigating
Chikkaballapura,Bagepalli,Town PS,Assault,13.358647,77.936094,26-05-2024,low,investigating
Haveri,Ranebennur,Ranebennur PS,Drug Offense,14.504301,75.628466,01-07-2024,medium,investigating
Kolar,Malur,Malur PS,Assault,13.325336,77.920135,05-11-2024,low,investigating
Kalaburagi,Kalaburagi City,Station Bazaar PS,Cybercrime,17.237801,76.65082,04-09-2023,low,closed
Belagavi,Chikodi,Chikodi PS,Fraud,15.574219,74.351152,27-07-2024,low,open
Chikkamagaluru,Chikkamagaluru City,Chikkamagaluru PS,Drug Offense,13.24565,75.652631,05-05-2024,low,closed
Bidar,Bidar City,Traffic PS,Fraud,18.154278,77.673412,25-09-2024,medium,closed
Bidar,Bhalki,Bhalki PS,Drug Offense,17.942914,77.608145,17-08-2024,low,closed
Haveri,Savanur,Rural PS,Theft,14.76186,75.499472,29-02-2024,low,open
Vijayapura,Sindagi,Town PS,Assault,16.763854,75.418368,09-07-2024,low,open
Chamarajanagar,Chamarajanagar,Town PS,Mobile Theft,12.074034,76.959925,21-03-2023,low,investigating
Dakshina Kannada,Bantwal,Town PS,Theft,12.566467,75.492149,28-01-2023,low,open
Ramanagara,Kanakapura,Kanakapura PS,Theft,12.986384,77.169407,03-04-2023,high,closed
Kalaburagi,Jewargi,Jewargi PS,Assault,17.424322,76.813792,27-11-2023,medium,investigating
Hubballi-Dharwad,Dharwad,Sub Urban PS,Domestic Violence,15.5483,75.038761,22-02-2023,low,open
Shivamogga,Bhadravati,Bhadravati PS,Chain Snatching,13.76775,75.774355,02-09-2023,low,investigating
Gadag,Ron,Town PS,Murder,15.653649,75.820196,19-11-2023,low,open
Mangaluru,Surathkal,Mulki PS,Kidnapping,12.867955,75.13203,17-09-2023,high,investigating
Chikkamagaluru,Tarikere,Rural PS,Fraud,13.105097,76.069873,23-03-2023,low,investigating
Chikkamagaluru,Chikkamagaluru City,Traffic PS,Assault,13.320054,75.774265,18-05-2023,medium,open
Koppal,Gangavathi,Town PS,Chain Snatching,15.581946,76.20567,22-12-2024,low,open
Kalaburagi,Sedam,Rural PS,Vehicle Theft,17.154144,76.550804,11-02-2024,low,closed
Raichur,Raichur City,Traffic PS,Fraud,16.078697,77.136998,23-10-2023,medium,closed
Raichur,Sindhanur,Sindhanur PS,Theft,16.409172,77.093086,22-09-2023,low,open
Ballari,Ballari City,Ballari PS,Cybercrime,15.129328,77.145953,20-09-2024,medium,closed
Davangere,Honnali,Rural PS,Burglary,14.744977,75.831565,29-10-2024,low,open
Uttara Kannada,Sirsi,Town PS,Theft,14.89846,74.674375,27-03-2024,low,investigating
Hassan,Arsikere,Arsikere PS,Murder,13.115359,75.813257,08-03-2024,medium,closed
Kalaburagi,Jewargi,Jewargi PS,Murder,17.478922,76.630806,23-06-2023,low,open
Ballari,Hospet,Traffic PS,Burglary,15.228409,76.935268,04-08-2023,medium,open
Yadgir,Gurmitkal,Town PS,Robbery,16.626062,77.038242,12-01-2024,low,closed
Koppal,Kushtagi,Town PS,Mobile Theft,15.576497,75.948085,12-10-2023,high,closed
Davangere,Honnali,Rural PS,Chain Snatching,14.489119,75.787241,25-03-2023,medium,open
Shivamogga,Sagara,Sagara PS,Assault,14.155733,75.705725,25-07-2024,low,open
Belagavi,Gokak,Traffic PS,Vehicle Theft,15.887041,74.542097,26-10-2024,medium,open
Hubballi-Dharwad,Dharwad,Sub Urban PS,Mobile Theft,15.467905,74.940041,14-10-2023,low,open
Mysuru,Nanjangud,Traffic PS,Chain Snatching,12.480711,76.376277,19-07-2023,high,investigating
Mangaluru,Surathkal,Surathkal PS,Domestic Violence,13.071615,74.937879,30-04-2023,low,open
Koppal,Kushtagi,Rural PS,Vehicle Theft,15.625078,76.317303,02-04-2023,medium,open
Kolar,Kolar,Kolar PS,Assault,12.967244,78.101539,18-07-2024,low,investigating
Udupi,Karkala,Ajekar PS,Vehicle Theft,13.466347,75.01596,22-01-2024,high,investigating
Udupi,Kundapura,Byndoor PS,Burglary,13.625792,74.873692,31-05-2024,low,closed
Gadag,Mundargi,Mundargi PS,Murder,15.298068,75.825509,10-03-2023,low,closed
Vijayapura,Vijayapura City,Gandhi Chowk PS,Domestic Violence,16.970756,75.87647,24-06-2024,medium,closed
Chamarajanagar,Kollegal,Town PS,Cybercrime,11.7501,76.920108,16-08-2023,medium,closed
Hubballi-Dharwad,Hubballi,Old Hubballi PS,Mobile Theft,15.151307,74.930268,06-07-2023,high,closed
Bidar,Bidar City,Bidar PS,Kidnapping,17.74989,77.262301,13-06-2023,low,open
Ballari,Hospet,Hospet Town PS,Fraud,15.191362,77.154369,29-05-2024,low,closed
Hassan,Arsikere,Arsikere PS,Robbery,13.135471,75.912312,19-07-2023,low,investigating
Chikkaballapura,Bagepalli,Bagepalli PS,Cybercrime,13.543185,77.591657,16-11-2024,high,closed
Yadgir,Gurmitkal,Town PS,Vehicle Theft,16.629074,77.437651,23-11-2024,low,closed
Mysuru,Hunsur,Rural PS,Assault,12.146954,76.726326,08-05-2024,low,investigating
Mandya,Srirangapatna,Rural PS,Vehicle Theft,12.679307,76.965774,02-10-2024,medium,closed
Kalaburagi,Kalaburagi City,University PS,Murder,17.20221,76.552932,26-11-2023,high,investigating
Chikkamagaluru,Kadur,Kadur PS,Drug Offense,13.076405,75.744411,08-01-2024,medium,closed
Ramanagara,Magadi,Magadi PS,Domestic Violence,12.666578,77.058691,26-03-2023,low,investigating
Bidar,Bhalki,Bhalki PS,Land Dispute,17.734458,77.529479,05-09-2024,medium,closed
Mysuru,Nanjangud,Nanjangud Town PS,Drug Offense,12.324677,76.365297,24-07-2024,medium,investigating
Chitradurga,Chitradurga,Town PS,Burglary,14.191383,76.668316,30-07-2023,low,investigating
Vijayapura,Indi,Indi PS,Vehicle Theft,16.648051,75.557971,28-08-2023,high,investigating
Vijayapura,Vijayapura City,Adarsh Nagar PS,Chain Snatching,16.924973,75.534133,06-06-2023,low,open
Kalaburagi,Kalaburagi City,Station Bazaar PS,Murder,17.265537,76.634815,02-04-2024,low,investigating
Raichur,Sindhanur,Town PS,Domestic Violence,16.02876,77.245469,03-10-2024,high,open
Kodagu,Madikeri,Madikeri PS,Burglary,12.401599,76.088096,22-05-2023,high,investigating
Kodagu,Somwarpet,Rural PS,Domestic Violence,12.213296,75.984699,15-09-2023,low,closed
Hubballi-Dharwad,Dharwad,Traffic PS,Mobile Theft,15.36053,75.399994,12-05-2024,low,investigating
Tumakuru,Tiptur,Town PS,Chain Snatching,13.258927,77.065549,19-09-2023,low,open
Chikkaballapura,Chikkaballapura,Chikkaballapura PS,Vehicle Theft,13.178918,77.524254,18-08-2023,low,closed
Bidar,Bhalki,Bhalki PS,Vehicle Theft,17.983584,77.590073,13-07-2024,low,investigating
Koppal,Gangavathi,Town PS,Robbery,15.48394,76.253093,07-07-2024,low,closed
Ramanagara,Magadi,Town PS,Mobile Theft,12.921891,77.090653,16-03-2023,medium,investigating
Kalaburagi,Kalaburagi City,Brahmapur PS,Assault,17.270453,76.617042,19-03-2024,low,closed
Shivamogga,Shivamogga City,Vinobanagar PS,Fraud,14.134196,75.574681,30-11-2024,low,closed
Tumakuru,Tumakuru City,New Extension PS,Murder,13.133811,77.13676,05-09-2023,medium,closed
Kalaburagi,Sedam,Sedam PS,Domestic Violence,17.474112,77.09265,21-09-2023,medium,open
Dakshina Kannada,Puttur,Puttur PS,Murder,13.11798,75.238179,22-11-2024,low,investigating
Chitradurga,Hiriyur,Town PS,Vehicle Theft,14.459273,76.345797,25-03-2024,low,investigating
Mysuru,Hunsur,Hunsur PS,Murder,12.106243,76.501838,06-07-2023,medium,investigating
Hassan,Sakleshpur,Rural PS,Drug Offense,13.043621,75.972162,26-09-2024,medium,closed
Vijayapura,Vijayapura City,Adarsh Nagar PS,Land Dispute,16.606259,75.824826,03-07-2024,medium,open
Gadag,Mundargi,Town PS,Fraud,15.191428,75.625485,27-02-2024,low,investigating
Chitradurga,Hiriyur,Rural PS,Burglary,14.513215,76.607143,28-04-2024,low,closed
Udupi,Karkala,Karkala PS,Burglary,13.344661,74.851999,07-06-2024,low,open
Chamarajanagar,Gundlupet,Rural PS,Vehicle Theft,11.664179,76.862548,20-04-2023,low,closed
Uttara Kannada,Bhatkal,Rural PS,Land Dispute,14.830406,74.761794,14-10-2023,medium,open
Kodagu,Somwarpet,Rural PS,Burglary,12.21938,75.872095,02-01-2023,low,investigating
Kalaburagi,Jewargi,Jewargi PS,Drug Offense,17.504098,76.916453,19-05-2023,low,investigating
Hubballi-Dharwad,Dharwad,Traffic PS,Chain Snatching,15.559852,74.938344,06-07-2023,high,open
Chikkamagaluru,Tarikere,Tarikere PS,Cybercrime,13.293501,75.704229,28-02-2023,medium,investigating
Koppal,Kushtagi,Rural PS,Fraud,15.467461,75.870614,19-06-2023,low,open
Chikkaballapura,Bagepalli,Rural PS,Theft,13.316644,77.502783,15-05-2024,low,investigating
Chikkamagaluru,Kadur,Town PS,Land Dispute,13.04016,75.868417,14-08-2024,low,closed
Davangere,Honnali,Nyamathi PS,Mobile Theft,14.275009,75.974505,10-03-2024,high,open
Koppal,Gangavathi,Town PS,Theft,15.502139,76.401316,02-03-2024,medium,investigating
Hassan,Sakleshpur,Rural PS,Burglary,12.943069,76.351407,27-12-2023,low,open
Davangere,Davangere City,KTJ Nagar PS,Murder,14.364527,75.778652,19-04-2023,high,closed
Koppal,Gangavathi,Gangavathi PS,Theft,15.501154,76.41894,15-07-2024,high,closed
Ballari,Hospet,Traffic PS,Land Dispute,14.956958,76.74044,26-09-2024,low,closed
Bengaluru Urban,Koramangala,Koramangala PS,Drug Offense,12.928781,77.355064,25-09-2024,medium,closed
Kodagu,Somwarpet,Rural PS,Chain Snatching,12.569377,75.637484,09-10-2023,low,open
Hassan,Hassan City,Hassan PS,Land Dispute,13.035359,76.154912,28-05-2023,high,investigating
Yadgir,Yadgir City,Town PS,Land Dispute,17.007528,76.83837,30-04-2023,high,investigating
Yadgir,Gurmitkal,Town PS,Drug Offense,16.619039,76.946302,18-05-2024,high,closed
Bengaluru Urban,Yelahanka,Attur PS,Kidnapping,13.210757,77.487659,14-03-2023,high,investigating
Udupi,Kundapura,Gangolli PS,Drug Offense,13.548994,74.996328,15-10-2023,low,investigating
Vijayapura,Indi,Rural PS,Chain Snatching,17.043677,75.708648,31-10-2024,medium,closed
Uttara Kannada,Bhatkal,Rural PS,Drug Offense,14.795463,74.88254,03-08-2023,medium,open
Ballari,Sandur,Toranagallu PS,Fraud,15.377429,76.674892,09-03-2023,medium,open
Bengaluru Urban,Koramangala,Koramangala PS,Theft,13.212383,77.310988,26-11-2024,low,open
Kalaburagi,Sedam,Sedam PS,Assault,17.261538,76.803196,19-06-2024,low,investigating
Tumakuru,Madhugiri,Madhugiri PS,Kidnapping,13.41382,77.062393,25-09-2024,low,closed
Chamarajanagar,Kollegal,Rural PS,Drug Offense,11.654292,77.091807,18-05-2024,low,open
Yadgir,Gurmitkal,Town PS,Drug Offense,17.015261,77.105706,23-09-2024,medium,closed
Bengaluru Urban,Whitefield,Varthur PS,Fraud,13.131101,77.54829,20-11-2023,medium,open
Ramanagara,Magadi,Town PS,Mobile Theft,12.841668,77.423244,11-10-2023,low,closed
Haveri,Ranebennur,Rural PS,Vehicle Theft,14.985813,75.539349,10-11-2024,high,open
Chitradurga,Chitradurga,Chitradurga PS,Drug Offense,13.953682,76.549397,02-05-2023,medium,open
Raichur,Sindhanur,Sindhanur PS,Mobile Theft,16.287178,77.223641,28-08-2024,medium,investigating
Udupi,Kundapura,Byndoor PS,Cybercrime,13.373919,74.534914,12-10-2024,medium,investigating
Hubballi-Dharwad,Dharwad,Dharwad Town PS,Burglary,15.129099,75.246732,07-09-2023,medium,investigating
Belagavi,Belagavi City,Market PS,Land Dispute,16.138683,74.795425,25-01-2024,low,open
Kodagu,Madikeri,Madikeri PS,Cybercrime,12.098482,76.069141,06-08-2023,low,open
Kalaburagi,Kalaburagi City,University PS,Chain Snatching,17.479118,77.096095,25-09-2023,medium,open
Kalaburagi,Sedam,Rural PS,Burglary,17.430368,77.00067,28-05-2023,low,closed
Belagavi,Belagavi City,Belagavi PS,Domestic Violence,15.633344,74.660444,16-05-2023,low,open
Yadgir,Shahapur,Rural PS,Chain Snatching,17.048642,77.224639,29-02-2024,low,open
Shivamogga,Sagara,Sagara PS,Kidnapping,13.724312,75.388123,04-01-2024,medium,investigating
Chitradurga,Chitradurga,Chitradurga PS,Robbery,14.072293,76.359166,23-11-2024,low,investigating
Dakshina Kannada,Puttur,Town PS,Land Dispute,13.03931,75.336226,12-05-2023,low,investigating
Tumakuru,Tiptur,Town PS,Vehicle Theft,13.081122,77.044043,12-09-2023,low,closed
Koppal,Gangavathi,Rural PS,Kidnapping,15.303692,76.225658,02-06-2023,low,investigating
Mysuru,Hunsur,Rural PS,Cybercrime,12.278481,76.838369,18-11-2023,medium,open
Raichur,Sindhanur,Rural PS,Cybercrime,16.070338,77.190558,23-06-2023,medium,investigating
Davangere,Honnali,Nyamathi PS,Fraud,14.523299,76.205049,28-11-2023,low,open
Mangaluru,Mangaluru,Pandeshwar PS,Domestic Violence,13.01414,74.733749,22-11-2024,low,closed
Bengaluru Urban,Whitefield,Whitefield PS,Burglary,12.738073,77.517059,06-02-2024,high,closed
Chitradurga,Hiriyur,Town PS,Robbery,14.032296,76.684171,28-02-2024,medium,open
Ramanagara,Kanakapura,Town PS,Burglary,12.771864,77.436495,28-06-2023,high,open
Raichur,Sindhanur,Town PS,Vehicle Theft,15.928015,77.360606,19-01-2024,high,open
Mangaluru,Surathkal,Panambur PS,Chain Snatching,12.650753,75.024956,01-03-2024,low,closed
Belagavi,Belagavi City,Market PS,Cybercrime,15.776367,74.263562,22-09-2024,low,open
Chamarajanagar,Kollegal,Rural PS,Fraud,11.832412,77.175364,25-04-2023,high,closed
Udupi,Karkala,Karkala PS,Murder,13.27248,74.591659,22-10-2023,low,investigating
Belagavi,Gokak,Gokak Town PS,Drug Offense,15.662525,74.337176,26-10-2024,medium,open
Chamarajanagar,Gundlupet,Rural PS,Theft,11.841645,76.996103,26-05-2024,low,open
Mysuru,Nanjangud,Nanjangud Town PS,Theft,12.102915,76.382226,07-10-2024,medium,closed
Shivamogga,Shivamogga City,Vinobanagar PS,Chain Snatching,14.013582,75.723254,18-07-2023,medium,closed
Yadgir,Shahapur,Town PS,Mobile Theft,16.587763,77.345805,28-03-2023,low,open
Ballari,Ballari City,Ballari PS,Chain Snatching,14.869951,76.783361,30-06-2024,low,investigating
Bengaluru Urban,Whitefield,Whitefield PS,Domestic Violence,12.972512,77.484371,02-06-2023,high,investigating
Yadgir,Gurmitkal,Gurmitkal PS,Drug Offense,16.751795,77.407418,06-02-2024,medium,closed
Tumakuru,Madhugiri,Madhugiri PS,Domestic Violence,13.064039,77.392564,15-04-2024,low,closed
Bengaluru Urban,Yelahanka,Yelahanka New Town PS,Land Dispute,12.982734,77.332023,19-09-2023,high,closed
Dakshina Kannada,Puttur,Puttur PS,Vehicle Theft,12.900832,75.026915,26-04-2023,high,closed
Tumakuru,Tiptur,Tiptur PS,Land Dispute,13.325086,76.855978,22-10-2023,low,open
Bidar,Bhalki,Bhalki PS,Vehicle Theft,18.112337,77.415751,21-04-2023,low,open
Raichur,Manvi,Rural PS,Cybercrime,16.337115,77.571739,25-10-2023,medium,closed
Hassan,Sakleshpur,Sakleshpur PS,Murder,13.290103,76.360559,17-06-2024,medium,closed
Gadag,Mundargi,Rural PS,Robbery,15.690865,75.848258,08-06-2024,low,investigating
Tumakuru,Tiptur,Rural PS,Burglary,13.469605,76.894089,02-10-2023,high,investigating
Ramanagara,Kanakapura,Town PS,Burglary,12.556325,77.003933,25-06-2023,low,investigating
Davangere,Davangere City,Davangere PS,Vehicle Theft,14.471844,75.676699,07-05-2023,medium,closed
Bidar,Basavakalyan,Town PS,Murder,17.625354,77.599546,01-07-2023,low,open
Vijayapura,Indi,Town PS,Drug Offense,16.72398,75.968289,14-05-2024,low,closed
Mandya,Maddur,Rural PS,Vehicle Theft,12.801536,76.644125,23-06-2024,low,closed
Raichur,Sindhanur,Town PS,Chain Snatching,16.414225,77.296456,11-07-2023,low,investigating
Tumakuru,Tiptur,Tiptur PS,Assault,13.628672,76.896849,26-12-2023,medium,investigating
Hassan,Sakleshpur,Town PS,Kidnapping,12.957383,76.37781,23-07-2024,low,open
Chikkaballapura,Bagepalli,Bagepalli PS,Theft,13.693265,77.627632,22-12-2023,low,closed
Belagavi,Belagavi City,Belagavi PS,Drug Offense,15.578796,74.23013,17-04-2024,low,investigating
Gadag,Ron,Town PS,Robbery,15.594731,75.37208,16-07-2024,high,investigating
Hubballi-Dharwad,Dharwad,Sub Urban PS,Murder,15.432873,74.860608,06-10-2023,low,closed
Tumakuru,Madhugiri,Madhugiri PS,Mobile Theft,13.416344,77.159674,04-10-2023,low,investigating
Mangaluru,Mangaluru,Mangaluru South PS,Theft,12.986424,74.871894,25-11-2024,low,closed
Dakshina Kannada,Bantwal,Bantwal PS,Vehicle Theft,12.939117,75.104637,08-05-2024,low,open
Belagavi,Chikodi,Rural PS,Theft,15.566776,74.785349,14-11-2023,medium,open
Chikkaballapura,Sidlaghatta,Sidlaghatta PS,Kidnapping,13.591692,77.66154,22-09-2023,low,closed
Chikkaballapura,Chikkaballapura,Town PS,Land Dispute,13.401022,77.864041,05-07-2024,low,closed
Chitradurga,Chitradurga,Traffic PS,Drug Offense,14.416632,76.415715,18-05-2023,medium,open
Gadag,Ron,Rural PS,Robbery,15.384948,75.378168,27-09-2023,medium,closed
Mysuru,Hunsur,Bilikere PS,Assault,12.351631,76.401668,17-05-2024,low,open
Koppal,Kushtagi,Rural PS,Domestic Violence,15.261726,76.297508,21-03-2023,high,closed
Mangaluru,Ullal,Kotekar PS,Vehicle Theft,12.743816,74.649248,17-11-2023,low,open
Chikkamagaluru,Kadur,Kadur PS,Domestic Violence,13.049995,76.014719,27-02-2024,medium,closed
Gadag,Mundargi,Rural PS,Kidnapping,15.342364,75.778942,02-03-2023,low,investigating
Bengaluru Urban,Whitefield,Kadugodi PS,Burglary,13.111765,77.55668,16-03-2024,medium,investigating
Yadgir,Gurmitkal,Gurmitkal PS,Assault,16.651855,77.255472,11-08-2023,low,closed
Vijayapura,Vijayapura City,Gandhi Chowk PS,Cybercrime,16.545692,75.480023,30-10-2024,medium,investigating
Chamarajanagar,Kollegal,Rural PS,Robbery,11.913609,76.819225,29-10-2023,low,open
Gadag,Gadag,Betageri PS,Assault,15.57597,75.616826,06-08-2024,low,closed
Uttara Kannada,Sirsi,Sirsi PS,Theft,14.609699,74.713147,19-09-2023,low,closed
Belagavi,Gokak,Traffic PS,Murder,15.889381,74.443057,13-02-2024,low,investigating
Koppal,Kushtagi,Town PS,Theft,15.533186,76.428227,09-07-2024,low,investigating
Mangaluru,Surathkal,Surathkal PS,Kidnapping,12.758616,74.662733,27-08-2023,medium,investigating
Dakshina Kannada,Sullia,Rural PS,Vehicle Theft,12.617053,75.146132,12-11-2023,medium,investigating
Bidar,Basavakalyan,Rural PS,Land Dispute,17.706358,77.605816,13-03-2024,high,open
Chikkamagaluru,Kadur,Kadur PS,Chain Snatching,13.520066,75.971527,08-05-2024,medium,open
Mangaluru,Mangaluru,Mangaluru North PS,Assault,12.704839,74.819093,05-12-2024,low,investigating
Mysuru,Hunsur,Hunsur PS,Burglary,12.499451,76.846412,18-02-2024,high,open
Mysuru,Nanjangud,Traffic PS,Mobile Theft,12.475464,76.808514,10-10-2024,low,open
Chikkamagaluru,Tarikere,Tarikere PS,Robbery,13.073652,75.869338,19-06-2024,high,open
Vijayapura,Sindagi,Rural PS,Burglary,17.079397,75.683089,04-05-2024,low,investigating
Gadag,Ron,Town PS,Murder,15.618516,75.883193,15-08-2023,low,open
Udupi,Udupi,Malpe PS,Chain Snatching,13.397523,75.026963,23-01-2024,medium,closed
Kolar,Malur,Malur PS,Land Dispute,13.321422,78.134588,30-12-2023,low,investigating
Uttara Kannada,Bhatkal,Bhatkal PS,Drug Offense,14.948286,74.679246,23-01-2024,low,open
Gadag,Mundargi,Rural PS,Assault,15.553206,75.396622,21-10-2024,medium,open
Shivamogga,Shivamogga City,Traffic PS,Burglary,14.101126,75.677137,15-07-2024,low,closed
Davangere,Harihar,Harihar PS,Kidnapping,14.471988,75.861148,23-08-2023,medium,investigating
Koppal,Gangavathi,Rural PS,Mobile Theft,15.261247,76.139945,24-05-2024,low,open
Yadgir,Yadgir City,Traffic PS,Assault,16.70558,77.373661,02-08-2023,low,investigating
Yadgir,Gurmitkal,Town PS,Murder,16.904765,77.328314,27-05-2023,low,investigating
Koppal,Kushtagi,Town PS,Chain Snatching,15.586747,75.911936,28-02-2024,medium,closed
Yadgir,Yadgir City,Yadgir PS,Fraud,16.831946,77.078067,15-12-2023,high,open
Shivamogga,Bhadravati,Bhadravati PS,Theft,14.118219,75.715354,06-12-2024,high,investigating
Kalaburagi,Kalaburagi City,Station Bazaar PS,Assault,17.112052,77.130319,25-10-2023,low,open
Hubballi-Dharwad,Hubballi,Keshwapur PS,Robbery,15.499477,75.039409,14-12-2024,medium,open
Bengaluru Rural,Nelamangala,Soladevanahalli PS,Kidnapping,12.940012,77.172767,10-08-2024,low,investigating
Chikkamagaluru,Tarikere,Rural PS,Fraud,13.068801,75.821883,03-07-2023,high,closed
Vijayapura,Indi,Rural PS,Robbery,16.893426,75.657969,30-08-2024,medium,investigating
Koppal,Koppal City,Koppal PS,Drug Offense,15.357016,76.151473,01-03-2024,low,open
Dakshina Kannada,Bantwal,Rural PS,Robbery,12.993434,75.403106,05-09-2023,medium,open
Raichur,Raichur City,Raichur PS,Assault,16.109808,77.060896,30-01-2023,medium,investigating
Kalaburagi,Sedam,Rural PS,Robbery,17.503389,76.923536,21-02-2024,low,closed
Vijayapura,Indi,Indi PS,Land Dispute,16.621983,75.682258,19-07-2024,low,open
Yadgir,Shahapur,Town PS,Drug Offense,16.849495,77.299703,29-03-2023,high,investigating
Raichur,Sindhanur,Rural PS,Mobile Theft,15.917933,77.603067,23-04-2024,low,closed
Chamarajanagar,Chamarajanagar,Traffic PS,Cybercrime,12.07661,76.840539,02-04-2023,high,open
Mangaluru,Surathkal,Mulki PS,Theft,12.916742,74.781484,25-03-2024,medium,investigating
Chitradurga,Chitradurga,Traffic PS,Land Dispute,14.381723,76.497353,10-09-2023,medium,closed
Bidar,Bhalki,Rural PS,Theft,18.000764,77.248799,09-08-2023,low,investigating
Chikkamagaluru,Chikkamagaluru City,Town PS,Kidnapping,13.279603,75.649525,23-03-2023,low,open
Chitradurga,Hiriyur,Town PS,Fraud,14.252702,76.229484,12-10-2024,low,open
Koppal,Koppal City,Town PS,Chain Snatching,15.518822,75.916003,02-09-2023,medium,investigating
Bengaluru Urban,Whitefield,Whitefield PS,Theft,13.111636,77.712007,30-11-2024,low,closed
Ballari,Ballari City,Cowl Bazaar PS,Chain Snatching,15.205157,77.02863,18-06-2024,medium,closed
Mandya,Srirangapatna,Rural PS,Mobile Theft,12.728119,77.073612,04-12-2023,medium,open
Mandya,Srirangapatna,Rural PS,Theft,12.634467,76.928902,19-11-2024,low,closed
Chamarajanagar,Chamarajanagar,Town PS,Assault,11.993583,77.000975,18-08-2024,low,investigating
Kalaburagi,Jewargi,Rural PS,Vehicle Theft,17.478726,77.02274,02-10-2024,low,open
Vijayapura,Sindagi,Sindagi PS,Fraud,16.60106,75.539481,11-06-2024,medium,open
Ballari,Ballari City,Ballari PS,Chain Snatching,15.110354,76.915393,31-05-2024,medium,closed
Ramanagara,Kanakapura,Rural PS,Theft,12.59743,77.13641,23-07-2024,low,closed
Dakshina Kannada,Bantwal,Rural PS,Land Dispute,12.81413,75.270245,02-10-2023,medium,closed
Dakshina Kannada,Puttur,Puttur PS,Burglary,12.708301,74.995373,06-06-2023,low,closed
Bengaluru Urban,Yelahanka,Yelahanka PS,Vehicle Theft,12.711208,77.448758,24-02-2023,medium,investigating
Belagavi,Gokak,Gokak Town PS,Assault,15.820503,74.600822,04-05-2024,low,closed
Uttara Kannada,Bhatkal,Rural PS,Theft,14.905267,74.762086,15-10-2023,low,investigating
Yadgir,Shahapur,Town PS,Cybercrime,16.697468,77.285728,23-01-2023,medium,open
Bengaluru Rural,Doddaballapura,Doddaballapura PS,Kidnapping,13.237955,77.189198,19-04-2023,medium,investigating
Chikkaballapura,Bagepalli,Bagepalli PS,Fraud,13.698229,77.917731,09-05-2024,low,closed
Mandya,Mandya,Mandya PS,Domestic Violence,12.579595,76.676209,16-04-2023,medium,investigating
Ramanagara,Kanakapura,Town PS,Mobile Theft,12.552065,76.984805,27-10-2023,low,investigating
Chikkamagaluru,Kadur,Town PS,Theft,13.196963,75.528651,06-01-2024,high,closed
Belagavi,Gokak,Traffic PS,Cybercrime,16.016899,74.576949,14-02-2023,medium,open
Bengaluru Urban,Yelahanka,Attur PS,Chain Snatching,12.983098,77.364372,12-04-2023,low,closed
Haveri,Ranebennur,Rural PS,Drug Offense,14.49797,75.444387,04-09-2023,low,open
Bengaluru Urban,Whitefield,Kadugodi PS,Land Dispute,12.731163,77.297766,03-07-2024,low,closed
Chikkamagaluru,Tarikere,Lakkavalli PS,Land Dispute,13.478692,75.906398,04-05-2023,low,open
Shivamogga,Bhadravati,Old Town PS,Fraud,13.936403,75.809967,06-07-2023,medium,investigating
Raichur,Raichur City,West PS,Domestic Violence,16.212122,77.106526,20-12-2024,high,investigating
Uttara Kannada,Bhatkal,Town PS,Mobile Theft,14.682129,74.577935,04-03-2024,low,open
Mysuru,Nanjangud,Rural PS,Domestic Violence,12.080087,76.86458,19-08-2024,low,open
Kodagu,Virajpet,Rural PS,Burglary,12.23971,75.83884,01-08-2023,high,closed
Hubballi-Dharwad,Dharwad,Traffic PS,Chain Snatching,15.358448,75.252579,20-05-2024,medium,closed
Bengaluru Urban,Whitefield,Whitefield PS,Kidnapping,12.867198,77.366676,02-09-2023,low,closed
Davangere,Honnali,Nyamathi PS,Assault,14.468387,76.161825,16-06-2023,high,open
Ramanagara,Kanakapura,Rural PS,Drug Offense,12.799086,77.455088,11-11-2024,low,investigating
Dakshina Kannada,Bantwal,Town PS,Mobile Theft,12.873947,74.972948,28-06-2023,low,open
Ballari,Sandur,Sandur PS,Domestic Violence,15.292773,77.074717,27-07-2023,low,investigating
Gadag,Mundargi,Town PS,Kidnapping,15.356839,75.655457,26-09-2023,low,open
Kodagu,Somwarpet,Rural PS,Drug Offense,12.580959,75.975756,24-01-2023,low,investigating
Ramanagara,Magadi,Rural PS,Fraud,12.91744,77.463861,01-03-2024,medium,open
Shivamogga,Shivamogga City,Vinobanagar PS,Burglary,14.164532,75.73432,28-05-2024,low,closed
Dakshina Kannada,Sullia,Town PS,Domestic Violence,13.121376,74.962412,04-01-2024,low,open
Davangere,Harihar,Rural PS,Assault,14.743282,76.07375,27-08-2023,medium,open
Raichur,Raichur City,Traffic PS,Chain Snatching,16.486837,77.35723,04-11-2023,medium,open
Uttara Kannada,Sirsi,Town PS,Cybercrime,14.634158,74.400231,20-03-2024,low,closed
Shivamogga,Sagara,Sagara PS,Fraud,14.098529,75.722061,09-05-2023,medium,investigating
Hubballi-Dharwad,Dharwad,Traffic PS,Murder,15.531092,75.224163,03-06-2024,low,open
Bidar,Basavakalyan,Town PS,Domestic Violence,17.856847,77.405899,04-09-2024,medium,open
Chikkamagaluru,Kadur,Rural PS,Murder,13.319143,76.040516,02-10-2024,medium,closed
Bengaluru Urban,Yelahanka,Attur PS,Kidnapping,13.018166,77.790911,09-11-2023,low,open
Mangaluru,Mangaluru,Mangaluru South PS,Chain Snatching,13.190447,75.044853,13-04-2024,low,open
Chikkamagaluru,Kadur,Kadur PS,Vehicle Theft,13.526606,75.904914,08-05-2024,high,investigating
Tumakuru,Madhugiri,Madhugiri PS,Mobile Theft,13.074877,77.157792,06-11-2023,medium,investigating
Bengaluru Urban,Whitefield,Varthur PS,Assault,12.705472,77.713015,04-05-2023,low,open
Chitradurga,Chitradurga,Traffic PS,Murder,14.378013,76.4733,01-06-2024,low,closed
Gadag,Ron,Town PS,Robbery,15.355222,75.684952,13-01-2023,low,investigating
Mandya,Srirangapatna,Town PS,Burglary,12.400827,76.877735,18-03-2024,low,open
Davangere,Harihar,Harihar PS,Murder,14.493867,76.140987,06-10-2023,high,closed
Mysuru,Hunsur,Rural PS,Drug Offense,12.123375,76.58951,26-11-2023,low,open
Bengaluru Urban,Koramangala,Koramangala PS,Domestic Violence,13.19391,77.879413,20-12-2023,high,investigating
Chikkaballapura,Chikkaballapura,Chikkaballapura PS,Cybercrime,13.60148,77.479169,27-04-2024,high,open
Vijayapura,Indi,Indi PS,Burglary,17.066359,75.786993,13-10-2024,medium,closed
Uttara Kannada,Bhatkal,Town PS,Domestic Violence,14.843335,74.852224,20-07-2024,high,closed
Hubballi-Dharwad,Dharwad,Traffic PS,Domestic Violence,15.483217,74.878267,28-12-2023,low,investigating
Bengaluru Urban,Whitefield,Varthur PS,Chain Snatching,12.751341,77.508052,20-09-2023,medium,open
Hassan,Arsikere,Arsikere PS,Mobile Theft,12.829312,76.022412,30-05-2023,low,closed
Davangere,Davangere City,KTJ Nagar PS,Kidnapping,14.474562,75.991788,30-12-2024,medium,open
Davangere,Honnali,Honnali PS,Cybercrime,14.760841,76.11593,13-02-2024,medium,open
Ballari,Sandur,Toranagallu PS,Theft,15.166292,77.027223,29-04-2024,low,open
Chikkamagaluru,Kadur,Kadur PS,Burglary,13.230074,75.873605,08-12-2024,medium,closed
Tumakuru,Tumakuru City,Traffic PS,Murder,13.389193,77.247487,03-02-2024,low,open
Udupi,Udupi,Manipal PS,Land Dispute,13.145542,74.823039,28-04-2024,medium,open
Udupi,Udupi,Malpe PS,Drug Offense,13.354502,74.728786,19-08-2024,medium,closed
Haveri,Haveri,Town PS,Murder,15.08903,75.410602,07-05-2023,low,investigating
Gadag,Mundargi,Mundargi PS,Kidnapping,15.558802,75.891063,27-03-2024,medium,investigating
Dakshina Kannada,Sullia,Rural PS,Kidnapping,12.915408,75.06849,07-01-2024,medium,investigating
Tumakuru,Madhugiri,Madhugiri PS,Land Dispute,13.167189,76.998931,09-02-2024,low,open
Yadgir,Gurmitkal,Town PS,Drug Offense,16.760038,77.352508,13-11-2024,medium,investigating
Hubballi-Dharwad,Hubballi,Vidyanagar PS,Fraud,15.308281,75.351249,07-05-2024,low,investigating
Kolar,Bangarapet,Rural PS,Burglary,12.929921,78.082385,18-08-2023,low,investigating
Chikkamagaluru,Tarikere,Tarikere PS,Drug Offense,13.169225,75.720473,28-10-2024,low,investigating
Gadag,Gadag,Traffic PS,Assault,15.288152,75.582286,26-04-2024,medium,open
Mandya,Srirangapatna,Srirangapatna PS,Mobile Theft,12.436117,76.740793,01-01-2024,medium,open
Koppal,Koppal City,Town PS,Burglary,15.495041,76.132279,22-03-2023,medium,open
Bengaluru Rural,Doddaballapura,Rural PS,Land Dispute,13.404992,77.633215,06-04-2023,low,open
Raichur,Raichur City,Traffic PS,Drug Offense,16.208868,77.139007,07-10-2023,high,investigating
Chikkamagaluru,Chikkamagaluru City,Town PS,Cybercrime,13.369447,75.94799,02-04-2024,low,investigating
Bengaluru Urban,Yelahanka,Yelahanka PS,Land Dispute,12.773469,77.643515,15-04-2024,medium,investigating
Dakshina Kannada,Puttur,Traffic PS,Robbery,12.699464,75.280497,24-02-2024,medium,investigating
Kalaburagi,Jewargi,Jewargi PS,Theft,17.11683,76.832667,04-06-2023,low,closed
Shivamogga,Bhadravati,Old Town PS,Land Dispute,13.707565,75.619185,18-10-2023,medium,investigating
Kolar,Malur,Rural PS,Domestic Violence,13.094837,78.355683,26-03-2023,medium,open
Chikkaballapura,Chikkaballapura,Chikkaballapura PS,Domestic Violence,13.277527,77.887682,01-01-2024,low,investigating
Mangaluru,Ullal,Ullal PS,Domestic Violence,12.936191,74.708028,25-01-2024,medium,open
Ramanagara,Kanakapura,Town PS,Burglary,13.008279,77.231621,06-01-2023,low,investigating
Hubballi-Dharwad,Hubballi,Keshwapur PS,Land Dispute,15.495268,75.380957,29-02-2024,low,investigating
Belagavi,Belagavi City,Tilakwadi PS,Chain Snatching,15.570994,74.317842,17-06-2023,low,open
Davangere,Harihar,Town PS,Vehicle Theft,14.505396,76.180996,21-06-2023,low,closed
Bengaluru Rural,Nelamangala,Traffic PS,Assault,13.183081,77.424577,08-11-2024,medium,investigating
Chikkamagaluru,Chikkamagaluru City,Chikkamagaluru PS,Murder,13.526541,75.846512,01-08-2024,high,investigating
Bengaluru Urban,Koramangala,HSR Layout PS,Mobile Theft,13.143484,77.507,28-10-2023,low,closed
Mandya,Srirangapatna,Rural PS,Mobile Theft,12.469871,77.04261,28-05-2024,low,closed
Bengaluru Urban,Yelahanka,Yelahanka PS,Robbery,13.202706,77.815618,11-09-2024,low,closed
Hubballi-Dharwad,Navanagar,Town PS,Vehicle Theft,15.262194,75.253539,08-12-2023,medium,open
Dakshina Kannada,Sullia,Town PS,Theft,12.740611,75.093632,27-09-2023,low,open
Haveri,Savanur,Town PS,Kidnapping,14.572014,75.448445,01-11-2024,medium,open
Mysuru,Nanjangud,Rural PS,Kidnapping,12.585102,76.939104,19-09-2023,low,open
Raichur,Raichur City,Traffic PS,Burglary,16.090871,77.370979,20-05-2024,high,open
Ramanagara,Ramanagara,Ramanagara PS,Cybercrime,12.796142,77.086947,17-09-2023,high,closed
Bengaluru Urban,Koramangala,HSR Layout PS,Land Dispute,13.147259,77.396785,04-12-2023,low,investigating
Hassan,Arsikere,Town PS,Domestic Violence,13.061772,75.867318,09-08-2024,high,open
Koppal,Gangavathi,Rural PS,Drug Offense,15.536151,76.404721,22-02-2023,low,open
Yadgir,Gurmitkal,Town PS,Land Dispute,16.718456,76.88402,09-02-2023,low,investigating
Belagavi,Belagavi City,Market PS,Chain Snatching,16.055529,74.277534,21-05-2024,low,investigating
Hassan,Sakleshpur,Rural PS,Mobile Theft,12.806592,76.007759,20-12-2023,low,investigating
Mangaluru,Surathkal,Panambur PS,Drug Offense,13.090209,75.069106,09-06-2024,low,open
Ramanagara,Kanakapura,Town PS,Cybercrime,12.998734,77.015488,19-01-2024,medium,open
Dakshina Kannada,Bantwal,Rural PS,Cybercrime,12.770079,74.954792,15-01-2024,low,closed
Hassan,Sakleshpur,Town PS,Vehicle Theft,13.029112,75.810393,04-10-2023,low,open
Hassan,Arsikere,Town PS,Murder,12.860404,75.994759,11-02-2023,low,closed
Chitradurga,Hosadurga,Hosadurga PS,Domestic Violence,13.992722,76.216515,02-01-2024,medium,open
Mysuru,Hunsur,Hunsur PS,Fraud,12.513161,76.765367,16-09-2023,medium,investigating
Davangere,Harihar,Town PS,Land Dispute,14.277093,75.791638,06-12-2023,low,closed
Kodagu,Virajpet,Rural PS,Kidnapping,12.311877,75.855758,08-02-2023,low,investigating
Gadag,Mundargi,Mundargi PS,Fraud,15.131785,75.611955,21-05-2023,low,open
Bengaluru Rural,Devanahalli,Airport PS,Theft,13.094473,77.226801,11-06-2024,high,open
Dakshina Kannada,Puttur,Traffic PS,Theft,12.852837,75.37781,05-12-2024,high,closed
Chikkamagaluru,Kadur,Kadur PS,Theft,13.241596,76.0696,23-04-2023,low,closed
Dakshina Kannada,Puttur,Traffic PS,Robbery,12.760359,75.538058,23-09-2024,low,open
Koppal,Kushtagi,Kushtagi PS,Mobile Theft,15.405442,76.080081,30-08-2023,medium,investigating
Chitradurga,Chitradurga,Traffic PS,Robbery,14.394188,76.137874,10-07-2024,high,closed
Mangaluru,Surathkal,Mulki PS,Land Dispute,12.997992,74.906342,16-05-2023,high,closed
Raichur,Raichur City,Traffic PS,Cybercrime,16.108227,77.355223,13-09-2024,medium,closed
Mangaluru,Ullal,Konaje PS,Drug Offense,12.939111,74.981133,26-05-2023,low,investigating
Uttara Kannada,Bhatkal,Rural PS,Assault,14.671221,74.788756,10-09-2023,low,closed
Kodagu,Virajpet,Virajpet PS,Vehicle Theft,12.357727,75.926627,20-10-2024,medium,investigating
Hubballi-Dharwad,Dharwad,Sub Urban PS,Domestic Violence,15.46009,75.418255,09-05-2024,low,closed
Bengaluru Rural,Devanahalli,Airport PS,Chain Snatching,13.392677,77.62468,09-09-2023,high,open
Ramanagara,Magadi,Town PS,Chain Snatching,13.014325,77.331776,12-10-2024,medium,open
Kalaburagi,Sedam,Town PS,Fraud,17.329899,76.869055,12-07-2023,medium,open
Dakshina Kannada,Bantwal,Bantwal PS,Fraud,12.703753,75.271858,14-04-2024,low,closed
Chamarajanagar,Gundlupet,Town PS,Fraud,12.115979,76.675914,01-07-2023,low,open
Chikkaballapura,Chikkaballapura,Traffic PS,Vehicle Theft,13.596385,77.842843,19-10-2024,low,closed
Mandya,Srirangapatna,Town PS,Chain Snatching,12.588197,76.665387,16-03-2023,medium,closed
Udupi,Udupi,Udupi Town PS,Kidnapping,13.437041,74.539969,11-07-2023,low,investigating
Bengaluru Urban,Koramangala,Madiwala PS,Vehicle Theft,13.129443,77.784989,17-09-2024,low,investigating
Davangere,Harihar,Harihar PS,Murder,14.752613,76.087772,05-08-2024,low,closed
Haveri,Ranebennur,Rural PS,Cybercrime,14.664768,75.267524,10-01-2024,high,closed
Mysuru,Nanjangud,Rural PS,Domestic Violence,12.093895,76.884267,11-04-2024,medium,investigating
Haveri,Savanur,Savanur PS,Mobile Theft,14.773726,75.309143,30-03-2024,medium,open
Yadgir,Yadgir City,Traffic PS,Burglary,16.510189,77.001766,15-09-2023,low,open
Chikkaballapura,Sidlaghatta,Rural PS,Land Dispute,13.42993,77.873451,25-04-2023,low,closed
Chikkamagaluru,Kadur,Rural PS,Assault,13.40532,76.068369,23-08-2024,medium,open
Hassan,Arsikere,Town PS,Cybercrime,13.119338,76.108178,26-05-2024,medium,open
Chamarajanagar,Gundlupet,Gundlupet PS,Robbery,12.094811,77.175919,24-12-2023,medium,investigating
Yadgir,Gurmitkal,Gurmitkal PS,Domestic Violence,16.494778,77.000168,11-03-2024,high,closed
Kalaburagi,Kalaburagi City,Brahmapur PS,Robbery,17.125681,77.019212,21-12-2024,low,open
Ramanagara,Ramanagara,Town PS,Murder,12.651052,77.261457,15-02-2024,low,closed
Bidar,Bhalki,Town PS,Cybercrime,17.744521,77.284218,11-05-2024,low,open
Bengaluru Rural,Devanahalli,Vijayapura PS,Robbery,13.102518,77.559414,02-09-2024,medium,investigating
Uttara Kannada,Karwar,Traffic PS,Mobile Theft,14.674954,74.816192,24-05-2024,low,investigating
Chikkaballapura,Chikkaballapura,Town PS,Robbery,13.197366,77.766443,24-08-2024,low,investigating
Mangaluru,Ullal,Konaje PS,Cybercrime,13.051958,74.672016,27-11-2024,low,open
Ramanagara,Magadi,Rural PS,Land Dispute,12.913146,77.005449,08-11-2023,low,open
Udupi,Udupi,Manipal PS,Kidnapping,13.115959,74.934891,27-02-2023,low,open
Uttara Kannada,Bhatkal,Bhatkal PS,Kidnapping,14.756565,74.936487,01-09-2023,medium,open
Koppal,Kushtagi,Town PS,Kidnapping,15.615442,76.255466,06-03-2023,low,open
Mysuru,Mysuru City,Lakshmipuram PS,Drug Offense,12.079413,76.852044,19-10-2024,medium,closed
Ballari,Ballari City,Brucepet PS,Vehicle Theft,14.901627,76.966334,06-03-2024,low,open
Hassan,Hassan City,Traffic PS,Vehicle Theft,13.294303,75.837308,09-04-2023,medium,closed
Belagavi,Chikodi,Nippani PS,Burglary,15.667036,74.746798,23-06-2024,medium,open
Yadgir,Shahapur,Shahapur PS,Drug Offense,16.627905,77.101439,29-05-2023,low,investigating
Bidar,Bhalki,Town PS,Assault,17.713437,77.269215,09-06-2023,medium,investigating
Mangaluru,Ullal,Konaje PS,Kidnapping,12.878888,74.755438,11-08-2023,low,open
Shivamogga,Sagara,Anandapura PS,Drug Offense,13.883772,75.656616,05-02-2023,low,open
Mandya,Maddur,Rural PS,Chain Snatching,12.465996,77.143577,27-07-2024,medium,open
Haveri,Ranebennur,Rural PS,Drug Offense,14.923278,75.683546,09-09-2023,low,closed
Haveri,Haveri,Traffic PS,Domestic Violence,14.908133,75.385014,27-06-2024,medium,closed
Kalaburagi,Kalaburagi City,University PS,Robbery,17.286769,77.032839,15-10-2023,low,investigating
Udupi,Kundapura,Gangolli PS,Burglary,13.574512,74.809185,24-08-2024,medium,open
Mysuru,Mysuru City,Nazarbad PS,Cybercrime,12.330078,76.797792,13-05-2024,low,investigating
Belagavi,Gokak,Traffic PS,Chain Snatching,15.977425,74.445694,19-02-2024,medium,open
Kalaburagi,Kalaburagi City,Brahmapur PS,Kidnapping,17.259903,76.63602,02-02-2023,medium,investigating
Chitradurga,Chitradurga,Traffic PS,Mobile Theft,13.938095,76.449465,26-03-2024,low,open
Kolar,Bangarapet,Town PS,Drug Offense,12.86421,77.936962,13-03-2023,medium,investigating
Hassan,Arsikere,Rural PS,Chain Snatching,12.942525,76.145309,11-03-2024,low,investigating
Kalaburagi,Kalaburagi City,Station Bazaar PS,Chain Snatching,17.101337,77.080706,04-11-2023,high,open
Raichur,Manvi,Town PS,Kidnapping,16.422518,77.38554,10-04-2024,high,closed
Bidar,Basavakalyan,Rural PS,Land Dispute,17.95014,77.770357,13-02-2024,low,investigating
Chitradurga,Chitradurga,Traffic PS,Kidnapping,13.947685,76.236612,02-05-2024,low,open
Kodagu,Madikeri,Madikeri PS,Theft,12.528655,75.704061,04-03-2023,high,investigating
Ramanagara,Magadi,Town PS,Mobile Theft,12.644906,77.15193,12-08-2024,low,closed
Chamarajanagar,Gundlupet,Gundlupet PS,Fraud,11.927448,77.116627,30-09-2023,medium,investigating
Ramanagara,Ramanagara,Ramanagara PS,Mobile Theft,12.794508,77.538861,09-10-2024,low,closed
Kodagu,Somwarpet,Rural PS,Kidnapping,12.208224,76.011361,21-03-2023,high,investigating
Davangere,Honnali,Rural PS,Cybercrime,14.187465,75.974289,19-07-2023,medium,closed
Shivamogga,Shivamogga City,Traffic PS,Robbery,13.77119,75.317803,07-07-2023,high,open
Belagavi,Belagavi City,Market PS,Assault,15.812748,74.584942,27-10-2024,low,closed
Ballari,Hospet,Rural PS,Assault,15.092726,77.171503,07-08-2023,low,closed
Chitradurga,Hiriyur,Rural PS,Murder,14.169057,76.607946,02-09-2023,low,closed
Mysuru,Mysuru City,Nazarbad PS,Robbery,12.049746,76.483806,25-10-2024,medium,open
Chamarajanagar,Kollegal,Rural PS,Burglary,11.946166,76.829259,23-11-2024,low,investigating
Mandya,Srirangapatna,Srirangapatna PS,Chain Snatching,12.522727,77.01055,03-01-2024,low,investigating
Raichur,Sindhanur,Rural PS,Mobile Theft,16.115216,77.281746,14-05-2024,low,investigating
Davangere,Davangere City,KTJ Nagar PS,Murder,14.558643,76.220133,21-04-2024,low,closed
Kalaburagi,Sedam,Sedam PS,Theft,17.143048,76.973733,19-06-2024,low,open
Chikkaballapura,Sidlaghatta,Town PS,Burglary,13.459804,77.528909,01-08-2023,low,investigating
Ballari,Sandur,Sandur PS,Assault,15.218696,76.933036,25-02-2024,medium,open
Ballari,Sandur,Sandur PS,Land Dispute,15.034911,77.071836,30-04-2023,low,open
Yadgir,Shahapur,Shahapur PS,Land Dispute,16.606043,77.199544,11-12-2023,low,investigating
Shivamogga,Bhadravati,Paper Town PS,Drug Offense,13.64203,75.544588,22-03-2024,low,investigating
Chamarajanagar,Gundlupet,Town PS,Land Dispute,11.748382,77.236046,25-08-2024,medium,investigating
Yadgir,Yadgir City,Traffic PS,Drug Offense,16.916033,77.031659,26-01-2024,low,investigating
Chikkaballapura,Sidlaghatta,Town PS,Drug Offense,13.606224,77.687971,18-12-2023,low,investigating
Kolar,Bangarapet,Rural PS,Chain Snatching,13.124798,77.882424,20-06-2024,low,investigating
Hassan,Sakleshpur,Sakleshpur PS,Vehicle Theft,13.22792,76.015319,31-03-2024,medium,closed
Dakshina Kannada,Puttur,Puttur PS,Land Dispute,12.911498,75.320338,31-12-2024,medium,open
Tumakuru,Tumakuru City,New Extension PS,Murder,13.615905,77.315309,02-02-2023,low,closed
Davangere,Harihar,Harihar PS,Vehicle Theft,14.329659,76.174857,28-04-2023,high,investigating
Hubballi-Dharwad,Navanagar,Navanagar PS,Kidnapping,15.526373,75.281526,29-11-2024,medium,investigating
Haveri,Haveri,Traffic PS,Domestic Violence,15.090794,75.528908,24-06-2024,low,investigating
Ramanagara,Ramanagara,Traffic PS,Burglary,12.7401,77.535883,27-05-2024,low,open
Mysuru,Nanjangud,Traffic PS,Murder,12.234826,76.830638,06-10-2024,high,open
Belagavi,Belagavi City,Market PS,Robbery,15.924113,74.788787,18-11-2024,medium,investigating
Mandya,Maddur,Town PS,Burglary,12.640583,76.626993,14-05-2024,low,closed
Mysuru,Hunsur,Hunsur PS,Cybercrime,12.326808,76.894367,15-04-2024,low,investigating
Ramanagara,Kanakapura,Rural PS,Cybercrime,12.878782,77.347372,22-09-2023,medium,closed
Bengaluru Urban,Yelahanka,Yelahanka PS,Assault,13.019332,77.354232,24-02-2023,low,closed
Ramanagara,Kanakapura,Kanakapura PS,Murder,12.817039,76.988528,15-09-2023,low,investigating
Shivamogga,Bhadravati,Paper Town PS,Kidnapping,13.862825,75.656972,29-05-2023,low,open
Chamarajanagar,Chamarajanagar,Chamarajanagar PS,Assault,12.170092,77.182596,18-12-2023,high,investigating
Udupi,Udupi,Udupi Town PS,Robbery,13.212464,74.746309,18-09-2023,low,investigating
Kodagu,Somwarpet,Rural PS,Burglary,12.482824,75.851849,30-11-2024,medium,open
Bengaluru Urban,Yelahanka,Yelahanka PS,Chain Snatching,12.834458,77.569868,23-05-2024,medium,investigating
Bidar,Basavakalyan,Basavakalyan PS,Fraud,17.666936,77.384585,15-05-2024,medium,closed
Bengaluru Rural,Devanahalli,Vijayapura PS,Burglary,13.19685,77.321042,10-03-2024,low,closed
Bengaluru Urban,Yelahanka,Yelahanka New Town PS,Vehicle Theft,13.234376,77.319854,14-05-2023,high,open
Kodagu,Madikeri,Madikeri PS,Land Dispute,12.421532,75.729597,17-06-2024,medium,closed
Mandya,Mandya,Town PS,Assault,12.290791,77.038135,27-03-2024,low,closed
Vijayapura,Vijayapura City,Adarsh Nagar PS,Robbery,16.572315,75.765421,03-11-2023,medium,investigating
Uttara Kannada,Sirsi,Town PS,Kidnapping,14.894821,74.817028,09-11-2024,medium,open
Belagavi,Chikodi,Chikodi PS,Murder,15.608276,74.445414,02-12-2024,medium,closed
Tumakuru,Tiptur,Rural PS,Theft,13.324758,77.400166,16-04-2024,low,investigating
Kodagu,Somwarpet,Somwarpet PS,Assault,12.496549,75.831025,21-11-2023,low,closed
Tumakuru,Madhugiri,Rural PS,Fraud,13.402167,77.093418,01-02-2023,medium,investigating
Mandya,Srirangapatna,Srirangapatna PS,Domestic Violence,12.667631,76.634309,28-04-2023,low,open
Vijayapura,Vijayapura City,Traffic PS,Land Dispute,17.003483,75.847956,22-02-2023,high,open
Haveri,Haveri,Traffic PS,Domestic Violence,14.499569,75.230614,20-02-2023,medium,investigating
Ballari,Sandur,Rural PS,Vehicle Theft,15.047261,76.82638,22-10-2023,low,open
Mandya,Mandya,Town PS,Chain Snatching,12.356002,76.85044,06-06-2024,medium,closed
Hubballi-Dharwad,Dharwad,Traffic PS,Robbery,15.445528,75.172876,15-05-2024,high,closed
Gadag,Ron,Rural PS,Mobile Theft,15.27061,75.727614,31-03-2024,medium,investigating
Tumakuru,Tumakuru City,Traffic PS,Chain Snatching,13.408321,76.905291,30-06-2024,low,investigating
Udupi,Kundapura,Kundapura PS,Theft,13.207753,74.70969,18-02-2024,low,closed
Chitradurga,Hosadurga,Town PS,Kidnapping,14.46433,76.500196,31-03-2024,medium,investigating
Yadgir,Gurmitkal,Rural PS,Cybercrime,16.62608,77.264438,08-07-2023,low,investigating
Mandya,Srirangapatna,Rural PS,Robbery,12.751816,77.1328,13-05-2024,low,open
Chamarajanagar,Kollegal,Kollegal PS,Drug Offense,11.710623,77.090144,03-10-2023,medium,investigating
Koppal,Gangavathi,Gangavathi PS,Mobile Theft,15.357102,76.103928,25-11-2024,low,closed
Mandya,Maddur,Rural PS,Assault,12.709401,77.153303,02-12-2023,low,investigating
Bengaluru Urban,Koramangala,Koramangala PS,Theft,12.758786,77.654139,04-09-2023,medium,open
Ramanagara,Kanakapura,Town PS,Chain Snatching,12.592242,77.244123,27-01-2024,low,open
Haveri,Savanur,Rural PS,Assault,14.872136,75.327521,17-06-2024,medium,closed
Koppal,Gangavathi,Gangavathi PS,Land Dispute,15.540658,76.419099,27-09-2024,low,open
Chikkaballapura,Sidlaghatta,Rural PS,Theft,13.645153,77.792936,14-03-2023,low,closed
Uttara Kannada,Bhatkal,Bhatkal PS,Drug Offense,14.589727,74.900958,02-02-2024,medium,investigating
Haveri,Ranebennur,Rural PS,Domestic Violence,14.641658,75.231517,17-08-2023,low,closed
Shivamogga,Shivamogga City,Vinobanagar PS,Domestic Violence,13.957208,75.728481,15-11-2023,low,investigating
Ballari,Ballari City,Cowl Bazaar PS,Chain Snatching,15.036478,76.876403,30-09-2023,high,investigating
Kolar,Kolar,Town PS,Kidnapping,13.311161,78.067346,23-04-2024,high,investigating
Bengaluru Rural,Devanahalli,Devanahalli PS,Robbery,13.322665,77.567298,16-11-2023,low,open
Hubballi-Dharwad,Hubballi,Keshwapur PS,Robbery,15.268572,74.875178,30-04-2024,low,investigating
Chikkamagaluru,Chikkamagaluru City,Chikkamagaluru PS,Fraud,13.167825,75.767829,09-12-2024,low,open
Gadag,Mundargi,Mundargi PS,Drug Offense,15.206336,75.759499,16-04-2023,medium,closed
Mysuru,Nanjangud,Traffic PS,Domestic Violence,12.29461,76.445892,21-11-2024,low,closed
Chamarajanagar,Kollegal,Kollegal PS,Theft,12.033364,77.16747,19-11-2023,low,open
Davangere,Davangere City,Davangere PS,Fraud,14.229449,75.743496,16-11-2024,high,investigating
Raichur,Raichur City,Raichur PS,Cybercrime,16.261615,77.145944,05-10-2023,low,closed
Kodagu,Madikeri,Madikeri PS,Land Dispute,12.210933,75.924194,03-08-2024,medium,open
Chitradurga,Chitradurga,Traffic PS,Kidnapping,14.348049,76.287293,12-08-2024,low,closed
Ramanagara,Ramanagara,Ramanagara PS,Burglary,12.917198,77.24012,08-06-2023,low,investigating
Kolar,Malur,Malur PS,Murder,13.266728,78.379437,02-01-2024,medium,investigating
Ballari,Ballari City,Cowl Bazaar PS,Land Dispute,15.36046,76.75041,12-09-2023,medium,open
Haveri,Ranebennur,Rural PS,Assault,14.803073,75.282436,15-02-2024,medium,investigating
Vijayapura,Sindagi,Sindagi PS,Domestic Violence,16.808309,75.718566,22-02-2024,low,investigating
Kodagu,Virajpet,Rural PS,Vehicle Theft,12.124217,75.516741,01-12-2024,low,open
Dakshina Kannada,Sullia,Town PS,Mobile Theft,12.910066,74.948729,16-12-2024,medium,open
Koppal,Kushtagi,Kushtagi PS,Fraud,15.169957,76.31672,11-03-2024,medium,closed
Dakshina Kannada,Puttur,Town PS,Fraud,12.623349,75.457899,26-04-2024,medium,closed
Chamarajanagar,Gundlupet,Rural PS,Robbery,11.785722,76.884822,08-01-2023,high,closed
Hassan,Hassan City,Extension PS,Robbery,13.164484,75.829959,02-08-2023,low,open
Hubballi-Dharwad,Hubballi,Old Hubballi PS,Land Dispute,15.344332,74.963211,20-12-2024,low,closed
Bidar,Bhalki,Town PS,Burglary,17.654969,77.226394,22-04-2023,low,open
Mysuru,Nanjangud,Nanjangud Town PS,Burglary,12.25632,76.515674,17-07-2024,low,open
Hassan,Sakleshpur,Rural PS,Theft,13.028384,76.379732,07-10-2024,low,investigating
Belagavi,Gokak,Rural PS,Domestic Violence,15.618895,74.58874,01-09-2024,low,investigating
Mangaluru,Surathkal,Panambur PS,Assault,12.913,74.719404,14-10-2023,low,closed
Dakshina Kannada,Sullia,Rural PS,Assault,12.650611,75.304303,26-10-2024,medium,open
Koppal,Kushtagi,Kushtagi PS,Kidnapping,15.509154,76.319519,29-03-2024,medium,closed
Mysuru,Nanjangud,Traffic PS,Land Dispute,12.102291,76.389272,15-01-2023,low,closed
Koppal,Koppal City,Town PS,Murder,15.625321,76.449765,04-11-2023,high,open
Chikkamagaluru,Tarikere,Lakkavalli PS,Theft,13.097093,76.003365,13-07-2024,low,closed
Chikkamagaluru,Kadur,Kadur PS,Burglary,13.079014,76.003689,01-08-2023,medium,closed
Belagavi,Gokak,Traffic PS,Burglary,15.968452,74.252619,18-05-2023,high,investigating
Yadgir,Yadgir City,Yadgir PS,Chain Snatching,17.02941,77.430231,18-01-2023,low,closed
Kolar,Kolar,Traffic PS,Vehicle Theft,13.167359,77.931533,06-06-2023,medium,closed
Shivamogga,Shivamogga City,Doddapete PS,Vehicle Theft,13.838297,75.696902,06-03-2024,medium,open
Koppal,Koppal City,Koppal PS,Assault,15.083691,76.160805,26-12-2024,medium,open
Kolar,Bangarapet,Bangarapet PS,Cybercrime,13.020098,78.397995,19-09-2024,low,open
Bengaluru Urban,Whitefield,Varthur PS,Assault,12.701368,77.852026,01-07-2023,high,open
Udupi,Kundapura,Gangolli PS,Fraud,13.616574,74.86618,12-02-2023,high,investigating
Yadgir,Yadgir City,Yadgir PS,Robbery,16.532727,77.246226,30-04-2024,low,investigating
Hassan,Hassan City,Hassan PS,Kidnapping,13.129746,76.056149,22-01-2023,high,open
Yadgir,Gurmitkal,Rural PS,Mobile Theft,16.6125,77.166213,25-03-2023,medium,open
Vijayapura,Sindagi,Sindagi PS,Cybercrime,16.839257,75.931915,24-07-2023,low,closed
Kalaburagi,Sedam,Town PS,Burglary,17.160163,76.6818,04-06-2023,low,closed
Hubballi-Dharwad,Dharwad,Traffic PS,Drug Offense,15.501046,74.911624,29-04-2023,medium,investigating
Koppal,Koppal City,Traffic PS,Land Dispute,15.519071,76.040066,21-09-2024,low,closed
Hubballi-Dharwad,Hubballi,Keshwapur PS,Vehicle Theft,15.326964,75.22114,29-09-2024,low,investigating
Haveri,Savanur,Rural PS,Murder,14.507549,75.363175,01-03-2023,low,open
Mysuru,Nanjangud,Traffic PS,Land Dispute,12.102671,76.637344,23-02-2024,low,open
Ballari,Hospet,Rural PS,Domestic Violence,14.990919,77.216297,29-01-2023,medium,open
Koppal,Kushtagi,Kushtagi PS,Burglary,15.46629,76.124998,04-02-2023,low,open
Chamarajanagar,Chamarajanagar,Traffic PS,Land Dispute,11.961328,76.809413,17-06-2023,medium,closed
Chikkaballapura,Sidlaghatta,Sidlaghatta PS,Land Dispute,13.367852,77.541629,26-11-2024,medium,investigating
Mandya,Mandya,Mandya PS,Domestic Violence,12.789638,76.867385,11-10-2023,medium,closed
Vijayapura,Vijayapura City,Adarsh Nagar PS,Mobile Theft,17.023135,75.892094,18-11-2023,low,investigating
Chikkaballapura,Bagepalli,Town PS,Mobile Theft,13.286954,77.550073,22-10-2024,low,open
Davangere,Honnali,Rural PS,Mobile Theft,14.591412,76.164499,19-10-2024,low,closed
Kodagu,Somwarpet,Somwarpet PS,Land Dispute,12.151023,75.854869,11-01-2023,low,closed
Tumakuru,Tumakuru City,Tumakuru PS,Mobile Theft,13.23429,77.147473,13-08-2023,low,open
Ramanagara,Magadi,Town PS,Murder,12.469652,77.523562,07-08-2024,medium,investigating
Bengaluru Urban,Yelahanka,Yelahanka PS,Chain Snatching,13.116315,77.661865,16-04-2023,low,open
Ramanagara,Ramanagara,Town PS,Robbery,12.949949,77.247987,02-08-2023,medium,open
Mysuru,Hunsur,Hunsur PS,Domestic Violence,12.207257,76.746362,06-08-2024,low,investigating
Yadgir,Yadgir City,Town PS,Murder,16.575603,77.032045,07-01-2024,high,investigating
Chitradurga,Hosadurga,Hosadurga PS,Kidnapping,14.287717,76.423535,20-10-2023,low,investigating
Kodagu,Somwarpet,Somwarpet PS,Murder,12.218387,75.997595,01-03-2024,medium,investigating
Bidar,Bidar City,Bidar PS,Chain Snatching,17.73432,77.417984,27-06-2023,low,closed
Belagavi,Belagavi City,Market PS,Theft,15.628824,74.735964,13-02-2023,high,open
Chikkaballapura,Chikkaballapura,Chikkaballapura PS,Murder,13.306861,77.621701,03-10-2024,medium,closed
Chamarajanagar,Chamarajanagar,Traffic PS,Theft,11.912771,76.736245,25-08-2024,medium,closed
Kolar,Kolar,Traffic PS,Mobile Theft,13.265786,78.116031,19-06-2024,low,investigating
Belagavi,Chikodi,Chikodi PS,Burglary,15.756266,74.678034,15-12-2023,low,investigating
Haveri,Savanur,Rural PS,Domestic Violence,14.540748,75.614715,05-03-2023,low,closed
Kalaburagi,Kalaburagi City,Station Bazaar PS,Kidnapping,17.238314,76.629682,17-09-2024,medium,closed
Bidar,Bhalki,Rural PS,Vehicle Theft,17.656548,77.452873,21-12-2023,low,closed
Haveri,Haveri,Haveri PS,Vehicle Theft,14.65536,75.341562,10-03-2024,low,investigating
Kodagu,Somwarpet,Rural PS,Mobile Theft,12.301978,75.901167,28-02-2023,low,investigating
Koppal,Gangavathi,Town PS,Vehicle Theft,15.566902,76.135275,11-05-2023,high,investigating
Kalaburagi,Jewargi,Jewargi PS,Murder,17.301479,76.923067,09-01-2023,low,closed
Vijayapura,Sindagi,Rural PS,Theft,16.895766,75.706556,16-11-2024,low,investigating
Hubballi-Dharwad,Navanagar,Town PS,Robbery,15.33457,75.037699,16-11-2024,high,investigating
Tumakuru,Tumakuru City,Tumakuru PS,Assault,13.219675,76.84958,11-01-2023,medium,open
Mandya,Srirangapatna,Srirangapatna PS,Kidnapping,12.695186,76.85872,03-08-2023,low,closed
Hassan,Arsikere,Town PS,Domestic Violence,13.141751,76.077018,16-03-2024,medium,closed
Hassan,Hassan City,Hassan PS,Drug Offense,12.774771,76.119484,07-10-2023,medium,open
Chikkaballapura,Bagepalli,Rural PS,Theft,13.264151,77.929017,01-06-2024,medium,closed
Haveri,Haveri,Traffic PS,Chain Snatching,14.639225,75.362668,16-02-2023,low,investigating
Koppal,Koppal City,Koppal PS,Mobile Theft,15.303217,76.164435,11-02-2023,medium,investigating
Dakshina Kannada,Sullia,Town PS,Mobile Theft,12.973399,75.072449,08-01-2024,low,closed
Ballari,Sandur,Rural PS,Kidnapping,14.971776,77.168769,06-12-2024,high,investigating
Koppal,Gangavathi,Gangavathi PS,Drug Offense,15.123075,76.376958,05-07-2023,medium,investigating
Kodagu,Madikeri,Traffic PS,Kidnapping,12.458367,76.042599,09-03-2024,high,investigating
Kodagu,Somwarpet,Rural PS,Theft,12.349812,75.735791,04-07-2024,high,closed
Haveri,Haveri,Town PS,Chain Snatching,14.617855,75.307384,16-01-2024,low,closed
Chitradurga,Hiriyur,Town PS,Land Dispute,14.184991,76.628828,18-05-2023,medium,open
Ramanagara,Ramanagara,Traffic PS,Robbery,12.42888,77.314033,14-07-2024,low,investigating
Raichur,Sindhanur,Sindhanur PS,Chain Snatching,16.241746,77.429593,28-08-2024,low,investigating
Kalaburagi,Jewargi,Jewargi PS,Murder,17.595848,76.967507,02-05-2023,medium,closed
Kodagu,Madikeri,Madikeri PS,Drug Offense,12.115997,75.56937,07-02-2023,low,investigating
Kolar,Malur,Rural PS,Chain Snatching,13.154769,78.210374,14-09-2023,medium,investigating
Chikkaballapura,Sidlaghatta,Rural PS,Theft,13.281874,77.510762,16-06-2023,low,open
Udupi,Kundapura,Gangolli PS,Burglary,13.115754,74.647267,17-01-2024,medium,investigating
Kolar,Malur,Rural PS,Burglary,13.16243,78.016166,11-10-2024,low,closed
Dakshina Kannada,Sullia,Sullia PS,Burglary,12.955789,75.350296,01-08-2024,low,investigating
Mysuru,Nanjangud,Traffic PS,Chain Snatching,12.557283,76.91398,25-01-2024,low,open
Mysuru,Mysuru City,Nazarbad PS,Drug Offense,12.128424,76.576622,19-09-2024,low,open
Chamarajanagar,Gundlupet,Rural PS,Assault,11.794194,76.657085,31-01-2023,high,open
Mangaluru,Surathkal,Panambur PS,Kidnapping,12.829308,74.588109,15-09-2024,low,open
Bengaluru Urban,Koramangala,Madiwala PS,Domestic Violence,13.036186,77.813707,21-05-2023,high,investigating
Hassan,Hassan City,Extension PS,Drug Offense,13.258944,76.340173,19-01-2024,low,closed
Kodagu,Somwarpet,Somwarpet PS,Robbery,12.376331,75.775787,05-09-2023,low,closed
Hubballi-Dharwad,Dharwad,Sub Urban PS,Fraud,15.448596,75.038342,13-09-2024,medium,closed
Raichur,Raichur City,West PS,Murder,16.489309,77.598566,17-06-2023,low,open
Bengaluru Urban,Koramangala,Koramangala PS,Kidnapping,13.14492,77.829423,21-11-2024,high,closed
Chamarajanagar,Chamarajanagar,Chamarajanagar PS,Murder,11.990884,76.683677,19-01-2024,low,investigating
Kodagu,Somwarpet,Kushalnagar PS,Murder,12.206746,75.63473,21-06-2023,low,open
Chikkaballapura,Bagepalli,Town PS,Robbery,13.498553,77.766434,16-07-2024,medium,closed
Ramanagara,Ramanagara,Town PS,Mobile Theft,13.008467,76.986906,04-10-2024,low,closed
Yadgir,Shahapur,Rural PS,Domestic Violence,16.767188,76.941052,03-06-2024,medium,investigating
Hassan,Sakleshpur,Town PS,Kidnapping,12.982549,75.906071,24-06-2024,low,investigating
Vijayapura,Vijayapura City,Traffic PS,Robbery,16.582553,75.602115,21-02-2023,low,investigating
Vijayapura,Vijayapura City,Adarsh Nagar PS,Domestic Violence,16.869427,75.957532,26-04-2023,medium,closed
Kolar,Kolar,Kolar PS,Mobile Theft,13.080722,78.379295,20-11-2023,low,investigating
Chitradurga,Hiriyur,Town PS,Assault,14.220661,76.519207,30-10-2023,high,investigating
Tumakuru,Madhugiri,Madhugiri PS,Murder,13.610223,76.889055,10-09-2023,medium,investigating
Mandya,Mandya,Traffic PS,Cybercrime,12.791338,77.07009,17-09-2024,low,closed
Davangere,Harihar,Harihar PS,Chain Snatching,14.233938,76.178904,08-01-2023,medium,closed
Chikkaballapura,Sidlaghatta,Town PS,Domestic Violence,13.628399,77.534159,13-08-2023,high,investigating
Hubballi-Dharwad,Navanagar,Rural PS,Domestic Violence,15.206967,74.918364,20-08-2024,low,closed
Belagavi,Chikodi,Chikodi PS,Mobile Theft,15.8962,74.524448,25-03-2024,high,open
Mandya,Mandya,Town PS,Drug Offense,12.28757,77.139423,05-05-2023,high,investigating
Chamarajanagar,Gundlupet,Gundlupet PS,Assault,12.033725,77.136921,22-11-2023,low,open
Ramanagara,Kanakapura,Kanakapura PS,Land Dispute,12.971067,77.402315,27-06-2023,medium,investigating
Belagavi,Chikodi,Rural PS,Assault,15.592692,74.513873,04-05-2023,low,closed
Kodagu,Somwarpet,Somwarpet PS,Assault,12.151244,75.814904,06-09-2023,low,closed
Chitradurga,Hosadurga,Hosadurga PS,Robbery,14.413202,76.638897,30-04-2023,low,closed
Chamarajanagar,Kollegal,Kollegal PS,Assault,11.695074,76.755601,12-08-2023,low,closed
Mandya,Mandya,Traffic PS,Murder,12.738716,77.163939,05-08-2024,high,investigating
Davangere,Davangere City,KTJ Nagar PS,Fraud,14.613797,75.793139,15-09-2023,low,investigating
Chikkamagaluru,Chikkamagaluru City,Chikkamagaluru PS,Theft,13.309028,75.985968,19-01-2024,low,closed
Chikkaballapura,Chikkaballapura,Town PS,Kidnapping,13.327119,77.764859,05-01-2023,high,investigating
Hubballi-Dharwad,Hubballi,Old Hubballi PS,Kidnapping,15.23224,75.225767,30-07-2023,low,investigating
Haveri,Haveri,Haveri PS,Theft,14.72478,75.633452,13-10-2023,medium,open
Mysuru,Mysuru City,Lakshmipuram PS,Chain Snatching,12.401113,76.799111,30-03-2024,high,closed
Belagavi,Chikodi,Nippani PS,Cybercrime,15.96132,74.353151,07-07-2023,low,open
Bidar,Bidar City,Traffic PS,Drug Offense,18.117874,77.30466,23-07-2024,low,investigating
Ramanagara,Ramanagara,Traffic PS,Robbery,12.555432,77.065955,14-09-2024,low,investigating
Ramanagara,Magadi,Town PS,Land Dispute,12.833391,77.290062,24-05-2023,medium,open
Bidar,Bhalki,Rural PS,Robbery,18.181417,77.670886,23-01-2023,low,open
Raichur,Manvi,Town PS,Robbery,15.923198,77.055526,29-10-2024,high,closed
Bengaluru Urban,Yelahanka,Attur PS,Cybercrime,13.077691,77.803919,08-08-2024,medium,investigating
Mysuru,Hunsur,Bilikere PS,Drug Offense,12.464417,76.380996,06-07-2023,medium,closed
Belagavi,Gokak,Rural PS,Robbery,15.55218,74.545747,27-08-2024,low,investigating
Chitradurga,Chitradurga,Chitradurga PS,Burglary,14.03797,76.128332,27-04-2024,medium,open
Tumakuru,Tiptur,Town PS,Fraud,13.371409,77.004316,04-05-2023,medium,investigating
Chitradurga,Chitradurga,Chitradurga PS,Fraud,14.052393,76.502284,31-05-2024,high,closed
Hassan,Sakleshpur,Town PS,Vehicle Theft,13.164727,76.116019,14-12-2023,low,closed
Vijayapura,Indi,Town PS,Cybercrime,16.900946,75.655933,14-02-2024,medium,investigating
Hassan,Sakleshpur,Sakleshpur PS,Domestic Violence,13.07717,75.821523,25-04-2024,low,investigating
Kolar,Bangarapet,Rural PS,Burglary,13.008422,77.935803,01-04-2024,medium,open
Dakshina Kannada,Sullia,Sullia PS,Theft,12.777792,75.4472,07-05-2024,high,investigating
Koppal,Kushtagi,Town PS,Murder,15.061451,76.271957,19-07-2024,low,closed
Raichur,Raichur City,Traffic PS,Domestic Violence,15.927041,77.410306,13-10-2024,low,investigating
Gadag,Ron,Town PS,Assault,15.307031,75.694588,03-02-2023,low,investigating
Koppal,Kushtagi,Town PS,Drug Offense,15.523627,76.004138,20-05-2023,medium,investigating
Yadgir,Gurmitkal,Gurmitkal PS,Robbery,16.614281,77.100957,20-12-2024,medium,closed
Kolar,Kolar,Kolar PS,Chain Snatching,12.956248,78.336342,03-09-2023,low,investigating
Chikkamagaluru,Tarikere,Lakkavalli PS,Drug Offense,13.514524,76.022545,10-10-2024,low,investigating
Vijayapura,Sindagi,Rural PS,Drug Offense,17.100692,75.491868,06-01-2023,low,closed
Uttara Kannada,Bhatkal,Town PS,Assault,14.514008,74.541818,05-08-2024,low,investigating
Koppal,Koppal City,Town PS,Burglary,15.545107,76.308861,01-08-2024,low,open
Hubballi-Dharwad,Navanagar,Navanagar PS,Vehicle Theft,15.293005,75.35421,17-12-2024,high,open
Koppal,Kushtagi,Rural PS,Vehicle Theft,15.484547,76.211469,15-12-2023,medium,open
Vijayapura,Vijayapura City,Gandhi Chowk PS,Theft,17.1224,75.662912,08-05-2023,low,closed
Ramanagara,Kanakapura,Kanakapura PS,Kidnapping,12.949011,77.265729,17-01-2023,high,investigating
Bengaluru Urban,Koramangala,Koramangala PS,Cybercrime,12.701012,77.488062,05-09-2023,medium,closed
Mangaluru,Surathkal,Surathkal PS,Chain Snatching,13.131829,74.664768,19-12-2023,low,open
Bengaluru Rural,Nelamangala,Traffic PS,Cybercrime,13.300498,77.671597,28-03-2024,low,closed
Shivamogga,Shivamogga City,Vinobanagar PS,Fraud,13.799872,75.830053,07-06-2023,medium,investigating
Belagavi,Gokak,Traffic PS,Kidnapping,15.765354,74.380549,24-11-2023,low,open
Bidar,Basavakalyan,Basavakalyan PS,Fraud,17.778611,77.39506,29-06-2024,low,investigating
Koppal,Gangavathi,Rural PS,Mobile Theft,15.157657,76.186475,21-05-2023,medium,closed
Uttara Kannada,Karwar,Karwar Town PS,Land Dispute,14.930811,74.421203,11-10-2023,low,closed
Bidar,Basavakalyan,Rural PS,Kidnapping,17.726274,77.61657,09-12-2023,low,closed
Kodagu,Madikeri,Madikeri PS,Assault,12.304939,75.888678,26-07-2023,low,closed
Hubballi-Dharwad,Navanagar,Rural PS,Cybercrime,15.219128,75.328316,20-11-2024,medium,investigating
Davangere,Davangere City,Davangere PS,Theft,14.43163,75.983831,05-01-2023,low,closed
Koppal,Koppal City,Koppal PS,Murder,15.373403,76.074232,30-12-2023,low,open
Kalaburagi,Jewargi,Yadrami PS,Drug Offense,17.233845,76.753673,26-10-2023,low,closed
Gadag,Gadag,Traffic PS,Murder,15.229668,75.458513,15-08-2024,low,investigating
Uttara Kannada,Sirsi,Rural PS,Theft,14.60138,74.519154,19-10-2023,medium,investigating
Bengaluru Rural,Devanahalli,Vijayapura PS,Theft,13.490522,77.437705,25-02-2024,low,investigating
Davangere,Honnali,Nyamathi PS,Kidnapping,14.559226,75.796146,05-10-2023,low,closed
Koppal,Koppal City,Town PS,Chain Snatching,15.392492,76.393122,11-03-2024,low,investigating
Bidar,Bhalki,Town PS,Robbery,17.97925,77.688085,08-04-2023,medium,investigating
Ramanagara,Ramanagara,Traffic PS,Robbery,12.683369,77.174717,27-03-2024,medium,closed
Yadgir,Yadgir City,Traffic PS,Fraud,16.599106,76.950601,29-05-2023,high,investigating
Kolar,Bangarapet,Town PS,Land Dispute,13.198664,77.842756,25-03-2023,low,closed
Belagavi,Chikodi,Nippani PS,Burglary,15.712908,74.482662,22-05-2023,medium,closed
Tumakuru,Madhugiri,Town PS,Murder,13.116519,77.215231,07-06-2023,low,closed
Belagavi,Chikodi,Nippani PS,Theft,15.983062,74.593333,01-05-2023,low,open
Udupi,Kundapura,Kundapura PS,Burglary,13.154793,74.843651,11-06-2024,low,closed
Bidar,Bhalki,Bhalki PS,Burglary,17.996144,77.433285,23-06-2023,low,closed
Gadag,Gadag,Gadag Town PS,Mobile Theft,15.135475,75.865562,25-01-2023,low,closed
Dakshina Kannada,Sullia,Rural PS,Burglary,12.8081,75.010099,04-05-2024,medium,investigating
Haveri,Ranebennur,Rural PS,Assault,14.644578,75.307007,28-01-2023,medium,closed
Mandya,Srirangapatna,Srirangapatna PS,Domestic Violence,12.281451,76.925619,14-10-2024,high,open
Kalaburagi,Sedam,Town PS,Domestic Violence,17.356364,76.786327,14-07-2023,low,closed
Raichur,Sindhanur,Sindhanur PS,Mobile Theft,16.168103,77.528319,12-09-2024,medium,open
Koppal,Kushtagi,Town PS,Land Dispute,15.501184,75.994673,20-12-2024,low,investigating
Tumakuru,Tumakuru City,New Extension PS,Burglary,13.03861,77.055728,27-06-2023,medium,open
Koppal,Koppal City,Town PS,Theft,15.40969,75.974689,09-09-2024,low,closed
Mysuru,Nanjangud,Nanjangud Town PS,Domestic Violence,12.585877,76.543293,02-02-2023,low,closed
Ramanagara,Magadi,Magadi PS,Mobile Theft,12.730823,77.45354,27-08-2024,low,closed
Yadgir,Gurmitkal,Town PS,Drug Offense,16.982546,77.192487,12-04-2024,low,open
Hubballi-Dharwad,Navanagar,Navanagar PS,Land Dispute,15.554573,75.31214,02-06-2024,medium,closed
Shivamogga,Sagara,Anandapura PS,Robbery,14.192093,75.294109,11-09-2023,high,closed
Belagavi,Belagavi City,Market PS,Fraud,15.956089,74.222293,18-05-2024,low,closed
Chikkamagaluru,Kadur,Town PS,Fraud,13.127647,75.729809,02-12-2023,medium,closed
Ramanagara,Ramanagara,Town PS,Land Dispute,12.75082,77.12616,22-01-2024,medium,closed
Belagavi,Chikodi,Nippani PS,Robbery,15.651483,74.293532,17-07-2024,medium,closed
Chitradurga,Hiriyur,Hiriyur PS,Burglary,13.956321,76.179004,16-09-2024,low,closed
Bidar,Bidar City,New Town PS,Chain Snatching,17.721655,77.68283,10-02-2023,medium,closed
Kalaburagi,Sedam,Town PS,Drug Offense,17.300798,76.582543,08-09-2024,low,investigating
Chikkaballapura,Bagepalli,Rural PS,Kidnapping,13.29682,77.646822,01-08-2024,low,closed
Mysuru,Mysuru City,Nazarbad PS,Burglary,12.542233,76.392549,04-07-2024,low,open
Chitradurga,Hiriyur,Hiriyur PS,Mobile Theft,14.397905,76.205973,19-08-2024,medium,closed
Mysuru,Hunsur,Hunsur PS,Burglary,12.004086,76.566959,10-01-2024,medium,open
Bidar,Bidar City,Bidar PS,Chain Snatching,17.988688,77.452736,03-07-2023,low,closed
Mandya,Srirangapatna,Town PS,Kidnapping,12.310727,77.191714,10-12-2024,low,open
Belagavi,Gokak,Rural PS,Chain Snatching,15.782,74.653914,08-09-2023,medium,investigating
Udupi,Udupi,Malpe PS,Land Dispute,13.185122,75.019549,14-12-2024,low,investigating
Mysuru,Mysuru City,Devaraja PS,Assault,12.5378,76.887747,11-11-2023,medium,investigating
Ballari,Sandur,Rural PS,Cybercrime,14.923475,76.975228,23-04-2024,medium,open
Udupi,Karkala,Karkala PS,Robbery,13.486225,74.767513,28-07-2024,low,investigating
Tumakuru,Tiptur,Tiptur PS,Domestic Violence,13.573166,76.896911,01-07-2024,medium,open
Kolar,Malur,Rural PS,Chain Snatching,13.007772,77.868851,06-10-2024,low,investigating
Ramanagara,Magadi,Magadi PS,Chain Snatching,12.777027,77.174303,09-02-2024,low,open
Kodagu,Virajpet,Rural PS,Chain Snatching,12.467094,75.894391,29-06-2024,low,investigating
Ballari,Ballari City,Ballari PS,Drug Offense,15.408998,76.757,14-10-2024,medium,open
Uttara Kannada,Karwar,Karwar Town PS,Vehicle Theft,14.649967,74.789452,01-12-2023,medium,investigating
Haveri,Ranebennur,Town PS,Land Dispute,14.894986,75.385109,30-04-2023,low,open
Tumakuru,Madhugiri,Town PS,Fraud,13.440182,77.059129,22-11-2023,high,open
Mandya,Mandya,Traffic PS,Drug Offense,12.661445,76.67664,27-12-2024,low,closed
Koppal,Gangavathi,Town PS,Vehicle Theft,15.53839,76.108234,06-01-2023,medium,open
Shivamogga,Shivamogga City,Vinobanagar PS,Vehicle Theft,14.058221,75.645956,14-02-2023,low,open
Gadag,Mundargi,Town PS,Domestic Violence,15.372782,75.649616,30-06-2024,medium,investigating
Shivamogga,Shivamogga City,Traffic PS,Kidnapping,14.00313,75.627705,28-08-2024,high,open
Uttara Kannada,Karwar,Karwar Town PS,Fraud,14.575143,74.62293,04-10-2023,medium,open
Ramanagara,Kanakapura,Town PS,Vehicle Theft,12.666237,77.199149,07-06-2023,low,investigating
Ramanagara,Magadi,Town PS,Assault,12.495981,77.479499,09-07-2023,low,open
Mandya,Srirangapatna,Town PS,Burglary,12.561457,76.83143,03-05-2023,medium,investigating
Tumakuru,Tiptur,Tiptur PS,Theft,13.127767,77.230803,13-11-2024,low,closed
Bidar,Basavakalyan,Town PS,Theft,18.121048,77.662621,10-06-2023,low,closed
Udupi,Karkala,Karkala PS,Domestic Violence,13.289573,75.035111,22-07-2023,low,investigating
Ballari,Hospet,Rural PS,Theft,15.220343,76.655046,01-10-2024,low,investigating
Mangaluru,Mangaluru,Pandeshwar PS,Mobile Theft,13.099936,75.147173,27-07-2023,medium,open
Chikkamagaluru,Tarikere,Rural PS,Mobile Theft,13.429569,75.70007,02-02-2023,low,open
Shivamogga,Shivamogga City,Vinobanagar PS,Mobile Theft,13.92006,75.470621,23-07-2024,high,investigating
Yadgir,Shahapur,Town PS,Fraud,16.923969,77.072565,01-02-2023,low,investigating
Koppal,Koppal City,Traffic PS,Vehicle Theft,15.534353,76.20713,23-06-2023,medium,open
Ramanagara,Kanakapura,Rural PS,Mobile Theft,12.46045,77.224197,25-02-2024,low,open
Ramanagara,Kanakapura,Town PS,Murder,12.564673,77.417073,28-08-2023,medium,closed
Udupi,Udupi,Manipal PS,Burglary,13.210723,74.46977,30-10-2023,medium,open
Tumakuru,Madhugiri,Rural PS,Burglary,13.265366,77.089507,15-07-2023,medium,investigating
Bengaluru Urban,Whitefield,Whitefield PS,Land Dispute,13.023271,77.630694,21-12-2024,low,closed
Raichur,Sindhanur,Town PS,Land Dispute,15.912959,77.498779,12-02-2023,low,open
Ballari,Hospet,Rural PS,Theft,15.187794,77.04915,27-07-2023,low,closed
Hubballi-Dharwad,Dharwad,Traffic PS,Land Dispute,15.38371,75.366295,15-04-2024,low,open
Hassan,Hassan City,Traffic PS,Theft,13.142893,76.10781,17-03-2024,high,investigating
Belagavi,Belagavi City,Tilakwadi PS,Chain Snatching,15.730723,74.538517,06-10-2024,medium,closed
Vijayapura,Vijayapura City,Traffic PS,Robbery,16.850559,75.805599,30-05-2024,medium,investigating
Kodagu,Somwarpet,Kushalnagar PS,Kidnapping,12.357239,75.834323,27-10-2023,low,open
Kodagu,Somwarpet,Rural PS,Murder,12.194299,76.070672,28-04-2023,low,closed
Mangaluru,Mangaluru,Mangaluru North PS,Drug Offense,12.977767,74.788191,05-03-2023,low,open
Shivamogga,Shivamogga City,Vinobanagar PS,Land Dispute,14.003359,75.538264,29-04-2024,low,open
Chamarajanagar,Gundlupet,Rural PS,Kidnapping,12.205896,76.783451,20-02-2023,low,closed
Chamarajanagar,Chamarajanagar,Traffic PS,Robbery,11.982402,77.139761,22-07-2024,high,open
Hassan,Sakleshpur,Town PS,Fraud,13.015622,76.128369,08-11-2024,high,investigating
Hubballi-Dharwad,Hubballi,Old Hubballi PS,Land Dispute,15.155234,75.06841,02-06-2023,medium,investigating
Chitradurga,Hosadurga,Town PS,Kidnapping,14.364597,76.51655,19-07-2023,low,closed
Bidar,Bhalki,Town PS,Chain Snatching,17.821544,77.53689,25-08-2024,medium,investigating
Bidar,Basavakalyan,Town PS,Kidnapping,17.879803,77.664581,17-05-2023,medium,open
Mysuru,Mysuru City,Devaraja PS,Fraud,12.202473,76.736237,01-04-2023,low,closed
Shivamogga,Shivamogga City,Doddapete PS,Mobile Theft,13.645905,75.352869,07-10-2024,medium,closed
Udupi,Udupi,Manipal PS,Drug Offense,13.520949,74.852616,21-01-2023,low,investigating
Raichur,Manvi,Rural PS,Assault,16.312544,77.252166,23-03-2024,low,investigating
Ramanagara,Kanakapura,Kanakapura PS,Vehicle Theft,12.537385,77.537948,08-08-2023,medium,open
Raichur,Manvi,Town PS,Vehicle Theft,16.113003,77.107464,20-06-2023,medium,open
Dakshina Kannada,Puttur,Town PS,Kidnapping,12.861412,74.999595,13-02-2024,low,closed
Uttara Kannada,Sirsi,Rural PS,Assault,14.784097,74.570419,16-01-2023,low,open
Davangere,Honnali,Rural PS,Kidnapping,14.171764,75.937052,22-11-2023,low,investigating
Bengaluru Urban,Yelahanka,Yelahanka New Town PS,Drug Offense,13.257502,77.718505,07-07-2023,medium,open
Raichur,Manvi,Town PS,Drug Offense,16.037207,77.374716,20-06-2024,high,closed
Hubballi-Dharwad,Dharwad,Traffic PS,Fraud,15.237563,74.859324,06-02-2023,medium,investigating
Bengaluru Urban,Yelahanka,Yelahanka PS,Burglary,13.015862,77.322405,03-01-2023,low,closed
Koppal,Koppal City,Town PS,Domestic Violence,15.279599,76.216052,02-03-2024,low,open
Kalaburagi,Kalaburagi City,University PS,Kidnapping,17.344144,76.764647,18-11-2024,medium,open
Hubballi-Dharwad,Navanagar,Town PS,Vehicle Theft,15.165932,75.185871,24-07-2023,low,open
Chitradurga,Chitradurga,Chitradurga PS,Mobile Theft,14.302441,76.547333,19-08-2023,low,investigating
Belagavi,Gokak,Gokak Town PS,Robbery,15.885508,74.427218,27-03-2023,low,open
Mangaluru,Mangaluru,Pandeshwar PS,Drug Offense,12.885443,74.766708,10-06-2024,low,investigating
Mysuru,Mysuru City,Nazarbad PS,Vehicle Theft,12.171397,76.73801,28-02-2024,low,closed
Davangere,Davangere City,Davangere PS,Fraud,14.700198,76.191796,14-03-2024,low,investigating
Bengaluru Rural,Devanahalli,Airport PS,Assault,13.100107,77.14251,03-05-2023,high,closed
Hubballi-Dharwad,Dharwad,Dharwad Town PS,Mobile Theft,15.443189,74.965183,14-01-2024,low,open
Yadgir,Yadgir City,Traffic PS,Theft,16.980412,77.286272,24-04-2023,medium,closed
Belagavi,Gokak,Gokak Town PS,Domestic Violence,16.005742,74.265069,01-06-2024,medium,investigating
Kalaburagi,Jewargi,Jewargi PS,Murder,17.236887,77.05553,30-03-2024,low,open
Mandya,Maddur,Maddur PS,Land Dispute,12.503682,76.660092,20-06-2023,medium,closed
Ramanagara,Kanakapura,Town PS,Burglary,12.446465,77.416169,24-10-2024,low,open
Kalaburagi,Kalaburagi City,Brahmapur PS,Vehicle Theft,17.210431,76.66167,10-11-2023,low,open
Hassan,Arsikere,Rural PS,Fraud,13.189648,75.971031,28-12-2023,medium,investigating
Koppal,Kushtagi,Town PS,Fraud,15.354999,76.345771,24-11-2023,medium,investigating
Ramanagara,Ramanagara,Traffic PS,Chain Snatching,12.692609,77.273248,15-01-2023,high,investigating
Belagavi,Belagavi City,Belagavi PS,Cybercrime,15.925904,74.319008,02-07-2023,low,closed
Mangaluru,Mangaluru,Pandeshwar PS,Mobile Theft,12.759474,74.894969,03-11-2023,low,closed
Kalaburagi,Jewargi,Rural PS,Mobile Theft,17.058054,76.68871,08-08-2024,low,closed
Chikkamagaluru,Chikkamagaluru City,Town PS,Robbery,13.109142,75.998829,01-09-2024,low,open
Vijayapura,Indi,Rural PS,Robbery,16.818313,75.908963,05-12-2023,low,closed
Tumakuru,Tumakuru City,New Extension PS,Burglary,13.263736,76.8945,04-11-2023,medium,closed
Mysuru,Nanjangud,Traffic PS,Kidnapping,12.375648,76.750412,06-11-2023,medium,open
Kodagu,Somwarpet,Kushalnagar PS,Murder,12.397115,75.986243,20-10-2024,high,closed
Gadag,Ron,Town PS,Chain Snatching,15.330427,75.637276,22-05-2023,low,investigating
Yadgir,Shahapur,Town PS,Robbery,16.937627,77.29925,05-10-2024,medium,investigating
Shivamogga,Shivamogga City,Doddapete PS,Fraud,13.894615,75.574414,26-04-2023,medium,closed
Chamarajanagar,Kollegal,Kollegal PS,Burglary,11.993405,76.708579,17-08-2023,medium,investigating
Chitradurga,Hiriyur,Hiriyur PS,Theft,14.279042,76.625859,09-02-2024,medium,open
Mysuru,Hunsur,Bilikere PS,Kidnapping,12.298271,76.541365,30-03-2024,medium,investigating
Hassan,Arsikere,Arsikere PS,Assault,13.241518,76.367614,20-05-2023,low,open
Hubballi-Dharwad,Navanagar,Town PS,Cybercrime,15.404068,75.287255,17-07-2023,low,investigating
Kalaburagi,Sedam,Sedam PS,Assault,17.067973,77.072762,20-10-2024,medium,open
Chikkamagaluru,Chikkamagaluru City,Chikkamagaluru PS,Fraud,13.600441,75.947055,16-04-2024,medium,closed
Raichur,Manvi,Rural PS,Fraud,16.507375,77.051968,14-12-2024,low,investigating
Chikkaballapura,Sidlaghatta,Rural PS,Mobile Theft,13.614791,77.974346,23-06-2023,medium,investigating
Shivamogga,Shivamogga City,Traffic PS,Drug Offense,14.159874,75.454878,06-10-2023,low,closed
Mandya,Srirangapatna,Rural PS,Drug Offense,12.453728,76.976455,08-01-2023,low,closed
Chitradurga,Chitradurga,Traffic PS,Chain Snatching,14.275027,76.379949,03-12-2023,low,closed
Mandya,Maddur,Rural PS,Murder,12.683349,76.600495,25-11-2024,medium,open
Ramanagara,Ramanagara,Ramanagara PS,Murder,12.78231,77.347903,03-12-2023,high,closed
Chikkaballapura,Sidlaghatta,Rural PS,Domestic Violence,13.209321,77.858821,21-07-2023,low,investigating
Mangaluru,Surathkal,Surathkal PS,Burglary,13.105689,75.017495,25-02-2023,medium,investigating
Kalaburagi,Jewargi,Rural PS,Chain Snatching,17.56034,76.805219,20-02-2024,low,open
Gadag,Ron,Ron PS,Chain Snatching,15.412322,75.483203,18-02-2024,low,investigating
Udupi,Kundapura,Gangolli PS,Land Dispute,13.11374,74.484134,02-08-2024,low,open
Mysuru,Mysuru City,Devaraja PS,Robbery,12.522304,76.526869,20-03-2023,medium,open
Mandya,Maddur,Maddur PS,Theft,12.441949,76.93191,21-12-2023,low,closed
Uttara Kannada,Sirsi,Rural PS,Mobile Theft,14.597614,74.486188,16-09-2024,low,open
Tumakuru,Madhugiri,Madhugiri PS,Land Dispute,13.092748,77.310556,12-03-2023,medium,closed
Ballari,Hospet,Traffic PS,Chain Snatching,15.312348,77.208506,16-12-2023,low,open
Mangaluru,Mangaluru,Mangaluru South PS,Cybercrime,12.847353,74.895233,27-07-2024,low,open
Mandya,Maddur,Rural PS,Robbery,12.443423,77.036234,28-06-2024,low,investigating
Kolar,Malur,Rural PS,Assault,12.955024,78.36961,24-07-2024,low,investigating
Bidar,Bhalki,Town PS,Robbery,17.841337,77.647475,02-04-2023,medium,investigating
Belagavi,Gokak,Traffic PS,Land Dispute,15.637043,74.539744,27-01-2024,low,investigating
Bengaluru Rural,Nelamangala,Soladevanahalli PS,Theft,12.970872,77.536219,28-03-2024,low,investigating
Chikkaballapura,Sidlaghatta,Sidlaghatta PS,Cybercrime,13.424359,77.581663,17-01-2023,low,closed
Hassan,Arsikere,Rural PS,Theft,12.758077,75.862615,22-05-2024,low,open
Chikkamagaluru,Tarikere,Tarikere PS,Murder,13.459295,75.955925,07-04-2023,medium,open
Tumakuru,Tiptur,Tiptur PS,Assault,13.227412,77.10604,16-09-2024,low,open
Bengaluru Urban,Yelahanka,Yelahanka New Town PS,Murder,12.981884,77.875175,30-06-2023,medium,closed
Raichur,Manvi,Rural PS,Kidnapping,16.338213,77.203139,22-03-2023,medium,open
Bidar,Bhalki,Bhalki PS,Domestic Violence,17.763891,77.565591,17-04-2024,low,open
Tumakuru,Tumakuru City,New Extension PS,Murder,13.201548,77.327623,16-01-2023,medium,closed
Chitradurga,Chitradurga,Town PS,Robbery,14.293409,76.481025,09-10-2023,medium,open
Mangaluru,Mangaluru,Mangaluru North PS,Burglary,12.835021,74.70449,02-02-2024,high,open
Belagavi,Chikodi,Nippani PS,Mobile Theft,15.767786,74.619069,23-10-2023,medium,investigating
Chikkaballapura,Bagepalli,Rural PS,Murder,13.465424,77.527318,29-03-2024,high,closed
Yadgir,Gurmitkal,Town PS,Land Dispute,16.518089,77.308619,26-08-2023,medium,investigating
Ballari,Ballari City,Cowl Bazaar PS,Murder,15.107818,76.857705,21-11-2023,low,open
Mangaluru,Surathkal,Mulki PS,Assault,12.697461,75.080906,06-02-2023,low,closed
Chikkamagaluru,Chikkamagaluru City,Town PS,Vehicle Theft,13.511868,75.590591,08-10-2024,low,closed
Gadag,Ron,Town PS,Murder,15.271913,75.709997,04-04-2023,low,closed
Mandya,Maddur,Town PS,Murder,12.647016,76.715635,26-04-2023,low,open
Kodagu,Somwarpet,Somwarpet PS,Assault,12.376474,75.637331,12-12-2023,medium,investigating
Kodagu,Madikeri,Rural PS,Assault,12.469477,75.889391,20-10-2023,low,closed
Hassan,Hassan City,Hassan PS,Theft,12.997459,76.374541,18-05-2023,low,open
Chitradurga,Hosadurga,Town PS,Drug Offense,14.181982,76.370805,30-07-2024,low,closed
Kodagu,Virajpet,Virajpet PS,Fraud,12.506633,75.987058,03-10-2024,low,open
Gadag,Mundargi,Town PS,Cybercrime,15.596956,75.768509,08-07-2024,medium,closed
Kalaburagi,Sedam,Rural PS,Chain Snatching,17.592575,77.083129,15-07-2024,low,closed
Davangere,Davangere City,KTJ Nagar PS,Cybercrime,14.451516,76.132191,07-08-2024,low,investigating
Bengaluru Rural,Devanahalli,Devanahalli PS,Chain Snatching,13.225005,77.261018,09-02-2023,medium,closed
Chikkamagaluru,Tarikere,Lakkavalli PS,Burglary,13.077412,75.644043,02-11-2023,low,closed
Bidar,Bidar City,Bidar PS,Burglary,17.861063,77.742239,27-10-2024,medium,open
Uttara Kannada,Karwar,Bazar PS,Domestic Violence,14.527419,74.913971,23-03-2024,medium,closed
Bengaluru Rural,Nelamangala,Traffic PS,Chain Snatching,13.413672,77.403766,11-11-2024,low,investigating
Tumakuru,Tumakuru City,Traffic PS,Drug Offense,13.633038,76.870684,11-05-2024,medium,open
Ramanagara,Kanakapura,Rural PS,Theft,13.007547,77.036158,16-04-2023,low,investigating
Chamarajanagar,Gundlupet,Town PS,Chain Snatching,11.87458,77.20972,09-05-2023,low,open
Ballari,Sandur,Toranagallu PS,Assault,15.36959,76.925887,01-12-2023,low,closed
Hassan,Sakleshpur,Rural PS,Domestic Violence,13.03451,76.020385,30-06-2024,low,closed
Mandya,Maddur,Town PS,Chain Snatching,12.560039,77.013659,15-03-2023,low,closed
Dakshina Kannada,Bantwal,Town PS,Robbery,12.548041,75.089322,31-10-2024,low,closed
Uttara Kannada,Bhatkal,Town PS,Fraud,14.973219,74.58857,01-02-2024,medium,open
Mandya,Srirangapatna,Srirangapatna PS,Assault,12.648528,76.913031,10-05-2023,high,open
Kalaburagi,Kalaburagi City,Station Bazaar PS,Kidnapping,17.03201,76.860405,25-05-2023,low,investigating
Mangaluru,Mangaluru,Mangaluru North PS,Vehicle Theft,13.183196,74.8217,03-05-2024,medium,investigating
Bengaluru Urban,Koramangala,Madiwala PS,Cybercrime,13.161599,77.379638,07-12-2023,medium,investigating
Mysuru,Mysuru City,Lakshmipuram PS,Land Dispute,12.56175,76.490386,22-11-2024,medium,closed
Vijayapura,Sindagi,Rural PS,Drug Offense,16.820847,75.614256,29-11-2023,low,closed
Kolar,Malur,Town PS,Kidnapping,12.934693,77.904673,21-12-2023,medium,closed
Belagavi,Gokak,Gokak Town PS,Theft,15.768428,74.434599,25-03-2024,low,closed
Chikkamagaluru,Kadur,Town PS,Assault,13.063555,76.035445,08-06-2024,low,closed
Kalaburagi,Kalaburagi City,University PS,Cybercrime,17.518784,76.887331,26-09-2023,low,open
Belagavi,Belagavi City,Tilakwadi PS,Domestic Violence,15.729189,74.524062,05-12-2023,low,open
Raichur,Sindhanur,Sindhanur PS,Domestic Violence,16.064175,77.059253,23-05-2024,medium,closed
Bidar,Bidar City,Traffic PS,Murder,17.802897,77.254226,02-11-2023,medium,closed
Hassan,Arsikere,Town PS,Drug Offense,12.938551,76.214594,18-05-2023,low,closed
Koppal,Koppal City,Koppal PS,Burglary,15.248095,75.929083,03-07-2023,medium,open
Chitradurga,Chitradurga,Chitradurga PS,Domestic Violence,13.975048,76.398204,09-05-2024,medium,open
Kolar,Kolar,Town PS,Kidnapping,13.372098,78.282514,13-11-2023,medium,closed
Kodagu,Madikeri,Traffic PS,Cybercrime,12.216412,76.022722,22-06-2023,low,investigating
Davangere,Honnali,Honnali PS,Assault,14.549252,76.130356,13-11-2024,high,closed
Tumakuru,Tiptur,Rural PS,Fraud,13.271861,77.394822,14-09-2023,medium,open
Vijayapura,Sindagi,Sindagi PS,Fraud,16.868715,75.574905,14-05-2023,high,investigating
Kalaburagi,Kalaburagi City,Station Bazaar PS,Theft,17.158992,77.07939,28-03-2024,high,investigating
Kolar,Malur,Town PS,Kidnapping,13.025941,77.84972,22-02-2024,low,investigating
Hassan,Sakleshpur,Sakleshpur PS,Assault,13.042851,76.293671,17-10-2023,high,closed
Ramanagara,Magadi,Town PS,Cybercrime,12.884829,77.074196,08-09-2023,low,closed
Ramanagara,Ramanagara,Town PS,Domestic Violence,12.495309,77.408127,13-07-2024,low,investigating
Bidar,Bidar City,Bidar PS,Fraud,18.034451,77.793119,22-01-2023,medium,investigating
Tumakuru,Tumakuru City,Tumakuru PS,Fraud,13.567546,77.139586,20-04-2023,medium,investigating
Chitradurga,Chitradurga,Town PS,Theft,14.025097,76.318858,03-08-2023,high,open
Shivamogga,Shivamogga City,Traffic PS,Domestic Violence,13.661899,75.454297,03-10-2023,medium,closed
Bidar,Bidar City,Traffic PS,Kidnapping,17.620791,77.6769,16-07-2024,medium,open
Koppal,Gangavathi,Town PS,Cybercrime,15.257279,76.323165,18-07-2023,low,investigating
Belagavi,Chikodi,Nippani PS,Vehicle Theft,15.774405,74.236493,10-06-2023,high,closed
Chitradurga,Hosadurga,Rural PS,Drug Offense,14.000286,76.254774,14-11-2024,low,open
Raichur,Manvi,Rural PS,Kidnapping,16.237047,77.608371,11-11-2023,medium,closed
Bengaluru Urban,Whitefield,Kadugodi PS,Chain Snatching,13.062836,77.596004,14-05-2023,high,investigating
Tumakuru,Madhugiri,Madhugiri PS,Drug Offense,13.467236,77.339907,30-10-2024,medium,open
Dakshina Kannada,Bantwal,Rural PS,Mobile Theft,12.96104,75.136607,23-06-2024,low,open
Uttara Kannada,Sirsi,Rural PS,Burglary,14.816145,74.850143,20-02-2023,medium,investigating
Ballari,Sandur,Rural PS,Chain Snatching,15.014334,76.926868,19-04-2023,medium,open
Chamarajanagar,Gundlupet,Town PS,Vehicle Theft,11.881514,76.985521,04-04-2023,low,closed
Hassan,Arsikere,Town PS,Domestic Violence,13.024918,76.321332,09-01-2023,medium,investigating
Belagavi,Chikodi,Nippani PS,Burglary,15.97911,74.721997,02-08-2023,medium,open
Ballari,Ballari City,Brucepet PS,Cybercrime,15.16902,76.874822,29-02-2024,medium,closed
Ramanagara,Magadi,Town PS,Kidnapping,13.010102,77.476429,17-01-2024,low,closed
Vijayapura,Vijayapura City,Traffic PS,Assault,16.953043,75.429784,08-12-2024,low,closed
Udupi,Kundapura,Gangolli PS,Vehicle Theft,13.61162,74.699046,22-10-2024,low,closed
Kalaburagi,Sedam,Rural PS,Fraud,17.443951,76.640006,09-06-2023,medium,closed
Belagavi,Belagavi City,Market PS,Murder,15.998183,74.590493,12-02-2024,low,open
Bengaluru Rural,Nelamangala,Nelamangala PS,Burglary,13.23205,77.556963,04-03-2024,medium,open
Tumakuru,Tumakuru City,Tumakuru PS,Drug Offense,13.555917,77.06978,11-03-2023,low,open
Belagavi,Belagavi City,Tilakwadi PS,Vehicle Theft,15.892068,74.63745,25-04-2023,high,open
Mandya,Maddur,Rural PS,Cybercrime,12.5064,77.106802,19-03-2023,high,investigating
Mandya,Maddur,Maddur PS,Theft,12.577768,77.13571,11-12-2024,medium,open
Hassan,Hassan City,Extension PS,Drug Offense,12.8913,76.120035,08-05-2024,medium,open
Gadag,Gadag,Betageri PS,Land Dispute,15.561992,75.636935,07-09-2023,low,investigating
Uttara Kannada,Sirsi,Town PS,Mobile Theft,14.508399,74.628482,06-05-2024,medium,closed
Ramanagara,Magadi,Magadi PS,Fraud,12.633894,77.011883,22-12-2024,medium,investigating
Udupi,Karkala,Ajekar PS,Theft,13.147992,74.715771,28-03-2024,low,investigating
Yadgir,Shahapur,Rural PS,Kidnapping,16.54702,77.243973,31-01-2023,low,investigating
Uttara Kannada,Bhatkal,Bhatkal PS,Murder,14.873438,74.593845,21-04-2023,low,closed
Vijayapura,Vijayapura City,Adarsh Nagar PS,Domestic Violence,17.045043,75.78761,03-04-2023,high,closed
Dakshina Kannada,Puttur,Traffic PS,Mobile Theft,12.860393,75.324824,25-12-2023,medium,investigating
Bengaluru Urban,Koramangala,Koramangala PS,Kidnapping,12.914164,77.70668,24-07-2024,medium,open
Shivamogga,Shivamogga City,Vinobanagar PS,Cybercrime,13.72856,75.632699,06-10-2023,medium,investigating
Uttara Kannada,Karwar,Karwar Town PS,Kidnapping,14.925929,74.467737,15-06-2023,low,closed
Mangaluru,Mangaluru,Mangaluru South PS,Land Dispute,13.082479,74.789699,28-11-2024,medium,investigating
Davangere,Harihar,Harihar PS,Burglary,14.621375,75.625889,08-11-2024,medium,investigating
Ramanagara,Kanakapura,Rural PS,Cybercrime,13.011015,77.124156,09-03-2024,low,closed
Ramanagara,Magadi,Town PS,Cybercrime,12.645705,77.549781,21-06-2023,low,open
Mangaluru,Surathkal,Surathkal PS,Cybercrime,12.855525,75.004591,01-06-2024,low,closed
Hassan,Sakleshpur,Town PS,Theft,12.716012,76.153617,16-08-2023,medium,closed
Chamarajanagar,Kollegal,Town PS,Murder,11.686922,76.709607,29-10-2024,medium,open
Davangere,Harihar,Harihar PS,Vehicle Theft,14.313761,75.833705,16-09-2024,medium,closed
Raichur,Manvi,Rural PS,Fraud,16.503242,77.539174,20-10-2024,low,closed
Udupi,Udupi,Manipal PS,Fraud,13.307977,74.639976,02-05-2023,low,investigating
Chikkaballapura,Sidlaghatta,Sidlaghatta PS,Theft,13.280642,77.867316,02-03-2024,high,investigating
Bidar,Bhalki,Bhalki PS,Land Dispute,17.776263,77.227478,26-03-2023,low,open
Kolar,Kolar,Traffic PS,Vehicle Theft,12.91389,78.108892,22-12-2024,medium,investigating
Shivamogga,Shivamogga City,Doddapete PS,Domestic Violence,13.790717,75.664556,26-06-2023,medium,investigating
Udupi,Udupi,Udupi Town PS,Drug Offense,13.215199,74.871229,15-05-2023,medium,closed
Tumakuru,Tumakuru City,Traffic PS,Vehicle Theft,13.253654,76.870763,22-06-2024,medium,closed
Shivamogga,Bhadravati,Old Town PS,Drug Offense,14.155343,75.504959,29-10-2024,low,open
Bengaluru Urban,Whitefield,Whitefield PS,Robbery,12.870165,77.656928,16-08-2023,low,open
Chikkamagaluru,Tarikere,Rural PS,Drug Offense,13.044351,76.060064,19-05-2024,low,investigating
Haveri,Savanur,Savanur PS,Chain Snatching,14.498584,75.655465,12-02-2023,high,closed
Kolar,Bangarapet,Town PS,Fraud,13.353879,77.935633,23-05-2023,medium,closed
Mysuru,Nanjangud,Traffic PS,Land Dispute,12.338464,76.768135,15-04-2024,low,closed
Kodagu,Somwarpet,Somwarpet PS,Fraud,12.391759,75.594616,08-03-2023,high,closed
Mysuru,Mysuru City,Nazarbad PS,Chain Snatching,12.173385,76.470432,29-10-2024,medium,closed
Bidar,Bidar City,Traffic PS,Chain Snatching,18.195241,77.769886,21-12-2023,low,investigating
Bengaluru Urban,Yelahanka,Attur PS,Burglary,12.766628,77.71095,11-01-2023,medium,closed
Dakshina Kannada,Bantwal,Town PS,Chain Snatching,13.040516,75.094988,26-01-2024,medium,open
Vijayapura,Sindagi,Town PS,Mobile Theft,16.808953,75.492421,10-01-2024,medium,investigating
Bengaluru Urban,Whitefield,Varthur PS,Burglary,13.013193,77.587522,08-09-2023,high,closed
Kalaburagi,Sedam,Rural PS,Murder,17.520002,76.841146,31-07-2023,low,open
Davangere,Davangere City,KTJ Nagar PS,Chain Snatching,14.66116,75.999518,31-03-2023,low,open
Udupi,Udupi,Manipal PS,Robbery,13.179183,74.8769,17-03-2024,medium,open
Dakshina Kannada,Bantwal,Bantwal PS,Domestic Violence,12.729032,75.15921,01-11-2023,low,open
Kalaburagi,Jewargi,Yadrami PS,Mobile Theft,17.556672,76.842687,11-03-2023,high,open
Hubballi-Dharwad,Hubballi,Keshwapur PS,Cybercrime,15.366174,75.330036,27-04-2023,medium,closed
Chitradurga,Hosadurga,Town PS,Burglary,14.443538,76.178566,27-08-2024,medium,open
Mandya,Maddur,Rural PS,Murder,12.469158,76.598251,30-03-2024,medium,open
Haveri,Haveri,Town PS,Mobile Theft,14.54719,75.599701,30-08-2023,medium,investigating
Chikkaballapura,Chikkaballapura,Town PS,Chain Snatching,13.562536,77.641365,11-12-2024,low,open
Gadag,Ron,Ron PS,Land Dispute,15.220954,75.804789,21-05-2024,low,closed
Shivamogga,Sagara,Rural PS,Murder,13.94396,75.388617,20-07-2024,low,closed
Chamarajanagar,Kollegal,Kollegal PS,Chain Snatching,12.075644,77.131785,05-01-2023,low,closed
Yadgir,Yadgir City,Town PS,Assault,16.480731,76.895816,11-10-2023,low,open
Shivamogga,Sagara,Sagara PS,Theft,13.63933,75.372156,19-05-2023,low,investigating
Chikkamagaluru,Chikkamagaluru City,Town PS,Mobile Theft,13.323708,75.893357,08-09-2024,medium,investigating
Kodagu,Virajpet,Virajpet PS,Fraud,12.484834,75.862426,12-05-2023,medium,closed
Hubballi-Dharwad,Dharwad,Dharwad Town PS,Mobile Theft,15.254089,75.21997,14-11-2023,high,closed
Ramanagara,Ramanagara,Town PS,Mobile Theft,12.421865,77.269937,16-04-2023,medium,closed
Yadgir,Yadgir City,Yadgir PS,Murder,16.897811,77.008091,23-07-2023,medium,closed
Bidar,Bidar City,Bidar PS,Robbery,18.10666,77.235415,12-07-2024,low,investigating
Vijayapura,Vijayapura City,Traffic PS,Theft,16.561141,75.458732,23-10-2023,medium,investigating
Vijayapura,Indi,Town PS,Assault,16.815779,75.47022,12-03-2024,medium,closed
Mandya,Maddur,Town PS,Cybercrime,12.465221,76.844533,09-02-2023,medium,closed
Hubballi-Dharwad,Navanagar,Town PS,Fraud,15.399561,75.255793,27-03-2023,medium,investigating
Ballari,Hospet,Hospet Town PS,Robbery,15.119334,76.801068,16-05-2024,low,open
Mysuru,Hunsur,Bilikere PS,Mobile Theft,12.396735,76.856361,29-08-2024,medium,investigating
Gadag,Ron,Town PS,Burglary,15.496807,75.388573,07-09-2023,medium,open
Bidar,Basavakalyan,Town PS,Mobile Theft,17.834128,77.420237,08-06-2023,high,closed
Bengaluru Urban,Whitefield,Whitefield PS,Drug Offense,13.269751,77.818756,15-08-2024,high,closed
Kalaburagi,Sedam,Town PS,Burglary,17.494658,76.638443,22-09-2023,low,closed
Bengaluru Urban,Koramangala,Koramangala PS,Vehicle Theft,12.958629,77.68393,03-05-2024,medium,open
Chikkaballapura,Chikkaballapura,Town PS,Murder,13.663415,77.782769,23-01-2024,high,closed
Mangaluru,Ullal,Konaje PS,Kidnapping,12.866675,75.148275,26-04-2023,medium,open
Chamarajanagar,Kollegal,Rural PS,Drug Offense,12.088848,77.147472,12-07-2024,high,closed
Koppal,Koppal City,Traffic PS,Land Dispute,15.051363,76.071652,10-09-2024,medium,investigating
Hubballi-Dharwad,Navanagar,Town PS,Burglary,15.276214,75.352898,30-03-2023,medium,closed
Kolar,Kolar,Traffic PS,Land Dispute,13.166156,77.93468,20-12-2023,low,closed
Mysuru,Nanjangud,Traffic PS,Burglary,12.436691,76.729593,25-12-2023,medium,closed
Davangere,Honnali,Honnali PS,Cybercrime,14.630104,76.153343,18-12-2023,low,investigating
Bengaluru Rural,Doddaballapura,Doddaballapura PS,Mobile Theft,13.215253,77.328305,02-01-2023,low,closed
Mangaluru,Surathkal,Panambur PS,Domestic Violence,12.634035,74.62876,02-09-2023,medium,open
Haveri,Savanur,Savanur PS,Burglary,14.855786,75.373257,26-07-2024,low,closed
Chikkaballapura,Bagepalli,Town PS,Land Dispute,13.215769,77.783843,19-12-2023,high,closed
Ballari,Sandur,Rural PS,Robbery,15.260508,76.694721,21-06-2023,low,investigating
Bengaluru Rural,Doddaballapura,Town PS,Theft,13.326853,77.388779,28-10-2024,medium,open
Kolar,Malur,Town PS,Kidnapping,13.088813,78.078849,06-02-2024,medium,investigating
Haveri,Haveri,Haveri PS,Domestic Violence,15.013957,75.158324,16-12-2024,low,open
Udupi,Kundapura,Byndoor PS,Fraud,13.178292,74.890019,26-03-2024,low,closed
Raichur,Raichur City,West PS,Cybercrime,16.167942,77.589992,09-11-2024,low,closed
Raichur,Sindhanur,Rural PS,Robbery,16.505202,77.160348,08-07-2023,medium,open
Kolar,Bangarapet,Bangarapet PS,Burglary,13.389784,77.985642,14-07-2023,low,investigating
Hassan,Hassan City,Hassan PS,Burglary,12.841811,76.205184,10-02-2023,medium,open
Hubballi-Dharwad,Navanagar,Rural PS,Cybercrime,15.526632,75.290539,01-11-2023,low,open
Bidar,Bhalki,Rural PS,Drug Offense,17.642912,77.474343,07-12-2024,low,investigating
Koppal,Gangavathi,Gangavathi PS,Murder,15.569127,76.319462,17-01-2024,low,closed
Udupi,Karkala,Ajekar PS,Fraud,13.479973,74.910397,04-10-2023,low,open
Kodagu,Somwarpet,Somwarpet PS,Vehicle Theft,12.149321,76.052958,01-08-2024,high,open
Raichur,Raichur City,West PS,Burglary,16.138026,77.510527,22-09-2024,low,closed
Mandya,Maddur,Maddur PS,Drug Offense,12.472147,76.613635,30-05-2023,high,investigating
Bengaluru Urban,Yelahanka,Attur PS,Burglary,12.99683,77.511396,11-08-2024,high,investigating
Belagavi,Chikodi,Rural PS,Kidnapping,15.757966,74.634129,20-06-2023,high,closed
Chikkamagaluru,Kadur,Rural PS,Murder,13.323982,75.704749,09-07-2024,low,investigating
Bengaluru Rural,Devanahalli,Vijayapura PS,Theft,13.285739,77.532277,21-06-2024,low,investigating
Mandya,Mandya,Town PS,Land Dispute,12.49367,76.718362,29-05-2023,medium,open
Uttara Kannada,Karwar,Bazar PS,Land Dispute,14.683441,74.92597,13-02-2024,low,open
Kodagu,Madikeri,Traffic PS,Cybercrime,12.156807,75.777412,09-12-2024,low,investigating
Mangaluru,Mangaluru,Mangaluru South PS,Domestic Violence,13.183047,74.862719,18-07-2023,low,investigating
Ballari,Sandur,Toranagallu PS,Theft,14.930983,76.720691,05-10-2024,medium,open
Vijayapura,Vijayapura City,Traffic PS,Burglary,16.603991,75.523365,21-04-2024,high,closed
Chikkaballapura,Chikkaballapura,Town PS,Land Dispute,13.71609,77.856998,15-11-2023,low,open
Chamarajanagar,Gundlupet,Rural PS,Domestic Violence,11.662847,77.184311,30-12-2023,high,closed
Ramanagara,Kanakapura,Kanakapura PS,Chain Snatching,12.476687,77.157707,10-10-2023,low,closed
Tumakuru,Tumakuru City,Traffic PS,Vehicle Theft,13.327258,77.224036,09-09-2024,low,open
Haveri,Haveri,Town PS,Kidnapping,14.87328,75.51163,22-07-2024,low,investigating
Davangere,Harihar,Rural PS,Burglary,14.360381,75.780117,09-01-2023,low,closed
Kolar,Bangarapet,Town PS,Murder,13.009981,78.196354,12-02-2023,low,closed
Mandya,Srirangapatna,Town PS,Fraud,12.795595,76.727402,20-04-2023,low,open
Mandya,Mandya,Traffic PS,Robbery,12.585295,76.947499,21-12-2023,medium,closed
Bidar,Bhalki,Bhalki PS,Domestic Violence,17.712015,77.734266,19-05-2023,low,investigating
Vijayapura,Indi,Rural PS,Chain Snatching,16.766583,75.681083,10-05-2024,low,open
Hassan,Hassan City,Hassan PS,Robbery,13.170246,75.959797,27-04-2023,low,open
Chamarajanagar,Kollegal,Town PS,Drug Offense,12.094217,76.805571,20-05-2023,low,closed
Kodagu,Virajpet,Town PS,Chain Snatching,12.044556,75.742431,11-11-2023,medium,closed
Hassan,Arsikere,Town PS,Kidnapping,12.818988,76.00989,29-01-2023,low,open
Chikkamagaluru,Kadur,Town PS,Assault,13.109454,75.985115,17-12-2023,medium,investigating
Raichur,Sindhanur,Town PS,Chain Snatching,16.470353,77.279959,15-11-2023,medium,closed
Udupi,Kundapura,Gangolli PS,Theft,13.408209,74.845867,23-12-2023,high,open
Haveri,Savanur,Rural PS,Chain Snatching,14.960573,75.54078,09-10-2024,low,open
Kodagu,Madikeri,Madikeri PS,Robbery,12.400666,75.91469,23-09-2023,low,open
Kolar,Malur,Rural PS,Drug Offense,12.888057,77.853352,19-05-2024,low,open
Kolar,Kolar,Traffic PS,Vehicle Theft,12.904685,77.880024,28-07-2024,low,investigating
Haveri,Haveri,Town PS,Burglary,14.607688,75.451522,15-02-2023,low,closed
Bengaluru Urban,Whitefield,Whitefield PS,Land Dispute,13.014684,77.880852,21-04-2024,medium,open
Chamarajanagar,Gundlupet,Gundlupet PS,Vehicle Theft,12.080044,76.666609,27-12-2024,low,investigating
Belagavi,Chikodi,Rural PS,Theft,15.620806,74.574668,07-02-2024,high,closed
Ramanagara,Magadi,Town PS,Kidnapping,12.467257,77.133479,03-11-2024,low,open
Kolar,Bangarapet,Rural PS,Theft,13.170741,77.976338,16-10-2024,low,closed
Kolar,Kolar,Town PS,Land Dispute,13.078044,78.007209,23-03-2024,low,closed
Dakshina Kannada,Puttur,Town PS,Domestic Violence,12.855228,75.311679,17-06-2024,medium,open
Vijayapura,Sindagi,Town PS,Cybercrime,16.91623,75.548592,24-07-2023,low,investigating
Chikkaballapura,Bagepalli,Rural PS,Drug Offense,13.399971,77.94427,25-11-2023,medium,closed
Kodagu,Somwarpet,Somwarpet PS,Theft,12.525765,75.990601,29-04-2024,low,closed
Hassan,Hassan City,Extension PS,Burglary,12.892693,76.097269,16-05-2023,medium,closed
Mangaluru,Surathkal,Surathkal PS,Murder,13.103715,74.896632,16-06-2024,medium,closed
Mysuru,Mysuru City,Lakshmipuram PS,Fraud,12.555006,76.725208,25-02-2023,high,investigating
Gadag,Gadag,Gadag Town PS,Land Dispute,15.440353,75.354415,22-03-2023,medium,open
Hassan,Sakleshpur,Town PS,Mobile Theft,13.160244,76.281649,31-07-2023,low,investigating
Haveri,Haveri,Haveri PS,Cybercrime,14.971081,75.426838,02-07-2024,high,closed
Tumakuru,Madhugiri,Rural PS,Kidnapping,13.161278,76.927475,30-08-2023,medium,open
Ramanagara,Kanakapura,Rural PS,Murder,12.754833,77.330007,15-09-2024,high,investigating
Chamarajanagar,Gundlupet,Rural PS,Mobile Theft,12.161468,76.961139,11-10-2024,low,investigating
Belagavi,Belagavi City,Market PS,Robbery,15.729384,74.521278,24-11-2024,low,closed
Mysuru,Nanjangud,Nanjangud Town PS,Assault,12.494011,76.436334,20-03-2024,low,investigating
Bidar,Basavakalyan,Basavakalyan PS,Kidnapping,17.820822,77.638075,23-04-2024,medium,closed
Gadag,Gadag,Traffic PS,Cybercrime,15.52731,75.893689,19-07-2023,high,closed
Hubballi-Dharwad,Dharwad,Dharwad Town PS,Theft,15.55022,75.094445,06-03-2023,low,closed
Raichur,Manvi,Rural PS,Kidnapping,16.266327,77.357444,16-12-2024,high,open
Udupi,Karkala,Karkala PS,Domestic Violence,13.559303,74.813698,20-11-2023,low,investigating
Mangaluru,Mangaluru,Mangaluru South PS,Assault,12.925525,74.884591,14-03-2023,medium,open
Kodagu,Somwarpet,Somwarpet PS,Mobile Theft,12.269318,75.651729,14-09-2023,medium,investigating
Bidar,Bidar City,New Town PS,Fraud,17.676104,77.373007,17-12-2023,medium,closed
Ballari,Sandur,Rural PS,Vehicle Theft,15.296789,76.832683,26-08-2023,medium,investigating
Shivamogga,Sagara,Anandapura PS,Drug Offense,13.982153,75.628798,05-05-2023,medium,closed
Yadgir,Yadgir City,Traffic PS,Assault,16.8931,77.329774,13-11-2024,low,closed
Chitradurga,Hiriyur,Town PS,Murder,14.350703,76.537356,08-11-2024,high,open
Kolar,Kolar,Kolar PS,Cybercrime,13.256937,77.926134,19-05-2023,low,open
Raichur,Manvi,Rural PS,Kidnapping,16.026729,77.257567,13-01-2023,high,investigating
Uttara Kannada,Sirsi,Sirsi PS,Domestic Violence,14.536645,74.430346,11-06-2023,high,closed
Raichur,Sindhanur,Rural PS,Assault,16.035214,77.424274,22-10-2024,high,closed
Kolar,Kolar,Kolar PS,Murder,13.201558,78.112021,07-12-2024,low,investigating
Ballari,Ballari City,Brucepet PS,Burglary,14.884743,76.804374,09-05-2023,low,investigating
Yadgir,Gurmitkal,Gurmitkal PS,Land Dispute,16.91306,77.356017,11-12-2024,low,investigating
Yadgir,Gurmitkal,Rural PS,Kidnapping,16.852763,77.3861,21-11-2023,medium,investigating
Chikkamagaluru,Kadur,Rural PS,Kidnapping,13.398139,75.791491,11-04-2024,medium,closed
Shivamogga,Bhadravati,Paper Town PS,Vehicle Theft,13.978109,75.297593,28-06-2023,low,investigating
Hassan,Hassan City,Hassan PS,Assault,13.25762,75.863625,21-04-2024,medium,open
Mangaluru,Surathkal,Mulki PS,Robbery,12.730551,74.615206,12-05-2024,medium,investigating
Hubballi-Dharwad,Dharwad,Traffic PS,Kidnapping,15.184944,74.891004,27-02-2023,low,investigating
Udupi,Kundapura,Byndoor PS,Domestic Violence,13.507638,74.452483,12-03-2023,low,open
Yadgir,Shahapur,Shahapur PS,Land Dispute,16.932088,77.415591,06-06-2023,low,open
Bengaluru Rural,Devanahalli,Devanahalli PS,Murder,13.245468,77.494331,03-01-2023,high,investigating
Bengaluru Urban,Koramangala,Madiwala PS,Burglary,12.764025,77.609,18-05-2024,low,closed
Bengaluru Rural,Nelamangala,Traffic PS,Mobile Theft,12.93621,77.413719,27-07-2024,low,closed
Hubballi-Dharwad,Hubballi,Vidyanagar PS,Drug Offense,15.341188,75.112815,03-04-2024,low,closed
Mysuru,Hunsur,Hunsur PS,Fraud,12.284883,76.626358,02-12-2024,medium,closed
Mangaluru,Ullal,Konaje PS,Mobile Theft,12.985196,74.959623,09-02-2023,high,closed
Kolar,Kolar,Kolar PS,Fraud,13.001517,77.960245,07-07-2023,low,investigating
Gadag,Mundargi,Rural PS,Theft,15.243585,75.73769,09-10-2023,medium,closed
Uttara Kannada,Bhatkal,Rural PS,Fraud,14.860938,74.910556,05-01-2023,low,investigating
Mandya,Maddur,Town PS,Kidnapping,12.464178,76.847834,23-08-2024,low,closed
Ballari,Ballari City,Ballari PS,Domestic Violence,15.04208,76.686969,26-06-2023,low,open
Davangere,Honnali,Rural PS,Chain Snatching,14.188663,76.113344,13-04-2023,low,closed
Belagavi,Gokak,Traffic PS,Robbery,15.841501,74.392089,20-02-2023,high,open
Dakshina Kannada,Puttur,Town PS,Mobile Theft,12.741246,75.430032,28-10-2023,low,open
Koppal,Koppal City,Traffic PS,Vehicle Theft,15.183853,76.354616,19-08-2024,high,open
Uttara Kannada,Bhatkal,Town PS,Murder,14.886856,74.545006,24-09-2024,low,open
Vijayapura,Sindagi,Sindagi PS,Robbery,16.531745,75.587582,17-02-2024,low,investigating
Mandya,Mandya,Town PS,Cybercrime,12.510594,77.10125,28-06-2024,medium,open
Kolar,Kolar,Kolar PS,Theft,12.868056,77.99994,20-04-2023,medium,open
Tumakuru,Madhugiri,Town PS,Assault,13.363536,77.284339,22-03-2024,high,investigating
Uttara Kannada,Karwar,Karwar Town PS,Fraud,14.828553,74.59966,13-07-2024,low,open
Bengaluru Urban,Whitefield,Varthur PS,Land Dispute,13.134901,77.736304,26-03-2023,medium,open
Belagavi,Chikodi,Nippani PS,Land Dispute,15.867528,74.371892,25-09-2024,medium,investigating
Chamarajanagar,Chamarajanagar,Town PS,Robbery,11.97411,76.976823,13-05-2023,medium,investigating
Vijayapura,Sindagi,Sindagi PS,Cybercrime,16.837143,75.8246,15-11-2024,low,open
Kodagu,Madikeri,Traffic PS,Theft,12.447254,75.712593,28-01-2024,medium,open
Raichur,Raichur City,Raichur PS,Vehicle Theft,16.345509,77.298624,24-07-2024,low,investigating
Dakshina Kannada,Puttur,Traffic PS,Land Dispute,12.822258,75.371103,21-01-2023,high,investigating
Mysuru,Nanjangud,Traffic PS,Mobile Theft,12.293066,76.604892,01-12-2023,medium,investigating
Kodagu,Madikeri,Traffic PS,Chain Snatching,12.303163,76.054992,16-08-2023,medium,open
Kodagu,Somwarpet,Kushalnagar PS,Vehicle Theft,12.112299,75.693191,05-08-2024,high,open
Shivamogga,Sagara,Anandapura PS,Robbery,14.089088,75.54315,12-05-2024,low,closed
Haveri,Ranebennur,Rural PS,Domestic Violence,14.673878,75.544252,01-08-2023,medium,closed
Uttara Kannada,Sirsi,Town PS,Vehicle Theft,14.667047,74.79868,27-02-2024,medium,investigating
Bengaluru Urban,Whitefield,Varthur PS,Land Dispute,12.691009,77.734394,25-03-2023,medium,closed
Mangaluru,Mangaluru,Mangaluru North PS,Mobile Theft,12.774598,74.64852,16-05-2023,medium,closed
Kodagu,Virajpet,Virajpet PS,Murder,12.576123,75.94986,09-03-2023,low,closed
Davangere,Davangere City,Davangere PS,Robbery,14.410723,75.773236,01-05-2023,high,investigating
Raichur,Manvi,Manvi PS,Robbery,16.026932,77.531719,12-08-2023,high,investigating
Mandya,Srirangapatna,Srirangapatna PS,Chain Snatching,12.775659,77.067989,20-01-2023,low,closed
Ramanagara,Ramanagara,Town PS,Domestic Violence,12.480353,77.251413,02-11-2023,high,closed
Gadag,Ron,Ron PS,Land Dispute,15.650443,75.793573,23-08-2024,high,investigating
Mandya,Maddur,Town PS,Fraud,12.744989,76.598778,30-05-2023,low,closed
Chikkaballapura,Bagepalli,Rural PS,Theft,13.673882,77.931775,20-07-2023,medium,closed
Bengaluru Urban,Whitefield,Varthur PS,Fraud,12.945102,77.684572,17-09-2024,low,open
Bengaluru Urban,Yelahanka,Attur PS,Chain Snatching,13.005928,77.518931,28-06-2023,low,investigating
Hubballi-Dharwad,Dharwad,Traffic PS,Robbery,15.153534,75.340504,12-09-2023,low,open
Mysuru,Mysuru City,Devaraja PS,Fraud,12.252815,76.93708,24-06-2024,low,open
Yadgir,Shahapur,Shahapur PS,Drug Offense,17.0422,77.111812,31-08-2023,low,closed
Mysuru,Nanjangud,Rural PS,Chain Snatching,12.397711,76.512971,21-09-2024,low,open
Belagavi,Chikodi,Rural PS,Domestic Violence,15.752797,74.51032,25-06-2024,low,closed
Koppal,Kushtagi,Rural PS,Robbery,15.595726,76.325181,02-01-2024,low,open
Kolar,Kolar,Town PS,Chain Snatching,13.397744,78.316842,30-03-2023,low,closed
Chikkaballapura,Sidlaghatta,Sidlaghatta PS,Drug Offense,13.489842,77.775911,19-05-2024,high,open
Belagavi,Gokak,Gokak Town PS,Kidnapping,15.942195,74.40199,07-09-2023,medium,closed
Kalaburagi,Sedam,Sedam PS,Burglary,17.359209,77.017194,10-07-2023,high,investigating
Yadgir,Yadgir City,Yadgir PS,Drug Offense,17.008529,77.000491,11-04-2023,low,closed
Hassan,Hassan City,Extension PS,Vehicle Theft,13.063944,75.859752,20-10-2023,low,investigating
Kolar,Bangarapet,Town PS,Land Dispute,13.233536,77.874495,07-03-2024,low,open
Chamarajanagar,Chamarajanagar,Chamarajanagar PS,Domestic Violence,11.926732,76.685226,01-03-2023,low,open
Chikkamagaluru,Tarikere,Rural PS,Chain Snatching,13.607575,75.617134,16-07-2023,low,closed
Gadag,Gadag,Betageri PS,Land Dispute,15.350283,75.906198,12-12-2024,high,open
Yadgir,Yadgir City,Yadgir PS,Burglary,16.919154,77.176133,16-01-2024,medium,closed
Shivamogga,Bhadravati,Old Town PS,Cybercrime,13.725657,75.667452,27-10-2023,medium,open
Hubballi-Dharwad,Dharwad,Sub Urban PS,Mobile Theft,15.197063,74.922129,03-05-2024,high,closed
Kolar,Kolar,Traffic PS,Theft,13.343467,78.153065,10-01-2023,low,open
Davangere,Davangere City,Davangere PS,Cybercrime,14.652169,75.935611,18-12-2023,high,open
Ramanagara,Magadi,Town PS,Domestic Violence,12.752786,77.065076,11-12-2023,medium,open
Bidar,Bhalki,Town PS,Cybercrime,18.102214,77.57279,21-10-2023,low,investigating
Udupi,Karkala,Hebri PS,Theft,13.426901,74.966076,06-01-2024,medium,closed
Chikkamagaluru,Chikkamagaluru City,Town PS,Drug Offense,13.338612,75.513422,18-10-2023,low,closed
Belagavi,Gokak,Traffic PS,Kidnapping,15.914859,74.358599,06-01-2023,low,investigating
Ramanagara,Magadi,Town PS,Mobile Theft,12.654367,77.441337,09-12-2023,low,investigating
Yadgir,Yadgir City,Town PS,Fraud,17.054484,77.198317,26-09-2024,low,open
Hassan,Arsikere,Arsikere PS,Theft,12.959079,75.879674,19-11-2024,low,closed
Haveri,Haveri,Haveri PS,Cybercrime,14.644606,75.233855,18-01-2023,medium,closed
Mysuru,Hunsur,Bilikere PS,Theft,12.291307,76.524726,19-09-2024,low,closed
Tumakuru,Tumakuru City,New Extension PS,Assault,13.270344,77.016812,31-12-2023,medium,open
Raichur,Sindhanur,Rural PS,Burglary,16.385844,77.336116,21-06-2023,low,closed
Koppal,Gangavathi,Town PS,Fraud,15.272366,76.390682,11-07-2024,medium,closed
Kodagu,Somwarpet,Rural PS,Mobile Theft,12.076505,75.597571,11-08-2024,medium,investigating
Dakshina Kannada,Sullia,Rural PS,Burglary,12.783399,75.485243,06-11-2023,low,investigating
Kodagu,Somwarpet,Rural PS,Murder,12.314462,75.751277,28-03-2023,high,open
Belagavi,Chikodi,Nippani PS,Chain Snatching,15.834144,74.20487,16-09-2023,medium,closed
Yadgir,Shahapur,Shahapur PS,Fraud,16.702023,77.415091,25-07-2024,medium,investigating
Uttara Kannada,Karwar,Bazar PS,Fraud,15.040052,74.642946,01-04-2024,medium,open
Chikkaballapura,Bagepalli,Rural PS,Assault,13.339698,77.854274,19-11-2023,low,open
Kolar,Malur,Town PS,Murder,13.321893,78.326553,25-08-2023,low,investigating
Mysuru,Hunsur,Rural PS,Robbery,12.588365,76.937015,01-02-2023,high,closed
Chikkaballapura,Chikkaballapura,Traffic PS,Chain Snatching,13.170236,77.520995,20-08-2024,low,investigating
Koppal,Kushtagi,Rural PS,Domestic Violence,15.588875,75.976424,08-10-2023,low,closed
Kalaburagi,Kalaburagi City,University PS,Land Dispute,17.147414,76.905934,26-12-2024,low,investigating
Ramanagara,Magadi,Rural PS,Chain Snatching,12.458057,77.438326,15-01-2023,low,investigating
Bengaluru Rural,Doddaballapura,Rural PS,Kidnapping,13.425556,77.651596,05-11-2023,medium,closed
Yadgir,Gurmitkal,Gurmitkal PS,Drug Offense,17.069021,76.935375,24-02-2024,low,open
Koppal,Gangavathi,Town PS,Kidnapping,15.150628,76.308298,17-12-2023,low,open
Shivamogga,Shivamogga City,Vinobanagar PS,Mobile Theft,13.639754,75.759344,11-09-2024,medium,investigating
Bidar,Bidar City,New Town PS,Chain Snatching,17.840254,77.345585,12-07-2024,low,closed
Uttara Kannada,Karwar,Traffic PS,Cybercrime,14.996601,74.845006,01-05-2024,medium,closed
Hassan,Hassan City,Traffic PS,Chain Snatching,13.076466,76.36489,24-01-2024,medium,closed
Mangaluru,Ullal,Ullal PS,Murder,13.207171,75.036681,13-12-2024,medium,open
Hassan,Sakleshpur,Rural PS,Theft,12.874121,75.946481,04-02-2024,medium,closed
Hassan,Arsikere,Town PS,Vehicle Theft,13.267772,76.309144,16-07-2023,medium,open
Gadag,Ron,Ron PS,Theft,15.325778,75.663815,05-02-2023,medium,open
Kalaburagi,Kalaburagi City,Brahmapur PS,Cybercrime,17.066489,76.890029,01-01-2023,low,closed
Udupi,Udupi,Manipal PS,Robbery,13.241575,74.736406,26-04-2023,low,closed
Bengaluru Rural,Devanahalli,Airport PS,Cybercrime,13.255968,77.693356,21-03-2024,low,closed
Yadgir,Shahapur,Town PS,Burglary,16.604412,77.094413,09-11-2024,medium,open
Shivamogga,Bhadravati,Paper Town PS,Robbery,13.802823,75.666132,26-01-2024,low,closed
Bengaluru Urban,Whitefield,Whitefield PS,Theft,12.948698,77.633233,14-08-2023,high,investigating
Tumakuru,Tiptur,Rural PS,Cybercrime,13.046546,76.838321,22-01-2023,medium,closed
Vijayapura,Vijayapura City,Gandhi Chowk PS,Theft,17.124398,75.515261,23-05-2023,low,investigating
Mangaluru,Ullal,Kotekar PS,Domestic Violence,13.113334,74.767773,08-08-2024,medium,closed
Mandya,Mandya,Traffic PS,Vehicle Theft,12.762483,77.094042,22-02-2023,low,closed
Ballari,Sandur,Rural PS,Cybercrime,14.891543,76.682675,16-01-2024,low,closed
Uttara Kannada,Sirsi,Rural PS,Vehicle Theft,14.51769,74.883521,23-03-2024,low,investigating
Vijayapura,Indi,Rural PS,Land Dispute,17.009939,75.458841,08-07-2024,low,open
Udupi,Udupi,Udupi Town PS,Vehicle Theft,13.27493,74.576095,21-03-2024,medium,investigating
Chikkaballapura,Bagepalli,Rural PS,Chain Snatching,13.206571,77.578103,09-03-2023,high,open
Bidar,Basavakalyan,Basavakalyan PS,Chain Snatching,18.132275,77.363792,20-01-2023,low,investigating
Hassan,Arsikere,Town PS,Burglary,12.910637,75.991931,16-06-2023,medium,investigating
Bengaluru Rural,Nelamangala,Nelamangala PS,Drug Offense,13.178887,77.373939,16-01-2023,medium,closed
Mandya,Mandya,Mandya PS,Burglary,12.308766,76.906496,11-06-2023,medium,closed
Uttara Kannada,Bhatkal,Bhatkal PS,Murder,14.923901,74.648097,05-10-2024,medium,closed
Ballari,Hospet,Hospet Town PS,Chain Snatching,15.151436,76.702396,15-05-2024,low,open
Udupi,Udupi,Malpe PS,Robbery,13.607323,74.653633,11-03-2024,medium,open
Ramanagara,Kanakapura,Kanakapura PS,Cybercrime,12.488303,77.131815,19-06-2024,low,closed
Haveri,Savanur,Town PS,Cybercrime,14.572475,75.574349,26-02-2024,low,open
Kodagu,Somwarpet,Rural PS,Domestic Violence,12.107285,75.642089,24-02-2023,low,closed
Mangaluru,Surathkal,Surathkal PS,Kidnapping,12.691554,75.117736,24-07-2023,medium,open
Shivamogga,Sagara,Anandapura PS,Vehicle Theft,13.970453,75.756863,03-09-2023,medium,closed
Mangaluru,Surathkal,Panambur PS,Domestic Violence,12.668704,74.615773,13-08-2024,low,open
Vijayapura,Indi,Town PS,Mobile Theft,16.743038,75.616685,03-11-2023,high,closed
Davangere,Harihar,Rural PS,Burglary,14.622366,75.980377,14-04-2023,medium,open
Udupi,Kundapura,Gangolli PS,Fraud,13.541313,74.535592,18-11-2024,high,open
Vijayapura,Vijayapura City,Adarsh Nagar PS,Chain Snatching,16.967915,75.428059,07-04-2024,medium,closed
Chitradurga,Hosadurga,Town PS,Domestic Violence,13.981718,76.505311,08-02-2024,low,closed
Koppal,Kushtagi,Rural PS,Assault,15.495778,76.271555,17-03-2024,medium,investigating
Chamarajanagar,Chamarajanagar,Chamarajanagar PS,Burglary,11.701839,77.031372,25-01-2024,medium,closed
Hassan,Arsikere,Town PS,Chain Snatching,13.115542,75.878287,19-12-2023,low,closed
Raichur,Manvi,Rural PS,Cybercrime,16.072159,77.348254,06-07-2024,high,closed
Belagavi,Belagavi City,Tilakwadi PS,Murder,15.829578,74.299973,05-01-2023,medium,open
Hassan,Sakleshpur,Rural PS,Mobile Theft,13.164217,76.058799,03-11-2024,low,open
Chikkamagaluru,Chikkamagaluru City,Traffic PS,Vehicle Theft,13.294487,75.778467,27-09-2024,medium,open
Dakshina Kannada,Sullia,Rural PS,Domestic Violence,12.937548,75.424053,10-07-2024,low,open
Ballari,Sandur,Sandur PS,Murder,15.371473,77.02092,14-05-2023,low,open
Bengaluru Urban,Koramangala,HSR Layout PS,Mobile Theft,13.105389,77.412554,27-11-2023,high,open
Bengaluru Rural,Doddaballapura,Rural PS,Theft,13.09182,77.717405,12-06-2024,medium,closed
Ballari,Ballari City,Cowl Bazaar PS,Murder,15.060163,76.841659,14-01-2024,medium,closed
Ramanagara,Ramanagara,Ramanagara PS,Cybercrime,12.831424,77.391567,08-08-2024,low,closed
Belagavi,Gokak,Traffic PS,Mobile Theft,15.615685,74.280969,10-03-2024,medium,open
Shivamogga,Shivamogga City,Doddapete PS,Vehicle Theft,13.827079,75.49325,28-06-2024,medium,open
Koppal,Kushtagi,Rural PS,Domestic Violence,15.252259,76.368872,15-05-2024,medium,closed
Kolar,Kolar,Kolar PS,Domestic Violence,13.001875,78.084307,25-09-2024,low,investigating
Vijayapura,Indi,Indi PS,Murder,16.974976,75.654052,20-09-2023,low,closed
Dakshina Kannada,Sullia,Town PS,Domestic Violence,12.760065,75.143274,06-04-2024,medium,closed
Chitradurga,Chitradurga,Traffic PS,Burglary,14.345262,76.463561,05-05-2024,low,open
Mysuru,Hunsur,Hunsur PS,Murder,12.278064,76.683443,15-11-2024,medium,closed
Haveri,Savanur,Town PS,Assault,14.781831,75.195558,28-02-2024,medium,open
Mangaluru,Mangaluru,Mangaluru North PS,Vehicle Theft,13.00583,74.704949,06-02-2024,low,open
Chikkamagaluru,Kadur,Town PS,Domestic Violence,13.18252,75.69482,11-08-2024,medium,closed
Bidar,Bidar City,Bidar PS,Chain Snatching,17.92656,77.237732,15-01-2023,medium,open
Chamarajanagar,Chamarajanagar,Chamarajanagar PS,Chain Snatching,12.057813,77.103111,23-07-2023,medium,open
Hassan,Arsikere,Arsikere PS,Assault,13.003532,76.320583,18-01-2024,low,open
Yadgir,Shahapur,Shahapur PS,Cybercrime,16.509485,76.956098,06-12-2024,medium,investigating
Yadgir,Gurmitkal,Gurmitkal PS,Assault,16.928135,77.131259,17-08-2024,medium,open
Haveri,Ranebennur,Rural PS,Robbery,14.818864,75.203514,06-06-2023,low,investigating
Udupi,Kundapura,Byndoor PS,Burglary,13.204374,74.498625,27-03-2024,medium,investigating
Kodagu,Somwarpet,Rural PS,Assault,12.534004,75.551093,17-07-2024,medium,closed
Ballari,Hospet,Rural PS,Kidnapping,15.040369,76.671297,15-06-2024,low,open
Chitradurga,Hiriyur,Hiriyur PS,Assault,14.25064,76.432001,03-08-2023,medium,closed
Dakshina Kannada,Bantwal,Rural PS,Drug Offense,12.847316,75.533346,06-12-2024,high,closed
Chikkamagaluru,Chikkamagaluru City,Town PS,Cybercrime,13.221607,76.053035,26-08-2024,low,open
Vijayapura,Indi,Rural PS,Theft,16.949304,75.561226,12-01-2023,low,closed
Chikkamagaluru,Tarikere,Tarikere PS,Murder,13.201986,75.682536,24-05-2023,low,investigating
Yadgir,Yadgir City,Town PS,Cybercrime,16.676214,77.205191,25-04-2024,medium,investigating
Davangere,Harihar,Town PS,Domestic Violence,14.295577,75.959626,31-01-2024,medium,closed
Tumakuru,Tumakuru City,Traffic PS,Murder,13.550042,76.854123,31-07-2023,high,closed
Raichur,Manvi,Manvi PS,Chain Snatching,16.020745,77.067865,17-09-2024,medium,open
Chikkamagaluru,Chikkamagaluru City,Traffic PS,Burglary,13.044934,75.97035,18-01-2023,low,closed
Gadag,Gadag,Traffic PS,Cybercrime,15.422043,75.408303,28-01-2024,low,open
Shivamogga,Bhadravati,Bhadravati PS,Burglary,14.071911,75.825601,12-09-2024,low,investigating
Bengaluru Rural,Doddaballapura,Rural PS,Murder,13.077824,77.432954,03-12-2024,medium,open
Ballari,Sandur,Toranagallu PS,Mobile Theft,15.328988,76.694462,08-02-2024,low,closed
Davangere,Davangere City,Traffic PS,Kidnapping,14.184476,75.737319,10-08-2023,high,open
Shivamogga,Bhadravati,Paper Town PS,Fraud,13.720939,75.61627,08-04-2024,high,investigating
Davangere,Harihar,Rural PS,Land Dispute,14.611258,75.660349,25-01-2023,low,closed
Tumakuru,Madhugiri,Town PS,Burglary,13.537483,77.342276,30-11-2024,low,investigating
Yadgir,Yadgir City,Traffic PS,Theft,16.929033,77.018753,19-04-2023,medium,investigating
Davangere,Davangere City,Davangere PS,Burglary,14.386908,76.01352,13-02-2024,low,open
Gadag,Mundargi,Rural PS,Robbery,15.66863,75.61651,19-10-2024,low,open
Kodagu,Somwarpet,Rural PS,Mobile Theft,12.097999,75.820549,10-09-2024,medium,closed
Chamarajanagar,Chamarajanagar,Traffic PS,Drug Offense,12.106263,76.724869,22-01-2024,low,closed
Shivamogga,Bhadravati,Paper Town PS,Vehicle Theft,13.986556,75.720244,14-01-2023,high,closed
Dakshina Kannada,Sullia,Town PS,Domestic Violence,12.657743,75.516135,23-07-2024,low,closed
Yadgir,Gurmitkal,Gurmitkal PS,Theft,16.889844,77.288005,05-09-2023,medium,closed
Haveri,Savanur,Savanur PS,Robbery,14.737588,75.673,04-11-2023,low,investigating
Bidar,Bidar City,Bidar PS,Land Dispute,18.085332,77.551402,04-02-2023,medium,open
Kalaburagi,Jewargi,Jewargi PS,Kidnapping,17.622634,76.974345,28-12-2024,medium,investigating
Vijayapura,Sindagi,Sindagi PS,Assault,16.661535,75.590086,04-04-2023,medium,open
Udupi,Kundapura,Kundapura PS,Domestic Violence,13.637607,74.868134,03-09-2023,low,open
Kolar,Bangarapet,Town PS,Fraud,13.135419,77.915048,11-03-2023,low,open
Chikkaballapura,Chikkaballapura,Traffic PS,Domestic Violence,13.393866,77.871362,26-07-2024,low,closed
Tumakuru,Madhugiri,Madhugiri PS,Assault,13.157051,77.175411,04-02-2023,high,closed
Koppal,Kushtagi,Rural PS,Murder,15.371642,76.367438,26-07-2024,medium,investigating
Belagavi,Belagavi City,Market PS,Mobile Theft,15.585964,74.601597,21-08-2023,low,investigating
Davangere,Honnali,Rural PS,Burglary,14.405574,75.702433,10-04-2023,low,open
Bengaluru Urban,Whitefield,Whitefield PS,Assault,12.765936,77.882617,11-11-2024,medium,closed
Bengaluru Urban,Koramangala,Madiwala PS,Robbery,13.086592,77.397561,19-10-2024,low,closed
Bengaluru Rural,Nelamangala,Traffic PS,Kidnapping,13.001575,77.166713,13-05-2023,low,closed
Uttara Kannada,Bhatkal,Bhatkal PS,Kidnapping,15.058333,74.456625,20-03-2024,medium,investigating
Ballari,Sandur,Sandur PS,Domestic Violence,15.080342,77.133788,19-08-2024,low,closed
Bengaluru Urban,Koramangala,HSR Layout PS,Cybercrime,12.903792,77.394911,09-05-2023,low,closed
Mangaluru,Mangaluru,Mangaluru South PS,Chain Snatching,13.136902,74.619656,29-02-2024,low,investigating
Belagavi,Belagavi City,Market PS,Fraud,15.783349,74.207317,02-02-2023,low,open
Belagavi,Gokak,Rural PS,Chain Snatching,15.674081,74.735038,23-06-2024,medium,closed
Davangere,Davangere City,Davangere PS,Chain Snatching,14.177239,76.156782,26-01-2024,low,open
Mysuru,Mysuru City,Nazarbad PS,Fraud,12.136426,76.872005,26-03-2024,low,closed
Vijayapura,Indi,Indi PS,Mobile Theft,17.013755,75.71023,13-01-2023,high,investigating
Mysuru,Nanjangud,Nanjangud Town PS,Domestic Violence,12.529791,76.91029,22-10-2023,low,open
Hassan,Sakleshpur,Sakleshpur PS,Burglary,12.752251,75.89012,13-05-2024,low,investigating
Kalaburagi,Jewargi,Yadrami PS,Mobile Theft,17.522253,76.97943,30-04-2024,high,closed
Gadag,Ron,Ron PS,Cybercrime,15.341612,75.831204,01-11-2023,low,closed
Shivamogga,Bhadravati,Bhadravati PS,Fraud,13.712018,75.709202,27-04-2024,low,open
Vijayapura,Vijayapura City,Adarsh Nagar PS,Mobile Theft,16.78391,75.528695,12-05-2023,low,closed
Shivamogga,Bhadravati,Bhadravati PS,Vehicle Theft,13.669722,75.533483,09-03-2024,medium,open
Bengaluru Urban,Koramangala,Koramangala PS,Kidnapping,12.818198,77.810655,05-02-2024,high,open
Ramanagara,Magadi,Town PS,Kidnapping,12.77547,77.000655,30-01-2024,low,open
Mangaluru,Ullal,Ullal PS,Theft,12.618518,74.632452,23-08-2024,low,closed
Hassan,Sakleshpur,Sakleshpur PS,Murder,12.829,76.004672,19-01-2024,medium,open
Ramanagara,Kanakapura,Town PS,Theft,12.77377,77.357294,10-02-2024,low,closed
Kolar,Kolar,Traffic PS,Fraud,13.05011,78.173388,02-12-2023,low,closed
Kolar,Kolar,Town PS,Vehicle Theft,13.024647,78.1306,23-06-2023,low,closed
Bidar,Basavakalyan,Town PS,Theft,17.705246,77.335643,10-12-2024,low,closed
Davangere,Honnali,Honnali PS,Vehicle Theft,14.326606,75.935046,23-06-2024,low,closed
Kalaburagi,Kalaburagi City,Station Bazaar PS,Burglary,17.375688,76.746927,26-05-2024,low,closed
Chitradurga,Hosadurga,Hosadurga PS,Cybercrime,14.309611,76.36117,19-05-2023,low,open
Yadgir,Gurmitkal,Town PS,Vehicle Theft,16.978943,77.434242,29-03-2024,medium,closed
Uttara Kannada,Sirsi,Rural PS,Kidnapping,14.793845,74.631829,18-02-2023,medium,investigating
Ballari,Hospet,Hospet Town PS,Burglary,15.308915,77.137006,01-01-2023,medium,open
Mysuru,Nanjangud,Traffic PS,Domestic Violence,12.209859,76.849028,01-10-2024,low,open
Hassan,Hassan City,Traffic PS,Robbery,13.171759,75.81453,07-05-2024,low,closed
Bengaluru Rural,Nelamangala,Soladevanahalli PS,Theft,13.235169,77.402939,05-07-2023,medium,investigating
Hubballi-Dharwad,Hubballi,Old Hubballi PS,Kidnapping,15.070761,74.971456,14-12-2023,low,closed
Bengaluru Rural,Doddaballapura,Town PS,Assault,13.452469,77.599225,05-12-2023,low,open
Vijayapura,Vijayapura City,Traffic PS,Theft,16.781235,75.636255,11-07-2024,medium,open
Mandya,Mandya,Traffic PS,Robbery,12.707768,76.70197,06-09-2024,low,open
Bengaluru Rural,Nelamangala,Nelamangala PS,Fraud,13.348918,77.541686,18-03-2024,medium,closed
Chikkamagaluru,Chikkamagaluru City,Chikkamagaluru PS,Domestic Violence,13.019012,75.914724,13-02-2023,low,investigating
Haveri,Ranebennur,Rural PS,Mobile Theft,14.749037,75.556139,01-10-2024,low,investigating
Chikkamagaluru,Chikkamagaluru City,Traffic PS,Mobile Theft,13.376998,75.818755,23-10-2024,low,open
Chikkaballapura,Chikkaballapura,Traffic PS,Theft,13.557648,78.009521,12-02-2023,low,investigating
Bengaluru Rural,Nelamangala,Soladevanahalli PS,Burglary,13.056156,77.560821,09-11-2023,low,open
Koppal,Kushtagi,Town PS,Cybercrime,15.117947,76.288275,08-07-2024,low,open
Bengaluru Urban,Whitefield,Kadugodi PS,Fraud,12.764902,77.763095,06-04-2024,low,open
Chamarajanagar,Chamarajanagar,Traffic PS,Domestic Violence,11.7594,77.12486,26-06-2023,low,closed
Uttara Kannada,Sirsi,Rural PS,Robbery,14.873621,74.908101,31-01-2023,medium,open
Chikkamagaluru,Chikkamagaluru City,Traffic PS,Mobile Theft,13.194861,75.536019,10-04-2024,medium,open
Shivamogga,Bhadravati,Bhadravati PS,Burglary,13.952579,75.379925,16-08-2024,low,closed
Bengaluru Rural,Doddaballapura,Town PS,Burglary,13.190373,77.349038,14-07-2024,low,investigating
Haveri,Haveri,Haveri PS,Fraud,14.730902,75.6952,03-06-2023,low,closed
Uttara Kannada,Bhatkal,Town PS,Mobile Theft,14.784687,74.490084,06-07-2024,low,investigating
Mandya,Mandya,Traffic PS,Robbery,12.668488,76.646329,12-02-2024,low,open
Chitradurga,Hosadurga,Rural PS,Robbery,14.436766,76.502414,29-06-2023,high,investigating
Gadag,Mundargi,Rural PS,Chain Snatching,15.715137,75.458732,06-01-2024,medium,closed
Uttara Kannada,Karwar,Karwar Town PS,Drug Offense,15.027389,74.766369,23-10-2023,low,open
Hubballi-Dharwad,Hubballi,Old Hubballi PS,Kidnapping,15.405153,75.031615,22-04-2023,low,closed
Chikkamagaluru,Chikkamagaluru City,Town PS,Vehicle Theft,13.248393,75.635722,12-05-2023,medium,open
Haveri,Savanur,Rural PS,Burglary,14.974739,75.309049,12-12-2024,low,closed
Koppal,Kushtagi,Rural PS,Mobile Theft,15.166816,75.879655,13-06-2023,high,investigating
Hassan,Sakleshpur,Town PS,Kidnapping,13.13722,75.911326,14-04-2024,medium,open
Dakshina Kannada,Puttur,Town PS,Vehicle Theft,12.599566,75.265343,10-10-2023,medium,open
Tumakuru,Tumakuru City,New Extension PS,Vehicle Theft,13.538474,76.858312,24-09-2023,medium,open
Udupi,Udupi,Udupi Town PS,Land Dispute,13.564175,74.769177,15-04-2023,low,open
Udupi,Karkala,Karkala PS,Fraud,13.1942,74.941205,18-06-2023,low,open
Chikkamagaluru,Tarikere,Rural PS,Theft,13.310084,75.578394,27-10-2024,medium,open
Bengaluru Urban,Whitefield,Whitefield PS,Chain Snatching,13.101173,77.368096,24-02-2023,low,closed
Shivamogga,Sagara,Anandapura PS,Drug Offense,14.19408,75.770949,16-05-2024,low,closed
Gadag,Gadag,Betageri PS,Vehicle Theft,15.554368,75.700853,15-07-2024,medium,open
Mandya,Srirangapatna,Rural PS,Murder,12.561632,77.125934,14-01-2024,low,investigating
Yadgir,Shahapur,Rural PS,Kidnapping,16.640821,77.083081,20-09-2024,low,investigating
Raichur,Manvi,Manvi PS,Burglary,16.048426,77.405815,29-08-2024,medium,closed
Bengaluru Rural,Nelamangala,Nelamangala PS,Robbery,13.373187,77.624846,30-07-2023,medium,open
Mysuru,Hunsur,Bilikere PS,Drug Offense,12.257633,76.521203,09-05-2024,low,open
Dakshina Kannada,Bantwal,Rural PS,Fraud,12.797072,75.325129,23-09-2024,medium,open
Chikkamagaluru,Chikkamagaluru City,Traffic PS,Kidnapping,13.197322,75.763075,13-10-2023,medium,open
Dakshina Kannada,Puttur,Puttur PS,Cybercrime,12.735855,75.256728,12-06-2023,low,closed
Chitradurga,Hosadurga,Rural PS,Kidnapping,14.385487,76.244205,03-03-2023,low,investigating
Koppal,Koppal City,Town PS,Assault,15.468877,75.867979,29-03-2024,medium,closed
Mysuru,Nanjangud,Rural PS,Vehicle Theft,12.388937,76.883123,25-06-2023,high,closed
Hubballi-Dharwad,Dharwad,Dharwad Town PS,Drug Offense,15.528364,74.831768,31-05-2024,low,open
Ballari,Sandur,Toranagallu PS,Robbery,15.131156,76.982224,14-12-2023,medium,investigating
Mysuru,Mysuru City,Devaraja PS,Domestic Violence,12.09797,76.387983,16-04-2023,low,open
Dakshina Kannada,Bantwal,Bantwal PS,Assault,13.122815,75.468359,02-07-2023,low,open
Bengaluru Urban,Whitefield,Whitefield PS,Fraud,12.863571,77.506188,13-08-2024,low,closed
Ramanagara,Kanakapura,Kanakapura PS,Assault,12.50517,77.194189,23-09-2023,low,closed
Udupi,Kundapura,Byndoor PS,Murder,13.633349,74.573548,20-03-2023,low,open
Bengaluru Rural,Doddaballapura,Doddaballapura PS,Burglary,13.039913,77.289965,07-09-2023,low,investigating
Gadag,Ron,Rural PS,Domestic Violence,15.443547,75.334204,12-08-2023,low,closed
Udupi,Karkala,Ajekar PS,Chain Snatching,13.370298,74.695967,21-12-2023,low,open
Ballari,Hospet,Hospet Town PS,Theft,15.318487,76.6291,12-03-2024,low,closed
Chikkamagaluru,Kadur,Kadur PS,Vehicle Theft,13.517126,75.660241,17-06-2024,low,investigating
Hassan,Hassan City,Extension PS,Burglary,12.930919,76.191828,20-04-2024,low,open
Hubballi-Dharwad,Navanagar,Navanagar PS,Kidnapping,15.336355,75.391342,22-05-2023,low,closed
Belagavi,Chikodi,Nippani PS,Land Dispute,15.860427,74.340675,10-03-2024,medium,investigating
Yadgir,Gurmitkal,Rural PS,Fraud,16.495809,76.924593,22-11-2023,low,closed
Shivamogga,Shivamogga City,Doddapete PS,Chain Snatching,13.775135,75.408249,25-07-2023,low,closed
Chamarajanagar,Kollegal,Town PS,Murder,11.778201,76.929928,29-04-2023,low,investigating
Belagavi,Belagavi City,Belagavi PS,Land Dispute,16.110954,74.518234,26-12-2023,medium,open
Haveri,Savanur,Rural PS,Assault,15.00232,75.526023,14-01-2024,low,closed
Tumakuru,Tumakuru City,Tumakuru PS,Domestic Violence,13.565757,76.99199,15-09-2024,low,open
Ramanagara,Ramanagara,Town PS,Vehicle Theft,12.730192,77.305524,17-03-2024,low,closed
Ramanagara,Kanakapura,Rural PS,Burglary,12.683889,77.407322,28-01-2024,low,open
Chikkaballapura,Bagepalli,Town PS,Kidnapping,13.602632,77.848497,22-01-2023,medium,investigating
Mandya,Maddur,Town PS,Chain Snatching,12.506323,76.906005,14-02-2024,medium,closed
Dakshina Kannada,Bantwal,Town PS,Mobile Theft,13.012335,75.208726,02-01-2024,medium,open
Hassan,Arsikere,Arsikere PS,Mobile Theft,12.907207,75.895672,04-05-2024,medium,open
Hassan,Hassan City,Traffic PS,Chain Snatching,13.065775,75.873233,23-12-2024,high,closed
Uttara Kannada,Karwar,Bazar PS,Fraud,14.964835,74.980219,14-02-2024,low,open
Haveri,Haveri,Traffic PS,Vehicle Theft,15.052505,75.364746,26-05-2023,low,open
Raichur,Sindhanur,Rural PS,Mobile Theft,16.208672,77.489655,12-01-2023,low,closed
Kolar,Kolar,Town PS,Murder,13.043456,78.375189,28-06-2023,low,open
Udupi,Kundapura,Byndoor PS,Vehicle Theft,13.371969,74.481192,13-01-2023,high,open
Chamarajanagar,Chamarajanagar,Chamarajanagar PS,Murder,12.005766,76.820676,10-01-2023,low,open
Dakshina Kannada,Sullia,Sullia PS,Vehicle Theft,12.729963,75.094242,29-03-2024,medium,closed
Dakshina Kannada,Bantwal,Bantwal PS,Cybercrime,12.77922,75.479673,18-11-2023,low,investigating
Mangaluru,Mangaluru,Mangaluru South PS,Murder,12.841229,74.656576,28-07-2024,low,investigating
Chamarajanagar,Kollegal,Rural PS,Mobile Theft,11.687828,77.01111,29-04-2024,medium,closed
Mandya,Mandya,Traffic PS,Theft,12.542167,77.004991,07-06-2024,low,open
Belagavi,Belagavi City,Belagavi PS,Mobile Theft,15.703484,74.484505,21-10-2024,low,open
Chikkaballapura,Bagepalli,Rural PS,Assault,13.550322,77.514652,06-06-2024,medium,closed
Kolar,Kolar,Kolar PS,Domestic Violence,13.350367,77.881341,16-03-2023,low,investigating
Vijayapura,Vijayapura City,Gandhi Chowk PS,Cybercrime,16.777397,75.968236,08-05-2023,medium,open
Ballari,Ballari City,Brucepet PS,Vehicle Theft,15.236722,76.88451,29-10-2023,medium,closed
Hubballi-Dharwad,Navanagar,Town PS,Theft,15.538334,74.837764,29-07-2023,medium,investigating
Mysuru,Hunsur,Bilikere PS,Vehicle Theft,12.551161,76.524966,19-04-2024,low,closed
Chamarajanagar,Chamarajanagar,Traffic PS,Fraud,12.21869,76.748939,08-12-2023,low,open
Davangere,Harihar,Harihar PS,Chain Snatching,14.506068,75.894342,18-07-2023,low,closed
Chikkamagaluru,Kadur,Town PS,Vehicle Theft,13.159243,75.791547,28-07-2023,medium,investigating
Tumakuru,Madhugiri,Madhugiri PS,Chain Snatching,13.080151,77.068186,24-02-2023,high,open
Ramanagara,Kanakapura,Town PS,Chain Snatching,12.700391,77.161593,16-03-2024,low,investigating
Vijayapura,Sindagi,Rural PS,Kidnapping,17.038142,75.699221,20-03-2024,medium,closed
Tumakuru,Madhugiri,Madhugiri PS,Vehicle Theft,13.17391,77.27691,11-09-2023,medium,open
Bengaluru Urban,Whitefield,Whitefield PS,Vehicle Theft,13.270313,77.770092,23-09-2023,low,open
Mysuru,Hunsur,Hunsur PS,Burglary,12.058779,76.907276,01-11-2024,high,investigating
Chamarajanagar,Kollegal,Town PS,Kidnapping,11.771514,77.044183,17-04-2023,medium,closed
Hassan,Hassan City,Hassan PS,Burglary,12.714471,76.209144,27-10-2024,high,investigating
Chitradurga,Chitradurga,Town PS,Land Dispute,14.408679,76.26572,26-09-2023,medium,investigating
Kolar,Kolar,Town PS,Kidnapping,13.248733,77.898743,16-04-2023,low,open
Mangaluru,Mangaluru,Mangaluru North PS,Robbery,12.878715,74.900721,06-01-2024,medium,closed
Koppal,Gangavathi,Gangavathi PS,Murder,15.476474,76.16252,05-07-2024,low,open
Ballari,Ballari City,Ballari PS,Chain Snatching,15.221343,77.041235,18-11-2023,low,open
Bidar,Bhalki,Rural PS,Kidnapping,17.790295,77.669718,05-03-2023,medium,investigating
Yadgir,Shahapur,Rural PS,Cybercrime,16.562733,77.421514,21-02-2023,medium,investigating
Ballari,Sandur,Sandur PS,Vehicle Theft,15.089573,76.786969,07-01-2024,medium,investigating
Dakshina Kannada,Bantwal,Rural PS,Murder,12.889862,75.074363,27-03-2024,low,open
Tumakuru,Tumakuru City,Tumakuru PS,Fraud,13.388592,77.158252,29-03-2024,low,open
Bidar,Basavakalyan,Rural PS,Domestic Violence,18.121105,77.567847,21-04-2023,medium,investigating
Yadgir,Gurmitkal,Gurmitkal PS,Cybercrime,16.993919,77.113241,09-12-2024,medium,open
Shivamogga,Bhadravati,Bhadravati PS,Kidnapping,13.669168,75.660739,07-04-2024,medium,open
Chamarajanagar,Chamarajanagar,Town PS,Assault,11.830246,76.870585,06-10-2024,low,open
Yadgir,Shahapur,Rural PS,Drug Offense,16.478336,77.174762,27-10-2023,medium,open
Shivamogga,Sagara,Sagara PS,Fraud,14.099216,75.468183,18-09-2024,low,open
Mandya,Mandya,Mandya PS,Mobile Theft,12.313405,76.929824,08-03-2024,medium,investigating
Koppal,Gangavathi,Gangavathi PS,Land Dispute,15.48734,76.354007,20-06-2024,high,investigating
Mandya,Mandya,Mandya PS,Theft,12.300086,77.174753,02-08-2024,medium,closed
Davangere,Honnali,Rural PS,Cybercrime,14.305762,75.683749,14-10-2023,medium,closed
Uttara Kannada,Karwar,Bazar PS,Theft,14.580922,74.977353,18-04-2023,medium,investigating
Koppal,Kushtagi,Rural PS,Chain Snatching,15.509863,76.131445,14-04-2024,low,open
Hassan,Hassan City,Traffic PS,Murder,12.727801,75.883404,02-08-2024,medium,open
Gadag,Mundargi,Rural PS,Burglary,15.264911,75.402527,10-08-2023,low,closed
Shivamogga,Shivamogga City,Traffic PS,Mobile Theft,14.10958,75.353329,08-08-2024,medium,open
Bidar,Bhalki,Rural PS,Vehicle Theft,17.962815,77.505888,21-03-2023,high,closed
Vijayapura,Vijayapura City,Gandhi Chowk PS,Domestic Violence,16.741709,75.853946,13-12-2023,low,investigating
Dakshina Kannada,Sullia,Town PS,Kidnapping,12.651835,75.219391,28-08-2024,high,open
Hassan,Hassan City,Extension PS,Mobile Theft,12.885918,75.963822,07-11-2024,medium,open
Ramanagara,Kanakapura,Rural PS,Kidnapping,12.819201,77.263835,01-10-2023,low,open
Mandya,Maddur,Maddur PS,Cybercrime,12.234855,77.166892,16-10-2024,medium,open
Bidar,Bhalki,Rural PS,Domestic Violence,17.890494,77.246781,23-09-2023,medium,investigating
Koppal,Kushtagi,Rural PS,Kidnapping,15.244473,76.096497,15-01-2024,low,open
Yadgir,Yadgir City,Town PS,Murder,16.844342,76.975857,01-10-2023,medium,closed
Koppal,Koppal City,Koppal PS,Burglary,15.553154,76.347233,06-10-2024,low,open
Haveri,Ranebennur,Ranebennur PS,Theft,14.696391,75.212161,30-03-2023,low,open
Kodagu,Virajpet,Virajpet PS,Robbery,12.330419,75.92949,13-07-2024,medium,investigating
Raichur,Sindhanur,Sindhanur PS,Theft,16.116053,77.325057,28-02-2023,medium,closed
Chikkaballapura,Sidlaghatta,Town PS,Assault,13.416004,77.920296,13-06-2023,medium,closed
Tumakuru,Madhugiri,Madhugiri PS,Cybercrime,13.461175,77.203618,26-11-2024,medium,closed
Hubballi-Dharwad,Navanagar,Navanagar PS,Murder,15.292678,74.946746,14-01-2023,low,investigating
Koppal,Kushtagi,Town PS,Murder,15.461845,76.042365,02-06-2024,medium,closed
Bidar,Bidar City,New Town PS,Domestic Violence,17.783716,77.78557,10-11-2023,high,investigating
Kalaburagi,Jewargi,Jewargi PS,Land Dispute,17.465902,77.02081,06-01-2024,low,open
Mangaluru,Mangaluru,Mangaluru North PS,Theft,13.208686,74.897297,12-08-2024,low,investigating
Ramanagara,Magadi,Rural PS,Domestic Violence,12.50878,77.174072,24-01-2024,medium,investigating
Bidar,Basavakalyan,Town PS,Robbery,17.742889,77.279708,27-05-2024,medium,investigating
Chamarajanagar,Chamarajanagar,Traffic PS,Murder,11.758859,76.695909,14-01-2024,low,closed
Uttara Kannada,Sirsi,Town PS,Robbery,15.001364,74.809782,11-10-2024,low,investigating
Chamarajanagar,Kollegal,Town PS,Robbery,11.801448,77.078799,09-09-2023,low,closed
Chikkamagaluru,Chikkamagaluru City,Traffic PS,Chain Snatching,13.401392,75.767146,01-12-2024,medium,closed
Dakshina Kannada,Puttur,Town PS,Land Dispute,12.982989,74.961282,01-09-2023,low,open
Shivamogga,Bhadravati,Old Town PS,Kidnapping,14.184811,75.307088,13-03-2023,high,open
Hubballi-Dharwad,Hubballi,Keshwapur PS,Land Dispute,15.255925,75.263252,14-07-2023,low,investigating
Shivamogga,Shivamogga City,Doddapete PS,Vehicle Theft,13.802842,75.603348,11-09-2023,low,closed
Chitradurga,Chitradurga,Town PS,Mobile Theft,14.059312,76.525687,08-03-2024,low,open
Koppal,Gangavathi,Gangavathi PS,Kidnapping,15.542344,76.156274,04-06-2023,low,open
Ballari,Ballari City,Ballari PS,Chain Snatching,15.197059,76.88566,22-06-2023,medium,open
Chikkaballapura,Bagepalli,Town PS,Chain Snatching,13.274308,77.591298,04-09-2023,low,closed
Belagavi,Gokak,Traffic PS,Assault,15.912833,74.583615,14-06-2024,low,investigating
Udupi,Udupi,Udupi Town PS,Chain Snatching,13.393671,75.00272,10-03-2024,medium,closed
Kolar,Kolar,Town PS,Mobile Theft,12.837404,78.010944,05-03-2023,low,closed
Mandya,Srirangapatna,Srirangapatna PS,Assault,12.727929,76.938521,02-10-2023,medium,closed
Dakshina Kannada,Bantwal,Rural PS,Cybercrime,12.894289,75.189745,06-09-2023,low,closed
Tumakuru,Tumakuru City,Tumakuru PS,Robbery,13.261215,77.101165,05-05-2023,low,closed
Mysuru,Hunsur,Bilikere PS,Theft,12.568107,76.721671,19-07-2024,high,closed
Hassan,Arsikere,Town PS,Chain Snatching,13.000573,75.810292,12-02-2024,low,closed
Gadag,Gadag,Traffic PS,Fraud,15.546935,75.87232,08-09-2023,low,closed
Udupi,Udupi,Manipal PS,Kidnapping,13.632127,74.625855,25-11-2023,low,open
Gadag,Ron,Rural PS,Drug Offense,15.520226,75.83851,07-05-2024,low,open
Vijayapura,Indi,Town PS,Cybercrime,17.013014,75.665208,29-05-2023,low,open
Chikkaballapura,Bagepalli,Town PS,Robbery,13.218178,77.76231,24-06-2024,low,closed
Udupi,Udupi,Udupi Town PS,Burglary,13.575789,74.595637,24-10-2024,high,closed
Mandya,Srirangapatna,Srirangapatna PS,Drug Offense,12.420325,77.049014,28-11-2023,medium,open
Chamarajanagar,Gundlupet,Gundlupet PS,Assault,11.974217,77.193629,27-02-2023,medium,closed
Ballari,Ballari City,Brucepet PS,Robbery,15.068344,76.754727,11-08-2023,low,investigating
Udupi,Karkala,Karkala PS,Fraud,13.122138,74.527284,15-06-2024,medium,investigating
Vijayapura,Sindagi,Town PS,Cybercrime,17.088853,75.72164,25-04-2024,low,investigating
Bengaluru Rural,Nelamangala,Soladevanahalli PS,Mobile Theft,13.104449,77.256251,17-08-2023,high,closed
Udupi,Karkala,Karkala PS,Assault,13.463557,75.026942,26-08-2023,low,open
Ballari,Sandur,Toranagallu PS,Assault,15.28705,76.99296,03-06-2024,low,open
Kalaburagi,Jewargi,Jewargi PS,Cybercrime,17.411083,77.119181,08-05-2023,high,open
Ramanagara,Ramanagara,Ramanagara PS,Chain Snatching,12.567358,77.482193,14-07-2023,medium,investigating
Chitradurga,Hosadurga,Hosadurga PS,Chain Snatching,14.001739,76.359229,02-05-2023,low,investigating
Kalaburagi,Sedam,Rural PS,Fraud,17.166825,77.055033,05-03-2024,medium,investigating
Mysuru,Mysuru City,Nazarbad PS,Chain Snatching,12.583266,76.374333,12-04-2023,low,investigating
Mangaluru,Surathkal,Surathkal PS,Assault,12.868578,74.568891,27-04-2023,low,open
Ramanagara,Kanakapura,Rural PS,Burglary,12.516595,77.044949,10-12-2024,low,open
Kodagu,Madikeri,Rural PS,Chain Snatching,12.635322,75.700179,25-08-2024,medium,open
Kolar,Bangarapet,Town PS,Chain Snatching,13.39989,78.213217,09-11-2024,low,open
Chamarajanagar,Gundlupet,Gundlupet PS,Drug Offense,12.125453,76.700383,09-06-2024,medium,open
Mysuru,Mysuru City,Devaraja PS,Burglary,12.310522,76.364333,13-10-2023,high,closed
Tumakuru,Madhugiri,Rural PS,Land Dispute,13.126497,77.274272,13-01-2024,low,open
Davangere,Harihar,Harihar PS,Assault,14.60561,76.135185,05-05-2023,low,open
Raichur,Raichur City,West PS,Mobile Theft,16.200293,77.602672,13-06-2024,low,closed
Mysuru,Nanjangud,Traffic PS,Murder,12.069088,76.508486,01-01-2024,low,closed
Bidar,Basavakalyan,Rural PS,Domestic Violence,18.150217,77.470947,08-04-2023,medium,open
Belagavi,Gokak,Traffic PS,Mobile Theft,15.784879,74.233937,09-11-2023,low,open
Kolar,Kolar,Kolar PS,Domestic Violence,12.907528,78.410673,04-06-2024,low,open
Haveri,Haveri,Town PS,Mobile Theft,14.695198,75.265442,23-02-2024,low,open
Davangere,Davangere City,KTJ Nagar PS,Assault,14.529913,76.165072,04-05-2024,low,open
Bidar,Bidar City,New Town PS,Burglary,17.720093,77.264179,18-05-2024,medium,investigating
Udupi,Udupi,Malpe PS,Mobile Theft,13.270332,75.007003,15-06-2024,low,closed
Yadgir,Yadgir City,Traffic PS,Domestic Violence,16.754685,76.864456,25-09-2023,low,investigating
Hubballi-Dharwad,Dharwad,Sub Urban PS,Chain Snatching,15.403594,75.187893,12-05-2023,medium,investigating
Vijayapura,Vijayapura City,Traffic PS,Chain Snatching,16.82434,75.690933,07-02-2023,low,closed
Bengaluru Rural,Devanahalli,Airport PS,Robbery,13.497481,77.554078,24-10-2024,low,investigating
Chamarajanagar,Gundlupet,Gundlupet PS,Fraud,12.017274,76.922509,30-08-2023,high,open
Kodagu,Somwarpet,Kushalnagar PS,Robbery,12.113606,75.646256,18-05-2023,low,closed
Hassan,Sakleshpur,Rural PS,Robbery,12.832009,76.048798,02-06-2024,low,open
Ramanagara,Kanakapura,Kanakapura PS,Vehicle Theft,12.773051,77.440395,29-07-2024,low,closed
Kolar,Malur,Town PS,Domestic Violence,13.367845,78.012486,22-06-2024,high,closed
Mandya,Maddur,Town PS,Drug Offense,12.432764,76.814289,11-08-2024,high,investigating
Hubballi-Dharwad,Navanagar,Rural PS,Fraud,15.261368,75.131633,08-05-2023,high,closed
Kolar,Bangarapet,Town PS,Theft,12.987881,77.871619,25-01-2024,medium,investigating
Vijayapura,Indi,Town PS,Robbery,16.667142,75.532541,31-12-2023,low,investigating
Uttara Kannada,Karwar,Bazar PS,Mobile Theft,14.896561,74.763674,30-10-2024,low,closed
Chikkamagaluru,Tarikere,Rural PS,Chain Snatching,13.589412,75.580922,18-07-2023,low,closed
Mandya,Srirangapatna,Rural PS,Assault,12.285148,76.871951,20-06-2023,low,investigating
Bengaluru Urban,Koramangala,Madiwala PS,Murder,12.837292,77.60715,05-04-2024,low,open
Shivamogga,Bhadravati,Old Town PS,Burglary,13.995291,75.305028,23-10-2024,low,investigating
Dakshina Kannada,Bantwal,Rural PS,Vehicle Theft,12.881912,75.394739,20-07-2024,medium,closed
Dakshina Kannada,Bantwal,Bantwal PS,Kidnapping,12.836797,75.322326,16-05-2024,low,open
Uttara Kannada,Bhatkal,Bhatkal PS,Fraud,14.739336,74.734491,23-08-2023,medium,closed
Chitradurga,Chitradurga,Chitradurga PS,Drug Offense,14.452891,76.658363,09-01-2024,low,investigating
Mangaluru,Ullal,Ullal PS,Burglary,12.933525,74.611724,02-02-2024,medium,investigating
Bengaluru Urban,Yelahanka,Attur PS,Kidnapping,13.169239,77.842572,21-10-2024,high,investigating
Bengaluru Rural,Devanahalli,Devanahalli PS,Land Dispute,12.923605,77.442076,13-11-2023,low,open
Mysuru,Mysuru City,Devaraja PS,Burglary,12.080224,76.385394,03-09-2024,low,investigating
Bengaluru Urban,Yelahanka,Yelahanka PS,Cybercrime,12.933438,77.793683,13-11-2023,low,investigating
Hubballi-Dharwad,Navanagar,Navanagar PS,Fraud,15.1016,75.337678,27-08-2023,low,open
Hubballi-Dharwad,Navanagar,Town PS,Mobile Theft,15.406028,75.329555,30-07-2023,medium,open
Dakshina Kannada,Bantwal,Bantwal PS,Robbery,12.909574,75.365514,07-11-2023,medium,investigating
Koppal,Gangavathi,Town PS,Mobile Theft,15.410131,76.359983,26-11-2023,low,investigating
Mysuru,Nanjangud,Traffic PS,Drug Offense,12.182541,76.66041,24-01-2023,low,open
Koppal,Gangavathi,Town PS,Fraud,15.27018,76.204919,11-08-2024,medium,investigating
Mandya,Srirangapatna,Rural PS,Land Dispute,12.641981,76.681033,06-04-2024,high,open
Udupi,Kundapura,Byndoor PS,Vehicle Theft,13.043295,74.685152,01-11-2023,medium,open
Uttara Kannada,Karwar,Traffic PS,Fraud,14.582928,74.810441,17-04-2024,low,investigating
Shivamogga,Bhadravati,Old Town PS,Cybercrime,13.660055,75.280579,06-02-2024,medium,closed
Kodagu,Virajpet,Town PS,Assault,12.196274,75.53501,14-10-2024,high,closed
Mysuru,Nanjangud,Rural PS,Domestic Violence,12.269638,76.400808,06-05-2023,medium,closed
Yadgir,Shahapur,Shahapur PS,Domestic Violence,17.043592,77.310661,29-01-2023,medium,investigating
Chamarajanagar,Kollegal,Town PS,Drug Offense,11.681115,76.871345,15-12-2023,low,investigating
Mangaluru,Ullal,Konaje PS,Mobile Theft,12.986091,74.861235,29-12-2023,medium,open
Udupi,Kundapura,Kundapura PS,Robbery,13.174219,74.640051,09-10-2023,medium,investigating
Kolar,Malur,Town PS,Theft,12.930588,78.044951,09-03-2024,low,open
Mysuru,Nanjangud,Nanjangud Town PS,Land Dispute,12.068286,76.536061,11-08-2023,medium,investigating
Hubballi-Dharwad,Navanagar,Navanagar PS,Assault,15.380421,75.322031,17-03-2024,low,open
Vijayapura,Vijayapura City,Gandhi Chowk PS,Chain Snatching,16.648141,75.467603,04-02-2024,high,investigating
Shivamogga,Sagara,Rural PS,Vehicle Theft,13.943358,75.622566,16-04-2024,high,open
Chitradurga,Hiriyur,Rural PS,Theft,14.082465,76.426875,07-11-2024,medium,open
Hassan,Sakleshpur,Sakleshpur PS,Robbery,13.193462,75.896095,28-10-2023,low,closed
Bengaluru Urban,Koramangala,Madiwala PS,Vehicle Theft,12.954184,77.666389,15-12-2023,medium,investigating
Kalaburagi,Jewargi,Rural PS,Chain Snatching,17.606406,76.708282,28-03-2023,medium,open
Dakshina Kannada,Puttur,Puttur PS,Robbery,12.60244,75.314098,18-07-2024,low,closed
Kodagu,Virajpet,Town PS,Theft,12.578362,75.688149,11-03-2023,low,investigating
Gadag,Gadag,Gadag Town PS,Assault,15.251164,75.801381,04-04-2024,medium,open
Gadag,Gadag,Betageri PS,Theft,15.697432,75.781013,04-07-2023,medium,investigating
Chitradurga,Hiriyur,Hiriyur PS,Vehicle Theft,14.172671,76.319776,23-06-2024,high,open
Bengaluru Rural,Doddaballapura,Rural PS,Mobile Theft,13.280491,77.535407,24-05-2024,low,investigating
Chamarajanagar,Gundlupet,Rural PS,Drug Offense,11.718718,77.053161,21-07-2024,medium,open
Dakshina Kannada,Sullia,Town PS,Burglary,13.067357,75.540303,08-09-2023,low,open
Kodagu,Virajpet,Rural PS,Land Dispute,12.279106,75.690399,25-10-2023,medium,investigating
Mandya,Srirangapatna,Srirangapatna PS,Drug Offense,12.311973,76.985668,08-12-2023,high,investigating
Mysuru,Nanjangud,Traffic PS,Drug Offense,12.277606,76.562394,08-05-2024,high,investigating
Hubballi-Dharwad,Navanagar,Navanagar PS,Assault,15.455451,75.060965,19-07-2024,medium,open
Uttara Kannada,Sirsi,Sirsi PS,Assault,14.553179,74.829346,28-06-2024,low,open
Mangaluru,Ullal,Kotekar PS,Chain Snatching,12.643974,74.692623,17-05-2024,medium,open
Dakshina Kannada,Sullia,Town PS,Assault,12.768349,75.334079,30-07-2024,medium,open
Udupi,Kundapura,Kundapura PS,Kidnapping,13.423424,74.747099,21-04-2024,low,open
Belagavi,Chikodi,Nippani PS,Fraud,15.879758,74.260059,18-06-2023,low,open
Kodagu,Madikeri,Madikeri PS,Robbery,12.398438,76.104598,30-11-2024,high,open
Chikkaballapura,Sidlaghatta,Sidlaghatta PS,Land Dispute,13.135579,77.628946,18-03-2024,low,closed
Hassan,Hassan City,Hassan PS,Land Dispute,13.282149,76.248337,30-03-2024,low,open
Bidar,Bhalki,Town PS,Burglary,17.712907,77.684312,01-04-2024,low,investigating
Mysuru,Nanjangud,Nanjangud Town PS,Domestic Violence,12.224287,76.387975,08-05-2023,low,investigating
Gadag,Gadag,Traffic PS,Kidnapping,15.292578,75.626534,24-03-2023,low,closed
Kodagu,Somwarpet,Kushalnagar PS,Vehicle Theft,12.563464,75.763919,01-10-2023,medium,open
Bengaluru Urban,Whitefield,Whitefield PS,Assault,13.155408,77.305172,30-12-2023,low,closed
Kodagu,Madikeri,Traffic PS,Kidnapping,12.060698,75.973332,11-05-2024,medium,open
Chikkaballapura,Sidlaghatta,Rural PS,Robbery,13.14126,77.550325,17-08-2024,medium,open
Dakshina Kannada,Puttur,Puttur PS,Cybercrime,13.049439,75.193489,15-11-2023,medium,closed
Kodagu,Somwarpet,Kushalnagar PS,Vehicle Theft,12.478249,75.817988,01-11-2023,high,closed
Kodagu,Virajpet,Town PS,Chain Snatching,12.468866,75.759628,31-01-2024,medium,investigating
Bengaluru Rural,Nelamangala,Soladevanahalli PS,Domestic Violence,13.143142,77.661418,10-11-2023,low,investigating
Tumakuru,Tiptur,Rural PS,Vehicle Theft,13.611076,77.232319,11-10-2023,high,open
Ramanagara,Magadi,Town PS,Theft,12.882536,77.385459,07-01-2024,low,closed
Chamarajanagar,Chamarajanagar,Traffic PS,Drug Offense,11.96372,77.235911,02-04-2023,low,investigating
Bidar,Basavakalyan,Town PS,Burglary,17.998189,77.490085,19-07-2024,low,investigating
Hubballi-Dharwad,Navanagar,Town PS,Land Dispute,15.51105,75.325705,13-01-2024,medium,open
Kolar,Kolar,Town PS,Murder,12.992205,78.221511,20-07-2023,medium,open
Mandya,Maddur,Maddur PS,Murder,12.32164,77.02461,22-12-2024,medium,investigating
Ballari,Hospet,Hospet Town PS,Vehicle Theft,15.284655,76.810407,21-07-2024,medium,closed
Bidar,Bidar City,New Town PS,Cybercrime,17.753899,77.607762,21-03-2023,low,open
Tumakuru,Tumakuru City,New Extension PS,Murder,13.392783,77.114699,11-04-2023,low,investigating
Raichur,Raichur City,Raichur PS,Robbery,16.255448,77.167143,27-08-2024,medium,closed
Mysuru,Hunsur,Rural PS,Vehicle Theft,12.134822,76.812378,15-06-2024,high,open
Dakshina Kannada,Puttur,Traffic PS,Murder,12.734366,74.958236,01-10-2024,low,investigating
Mysuru,Nanjangud,Traffic PS,Mobile Theft,12.023716,76.806558,17-05-2024,medium,closed
Tumakuru,Tumakuru City,Tumakuru PS,Burglary,13.255076,77.266822,31-08-2023,low,closed
Kalaburagi,Jewargi,Jewargi PS,Fraud,17.517707,77.058942,05-09-2024,high,investigating
Kodagu,Virajpet,Virajpet PS,Cybercrime,12.551549,76.083362,20-07-2024,low,investigating
Haveri,Ranebennur,Town PS,Mobile Theft,14.692405,75.106417,10-08-2023,high,open
Udupi,Udupi,Malpe PS,Mobile Theft,13.23764,74.987775,05-04-2023,low,open
Chikkaballapura,Bagepalli,Town PS,Mobile Theft,13.562936,77.927545,22-08-2023,low,closed
Bengaluru Rural,Nelamangala,Soladevanahalli PS,Kidnapping,13.441708,77.210674,29-05-2023,medium,open
Ballari,Sandur,Toranagallu PS,Chain Snatching,15.374666,76.854633,16-11-2023,medium,investigating
Ballari,Sandur,Rural PS,Domestic Violence,15.372897,76.794629,03-01-2024,medium,open
Ballari,Ballari City,Cowl Bazaar PS,Assault,15.042309,77.139113,26-05-2024,low,closed
Yadgir,Shahapur,Rural PS,Kidnapping,16.99449,77.163466,30-01-2024,low,closed
Mysuru,Nanjangud,Nanjangud Town PS,Drug Offense,12.525946,76.37394,04-07-2023,medium,investigating
Hubballi-Dharwad,Navanagar,Navanagar PS,Theft,15.339904,75.370897,22-07-2023,medium,closed
Mangaluru,Mangaluru,Mangaluru South PS,Murder,12.731414,74.704536,14-01-2024,medium,open
Vijayapura,Vijayapura City,Adarsh Nagar PS,Fraud,17.014254,75.593292,13-10-2024,low,open
Gadag,Mundargi,Town PS,Land Dispute,15.139463,75.863596,22-05-2023,medium,open
Shivamogga,Sagara,Anandapura PS,Robbery,14.027265,75.5603,03-08-2023,medium,investigating
Hassan,Sakleshpur,Sakleshpur PS,Murder,12.779314,76.060142,13-03-2023,low,investigating
Ramanagara,Kanakapura,Kanakapura PS,Vehicle Theft,12.470098,77.3706,24-03-2023,medium,investigating
Chikkamagaluru,Kadur,Town PS,Kidnapping,13.300269,75.840785,12-06-2024,low,investigating
Mandya,Srirangapatna,Town PS,Burglary,12.610033,76.887143,12-03-2023,low,open
Kalaburagi,Kalaburagi City,University PS,Assault,17.406651,76.632234,08-06-2023,medium,investigating
Uttara Kannada,Karwar,Traffic PS,Kidnapping,14.554028,74.765637,10-01-2023,medium,open
Chikkaballapura,Sidlaghatta,Sidlaghatta PS,Chain Snatching,13.184784,77.536663,09-09-2023,low,investigating
Ramanagara,Kanakapura,Rural PS,Cybercrime,12.800499,77.244848,26-05-2023,medium,closed
Dakshina Kannada,Bantwal,Bantwal PS,Fraud,13.102211,75.089714,18-04-2023,high,closed
Chikkaballapura,Bagepalli,Bagepalli PS,Robbery,13.540985,77.82863,11-12-2023,medium,closed
Raichur,Raichur City,West PS,Fraud,16.289642,77.510453,08-03-2023,medium,investigating
Bengaluru Urban,Koramangala,HSR Layout PS,Fraud,12.732449,77.801459,11-03-2023,medium,investigating
Uttara Kannada,Bhatkal,Bhatkal PS,Kidnapping,15.042992,74.450192,19-05-2023,low,closed
Mandya,Srirangapatna,Rural PS,Assault,12.322746,76.667346,12-10-2024,medium,closed
Vijayapura,Sindagi,Sindagi PS,Murder,17.05882,75.635792,18-05-2023,low,closed
Kalaburagi,Sedam,Rural PS,Murder,17.073947,76.562197,18-07-2023,low,investigating
Bengaluru Rural,Doddaballapura,Doddaballapura PS,Burglary,13.007496,77.227141,14-09-2024,low,investigating
Kodagu,Somwarpet,Kushalnagar PS,Kidnapping,12.123885,75.874452,21-07-2024,low,open
Kalaburagi,Kalaburagi City,University PS,Cybercrime,17.310265,76.682112,03-06-2023,low,open
Vijayapura,Vijayapura City,Adarsh Nagar PS,Burglary,16.77698,75.918275,25-07-2024,low,investigating
Vijayapura,Sindagi,Rural PS,Murder,16.750976,75.684302,17-09-2023,low,closed
Kodagu,Madikeri,Rural PS,Drug Offense,12.306996,75.985897,31-07-2024,low,investigating
Ramanagara,Kanakapura,Kanakapura PS,Assault,12.998319,77.52248,17-08-2024,medium,closed
Chikkamagaluru,Tarikere,Tarikere PS,Vehicle Theft,13.233873,75.65766,06-02-2024,low,open
Bengaluru Rural,Nelamangala,Soladevanahalli PS,Chain Snatching,13.338775,77.458038,03-12-2023,high,open
Bidar,Bhalki,Rural PS,Mobile Theft,18.161104,77.596216,03-11-2024,medium,investigating
Shivamogga,Sagara,Anandapura PS,Assault,13.797009,75.830983,18-10-2024,high,open
Raichur,Manvi,Manvi PS,Assault,16.195196,77.325935,14-02-2024,low,open
Kalaburagi,Jewargi,Jewargi PS,Burglary,17.069413,76.778706,17-08-2024,low,open
Chamarajanagar,Chamarajanagar,Traffic PS,Burglary,11.635951,76.678722,18-09-2023,low,investigating
Hubballi-Dharwad,Hubballi,Vidyanagar PS,Assault,15.314084,75.282137,21-09-2023,low,investigating
Udupi,Karkala,Karkala PS,Vehicle Theft,13.278266,74.633495,17-08-2024,medium,investigating
Kalaburagi,Kalaburagi City,Station Bazaar PS,Vehicle Theft,17.385203,77.019096,30-11-2023,medium,open
Shivamogga,Bhadravati,Bhadravati PS,Fraud,14.066525,75.84733,04-03-2023,medium,closed
Bengaluru Rural,Doddaballapura,Doddaballapura PS,Burglary,13.160477,77.564794,19-02-2023,medium,closed
Raichur,Sindhanur,Rural PS,Vehicle Theft,16.210033,77.511404,11-02-2023,low,open
Gadag,Gadag,Gadag Town PS,Fraud,15.573712,75.845257,25-08-2024,low,open
Hassan,Hassan City,Traffic PS,Kidnapping,13.238068,75.91477,16-03-2023,medium,open
Mysuru,Mysuru City,Lakshmipuram PS,Land Dispute,12.307948,76.540057,01-04-2024,medium,closed
Yadgir,Gurmitkal,Rural PS,Domestic Violence,16.981296,76.99055,31-08-2024,low,investigating
Davangere,Honnali,Honnali PS,Assault,14.497441,76.115859,13-01-2023,low,open
Bengaluru Urban,Yelahanka,Attur PS,Robbery,13.170255,77.327439,26-09-2023,medium,closed
Mysuru,Hunsur,Bilikere PS,Assault,12.465697,76.381315,26-10-2024,medium,open
Koppal,Gangavathi,Rural PS,Robbery,15.062885,76.098302,19-11-2024,low,closed
Tumakuru,Tumakuru City,Traffic PS,Chain Snatching,13.197176,76.912662,11-01-2024,low,closed
Kodagu,Madikeri,Rural PS,Assault,12.523055,75.619405,20-12-2023,medium,open
Shivamogga,Shivamogga City,Doddapete PS,Drug Offense,13.686683,75.764273,10-12-2023,low,closed
Bengaluru Urban,Whitefield,Kadugodi PS,Kidnapping,12.799227,77.658466,26-07-2023,low,open
Mandya,Maddur,Rural PS,Murder,12.285978,76.935371,24-04-2023,medium,closed
Udupi,Udupi,Udupi Town PS,Mobile Theft,13.134501,74.778877,20-05-2024,medium,closed
Belagavi,Chikodi,Chikodi PS,Robbery,15.647866,74.477227,20-06-2023,low,investigating
Koppal,Gangavathi,Town PS,Assault,15.158179,76.043433,03-08-2023,medium,closed
Dakshina Kannada,Sullia,Sullia PS,Assault,12.718061,75.257096,21-05-2023,medium,closed
Koppal,Kushtagi,Town PS,Robbery,15.391166,76.105068,09-02-2023,low,investigating
Koppal,Gangavathi,Gangavathi PS,Chain Snatching,15.607701,75.893413,15-02-2023,medium,investigating
Gadag,Ron,Ron PS,Drug Offense,15.245364,75.923397,14-11-2024,medium,investigating
Shivamogga,Sagara,Anandapura PS,Murder,13.882751,75.807471,05-02-2023,low,open
Raichur,Manvi,Manvi PS,Domestic Violence,16.274468,77.233864,26-11-2023,medium,investigating
Bengaluru Rural,Doddaballapura,Town PS,Fraud,13.296071,77.383019,24-07-2023,medium,closed
Kodagu,Madikeri,Madikeri PS,Burglary,12.090825,75.855033,25-11-2023,low,investigating
Yadgir,Yadgir City,Town PS,Mobile Theft,16.619098,77.00661,09-01-2024,low,investigating
Kodagu,Madikeri,Rural PS,Mobile Theft,12.577088,75.823206,09-08-2023,low,closed
Kodagu,Madikeri,Madikeri PS,Chain Snatching,12.098795,75.626648,30-10-2024,high,investigating
Mysuru,Mysuru City,Devaraja PS,Theft,12.028045,76.666031,09-11-2023,medium,investigating
Koppal,Gangavathi,Rural PS,Assault,15.443019,75.897979,11-02-2023,low,closed
Davangere,Honnali,Honnali PS,Burglary,14.760174,76.099581,09-04-2023,medium,closed
Chikkaballapura,Chikkaballapura,Traffic PS,Assault,13.416553,77.658092,11-05-2023,low,closed
Ballari,Sandur,Rural PS,Fraud,15.33088,77.006002,24-05-2024,medium,open
Davangere,Honnali,Honnali PS,Robbery,14.209455,76.186842,24-04-2024,high,open
Chikkamagaluru,Tarikere,Lakkavalli PS,Cybercrime,13.530406,75.728807,31-10-2023,low,investigating
Belagavi,Gokak,Rural PS,Land Dispute,16.142861,74.286221,01-01-2024,high,closed
Chitradurga,Chitradurga,Chitradurga PS,Cybercrime,14.086571,76.670232,13-05-2023,medium,open
Kalaburagi,Kalaburagi City,Station Bazaar PS,Land Dispute,17.593605,76.629405,07-06-2024,low,investigating
Kolar,Malur,Town PS,Murder,12.865105,78.070545,30-10-2023,low,investigating
Vijayapura,Indi,Town PS,Assault,17.013841,75.720797,02-12-2024,low,open
Chikkamagaluru,Kadur,Rural PS,Kidnapping,13.240605,75.667808,11-01-2023,low,open
Mandya,Maddur,Maddur PS,Assault,12.551344,76.73974,01-04-2024,medium,investigating
Davangere,Davangere City,Traffic PS,Domestic Violence,14.414199,75.74022,13-03-2024,low,closed
Mysuru,Hunsur,Hunsur PS,Land Dispute,12.036837,76.707196,29-06-2024,medium,investigating
Tumakuru,Tiptur,Tiptur PS,Theft,13.59076,76.8257,14-07-2024,medium,closed
Udupi,Udupi,Udupi Town PS,Chain Snatching,13.459755,74.750673,26-07-2024,high,open
Chikkaballapura,Chikkaballapura,Traffic PS,Domestic Violence,13.497352,77.906934,13-06-2024,low,investigating
Shivamogga,Bhadravati,Bhadravati PS,Burglary,14.014306,75.57394,26-02-2024,medium,open
Bengaluru Rural,Nelamangala,Traffic PS,Kidnapping,13.035216,77.68551,02-06-2024,medium,investigating
Raichur,Raichur City,Traffic PS,Burglary,16.054007,77.283336,18-01-2023,medium,open
Hassan,Sakleshpur,Town PS,Drug Offense,13.238051,76.007769,20-08-2023,high,closed
Kolar,Malur,Malur PS,Land Dispute,13.191486,77.942195,08-10-2023,high,closed
Dakshina Kannada,Bantwal,Bantwal PS,Land Dispute,12.933438,75.233338,02-10-2024,low,investigating
Chikkamagaluru,Tarikere,Rural PS,Drug Offense,13.455299,75.670348,11-10-2023,medium,closed
Yadgir,Gurmitkal,Town PS,Burglary,17.037858,77.13689,10-11-2024,low,open
Ramanagara,Magadi,Town PS,Chain Snatching,12.656536,77.548161,22-04-2024,medium,investigating
Mangaluru,Ullal,Ullal PS,Burglary,12.706938,74.940452,06-07-2023,high,open
Haveri,Savanur,Rural PS,Kidnapping,15.048329,75.321924,03-09-2023,medium,closed
Kolar,Kolar,Kolar PS,Domestic Violence,12.928856,78.121556,05-04-2023,medium,closed
Davangere,Harihar,Rural PS,Drug Offense,14.44305,76.157432,22-10-2023,medium,investigating
Kodagu,Virajpet,Town PS,Assault,12.587605,75.670151,09-10-2023,low,investigating
Chitradurga,Hosadurga,Hosadurga PS,Mobile Theft,14.443996,76.272623,20-12-2024,low,closed
Chamarajanagar,Kollegal,Town PS,Vehicle Theft,11.763561,76.832151,11-08-2024,low,investigating
Bidar,Bhalki,Rural PS,Kidnapping,17.949805,77.479581,02-11-2023,low,investigating
Bengaluru Urban,Yelahanka,Attur PS,Theft,13.095892,77.565732,24-08-2023,high,closed
Dakshina Kannada,Puttur,Puttur PS,Kidnapping,12.713411,75.052208,13-02-2023,low,investigating
Dakshina Kannada,Puttur,Traffic PS,Mobile Theft,12.651421,75.449,16-05-2023,medium,open
Kolar,Kolar,Town PS,Burglary,13.068354,78.196196,24-10-2023,medium,closed
Raichur,Raichur City,Raichur PS,Theft,16.165315,77.494496,01-10-2023,low,closed
Gadag,Mundargi,Town PS,Land Dispute,15.59673,75.545936,22-02-2023,low,investigating
Chikkamagaluru,Tarikere,Tarikere PS,Murder,13.36315,75.604242,22-11-2024,low,closed
Koppal,Kushtagi,Town PS,Fraud,15.613749,76.190546,04-03-2023,low,investigating
Ballari,Ballari City,Brucepet PS,Land Dispute,15.190274,76.972994,13-11-2023,high,open
Chitradurga,Chitradurga,Chitradurga PS,Kidnapping,14.331939,76.399919,02-05-2024,low,closed
Tumakuru,Tiptur,Rural PS,Vehicle Theft,13.145273,77.174497,14-01-2024,low,open
Tumakuru,Madhugiri,Town PS,Kidnapping,13.230334,77.344655,11-02-2023,medium,closed
Raichur,Manvi,Rural PS,Theft,16.190272,77.277895,01-09-2024,low,investigating
Ramanagara,Kanakapura,Kanakapura PS,Chain Snatching,12.985036,77.413781,31-01-2024,medium,closed
Haveri,Haveri,Traffic PS,Fraud,14.580305,75.162096,14-09-2024,low,closed
Raichur,Manvi,Manvi PS,Vehicle Theft,16.354708,77.161429,09-08-2024,high,open
Uttara Kannada,Sirsi,Town PS,Robbery,15.016412,74.453982,23-04-2024,medium,open
Dakshina Kannada,Sullia,Rural PS,Burglary,12.998633,75.038227,21-05-2023,medium,open
Bengaluru Urban,Yelahanka,Yelahanka New Town PS,Assault,13.067779,77.408872,19-06-2024,low,closed
Hassan,Sakleshpur,Sakleshpur PS,Fraud,12.982332,75.933587,28-08-2023,low,open
Bengaluru Urban,Whitefield,Kadugodi PS,Assault,12.765841,77.746143,03-01-2024,medium,closed
Haveri,Ranebennur,Ranebennur PS,Burglary,14.52479,75.286187,11-05-2024,low,closed
Hassan,Arsikere,Town PS,Drug Offense,12.947021,76.043234,18-07-2023,low,open
Kalaburagi,Kalaburagi City,Station Bazaar PS,Assault,17.332147,76.857097,28-01-2023,medium,investigating
Shivamogga,Shivamogga City,Vinobanagar PS,Burglary,13.839998,75.576204,06-08-2023,medium,investigating
Hassan,Arsikere,Town PS,Chain Snatching,13.021329,75.947501,04-04-2024,high,open
Tumakuru,Madhugiri,Madhugiri PS,Vehicle Theft,13.15594,77.411639,02-03-2024,low,open
Uttara Kannada,Bhatkal,Bhatkal PS,Domestic Violence,14.740607,74.582312,16-09-2024,medium,investigating
Ramanagara,Magadi,Town PS,Fraud,12.850938,77.187734,16-06-2024,low,investigating
Chikkamagaluru,Kadur,Town PS,Mobile Theft,13.280768,76.02279,19-08-2023,high,closed
Mandya,Srirangapatna,Rural PS,Land Dispute,12.777792,76.901274,29-10-2023,medium,open
Chitradurga,Chitradurga,Town PS,Mobile Theft,14.091511,76.463353,09-01-2024,low,closed
Hubballi-Dharwad,Dharwad,Sub Urban PS,Burglary,15.208713,74.996615,06-09-2023,low,closed
Mandya,Mandya,Traffic PS,Murder,12.550917,76.645787,22-04-2024,low,closed
Mandya,Srirangapatna,Srirangapatna PS,Theft,12.572478,77.14366,11-08-2023,low,open
Yadgir,Yadgir City,Traffic PS,Robbery,16.912624,77.135908,01-10-2023,medium,open
Chikkamagaluru,Chikkamagaluru City,Chikkamagaluru PS,Robbery,13.584361,75.819377,05-08-2024,low,investigating
Mysuru,Nanjangud,Nanjangud Town PS,Drug Offense,12.536866,76.869031,18-01-2024,low,closed
Davangere,Davangere City,KTJ Nagar PS,Cybercrime,14.275267,75.901786,17-08-2023,low,open
Hubballi-Dharwad,Dharwad,Sub Urban PS,Land Dispute,15.564449,75.236985,28-05-2024,medium,open
Ramanagara,Ramanagara,Town PS,Mobile Theft,12.546361,77.110837,26-09-2023,high,investigating
Kalaburagi,Sedam,Rural PS,Vehicle Theft,17.314257,76.926466,28-02-2023,low,closed
Mandya,Mandya,Traffic PS,Murder,12.251702,77.143706,13-03-2023,low,investigating
Chamarajanagar,Chamarajanagar,Town PS,Burglary,11.681158,76.677127,09-12-2024,high,open
Udupi,Udupi,Manipal PS,Assault,13.142504,75.009985,18-09-2023,low,open
Koppal,Koppal City,Koppal PS,Burglary,15.194543,75.898973,02-07-2023,low,open
Uttara Kannada,Sirsi,Sirsi PS,Burglary,14.527824,74.440672,05-05-2024,low,closed
Kolar,Kolar,Town PS,Chain Snatching,13.054328,77.869024,14-03-2023,medium,closed
Kalaburagi,Jewargi,Yadrami PS,Chain Snatching,17.551946,77.122415,07-02-2023,low,investigating
Kalaburagi,Jewargi,Yadrami PS,Robbery,17.366649,76.912741,27-11-2024,low,open
Hassan,Sakleshpur,Rural PS,Vehicle Theft,12.886063,75.813647,24-06-2024,high,open
Kodagu,Somwarpet,Rural PS,Drug Offense,12.585661,75.873992,15-03-2023,low,closed
Shivamogga,Bhadravati,Old Town PS,Kidnapping,13.984316,75.526594,26-10-2023,low,closed
Ramanagara,Kanakapura,Town PS,Theft,12.739384,77.22834,15-05-2024,high,closed
Chikkaballapura,Bagepalli,Town PS,Drug Offense,13.366477,77.554048,20-06-2023,low,closed
Vijayapura,Indi,Rural PS,Fraud,17.004778,75.740492,05-12-2023,medium,investigating
Bengaluru Rural,Devanahalli,Vijayapura PS,Theft,13.369354,77.518107,27-07-2023,medium,investigating
Belagavi,Chikodi,Nippani PS,Burglary,15.597411,74.780085,17-08-2023,medium,investigating
Mangaluru,Ullal,Kotekar PS,Domestic Violence,12.89818,75.108568,17-12-2024,high,closed
Udupi,Udupi,Manipal PS,Theft,13.333364,74.767194,15-10-2024,medium,open
Bengaluru Urban,Whitefield,Kadugodi PS,Mobile Theft,13.222008,77.714864,28-03-2024,low,open
Davangere,Honnali,Honnali PS,Burglary,14.314029,75.79199,04-02-2024,low,closed
Mangaluru,Ullal,Kotekar PS,Land Dispute,13.071984,74.640836,27-05-2024,low,investigating
Bengaluru Rural,Nelamangala,Nelamangala PS,Robbery,13.315079,77.58337,15-08-2023,medium,open
Kolar,Bangarapet,Bangarapet PS,Theft,13.325098,78.131469,03-06-2024,high,closed
Dakshina Kannada,Bantwal,Bantwal PS,Vehicle Theft,13.112206,75.426555,20-02-2023,low,closed
Chitradurga,Hosadurga,Town PS,Domestic Violence,14.415764,76.249736,02-08-2024,medium,open
Kodagu,Somwarpet,Rural PS,Burglary,12.335918,76.054968,03-03-2024,low,closed
Ramanagara,Ramanagara,Traffic PS,Drug Offense,12.6003,77.56966,26-12-2024,medium,open
Vijayapura,Indi,Rural PS,Chain Snatching,16.53881,75.865143,13-11-2024,medium,open
Chikkaballapura,Bagepalli,Bagepalli PS,Mobile Theft,13.26102,77.922788,05-02-2023,low,investigating
Mandya,Maddur,Maddur PS,Robbery,12.338676,76.941852,04-11-2024,low,open
Chamarajanagar,Chamarajanagar,Traffic PS,Vehicle Theft,12.04677,77.183213,07-06-2023,medium,closed
Uttara Kannada,Sirsi,Sirsi PS,Domestic Violence,14.726594,74.855115,29-08-2024,low,investigating
Chikkamagaluru,Tarikere,Tarikere PS,Kidnapping,13.529055,75.745096,19-05-2024,medium,open
Raichur,Manvi,Rural PS,Land Dispute,15.929046,77.451838,11-10-2023,medium,closed
Hassan,Sakleshpur,Sakleshpur PS,Chain Snatching,12.93969,76.325203,27-06-2024,low,investigating
Haveri,Haveri,Town PS,Land Dispute,14.499969,75.350264,30-03-2024,low,investigating
Chikkaballapura,Sidlaghatta,Sidlaghatta PS,Land Dispute,13.264539,77.988274,17-06-2023,low,investigating
Bidar,Basavakalyan,Town PS,Vehicle Theft,18.193438,77.374751,07-04-2023,low,investigating
Bidar,Bhalki,Rural PS,Theft,17.716591,77.657875,04-11-2023,low,investigating
Chikkamagaluru,Chikkamagaluru City,Chikkamagaluru PS,Chain Snatching,13.039671,75.506938,06-12-2024,medium,investigating
Chamarajanagar,Kollegal,Town PS,Cybercrime,11.826156,77.134328,23-05-2024,high,open
Bidar,Bhalki,Town PS,Mobile Theft,17.642159,77.481104,05-09-2023,medium,investigating
Chamarajanagar,Gundlupet,Town PS,Burglary,11.637448,77.189886,13-07-2024,medium,investigating
Uttara Kannada,Sirsi,Sirsi PS,Fraud,14.718343,74.464054,13-03-2024,low,closed
Bidar,Bidar City,Bidar PS,Fraud,18.048412,77.306005,23-11-2023,medium,investigating
Belagavi,Belagavi City,Belagavi PS,Chain Snatching,15.842761,74.385393,05-06-2023,low,open
Tumakuru,Tiptur,Rural PS,Assault,13.321704,77.192806,06-08-2024,medium,open
Gadag,Mundargi,Town PS,Theft,15.20613,75.590313,22-03-2023,medium,open
Chikkaballapura,Sidlaghatta,Sidlaghatta PS,Vehicle Theft,13.413209,78.013692,27-08-2024,low,open
Chamarajanagar,Chamarajanagar,Traffic PS,Cybercrime,11.829283,76.67058,15-03-2023,high,investigating
Kolar,Malur,Malur PS,Kidnapping,13.036839,78.052459,07-02-2024,high,closed
Udupi,Karkala,Ajekar PS,Murder,13.262423,74.704715,26-03-2023,medium,investigating
Dakshina Kannada,Puttur,Traffic PS,Murder,12.64338,75.327499,16-09-2023,medium,open
Chamarajanagar,Kollegal,Rural PS,Fraud,11.719135,76.811437,05-04-2023,medium,investigating
Vijayapura,Vijayapura City,Traffic PS,Fraud,16.565808,75.631271,13-09-2023,high,open
Haveri,Ranebennur,Town PS,Theft,14.605416,75.157885,05-01-2023,medium,open
Kolar,Kolar,Kolar PS,Fraud,13.309698,77.891525,06-12-2023,medium,open
Kodagu,Madikeri,Traffic PS,Murder,12.554019,75.849152,10-08-2023,low,closed
Chamarajanagar,Gundlupet,Rural PS,Domestic Violence,12.024716,76.91769,11-07-2024,medium,investigating
Raichur,Sindhanur,Sindhanur PS,Land Dispute,16.193249,77.129301,16-04-2023,low,open
Udupi,Udupi,Udupi Town PS,Robbery,13.09057,74.764597,06-09-2024,low,investigating
Koppal,Kushtagi,Kushtagi PS,Drug Offense,15.348617,76.166147,05-10-2023,high,closed
Yadgir,Gurmitkal,Rural PS,Robbery,16.766353,77.367661,24-02-2024,low,investigating
Bengaluru Rural,Devanahalli,Vijayapura PS,Cybercrime,13.212015,77.518144,27-08-2023,low,investigating
Vijayapura,Sindagi,Sindagi PS,Cybercrime,17.047371,75.456787,22-08-2024,high,open
Kalaburagi,Kalaburagi City,Brahmapur PS,Vehicle Theft,17.446664,76.719767,08-03-2024,low,investigating
Mangaluru,Ullal,Konaje PS,Assault,12.874028,74.695331,08-12-2024,low,closed
Kolar,Kolar,Traffic PS,Theft,13.360705,77.995948,04-11-2023,low,open
Chamarajanagar,Gundlupet,Town PS,Chain Snatching,11.668341,76.901009,23-12-2023,low,closed
Yadgir,Shahapur,Town PS,Fraud,16.886418,77.421923,09-10-2023,low,open
Dakshina Kannada,Sullia,Sullia PS,Drug Offense,12.68117,75.102968,28-10-2024,medium,investigating
Tumakuru,Tumakuru City,Tumakuru PS,Drug Offense,13.537961,77.22803,11-10-2024,low,investigating
Gadag,Ron,Rural PS,Vehicle Theft,15.383035,75.666918,10-10-2024,medium,closed
Udupi,Karkala,Hebri PS,Drug Offense,13.045979,74.866038,23-08-2024,low,investigating
Raichur,Raichur City,Traffic PS,Assault,16.416576,77.524475,26-07-2023,medium,investigating
Dakshina Kannada,Sullia,Sullia PS,Vehicle Theft,12.548479,75.026969,27-05-2023,low,closed
Shivamogga,Shivamogga City,Doddapete PS,Vehicle Theft,13.892811,75.362772,15-04-2024,medium,closed
Haveri,Savanur,Savanur PS,Theft,15.050435,75.423756,29-10-2023,medium,closed
Chikkamagaluru,Tarikere,Rural PS,Domestic Violence,13.133584,75.940362,25-03-2024,low,closed
Yadgir,Shahapur,Town PS,Kidnapping,16.9999,76.988021,23-06-2023,low,investigating
Hubballi-Dharwad,Navanagar,Rural PS,Vehicle Theft,15.485553,75.02572,02-10-2023,medium,closed
Tumakuru,Tumakuru City,Traffic PS,Land Dispute,13.195511,77.300374,02-05-2024,low,open
Gadag,Ron,Ron PS,Mobile Theft,15.122069,75.880098,13-11-2023,medium,closed
Mysuru,Mysuru City,Devaraja PS,Drug Offense,12.152349,76.801422,21-09-2024,medium,open
Hassan,Arsikere,Town PS,Drug Offense,13.014134,76.077003,11-08-2024,low,investigating
Chikkaballapura,Chikkaballapura,Traffic PS,Murder,13.19669,77.702755,11-03-2023,low,investigating
Dakshina Kannada,Puttur,Traffic PS,Vehicle Theft,13.119983,75.348335,09-12-2023,low,closed
Ballari,Hospet,Hospet Town PS,Robbery,15.413487,76.848111,15-12-2023,low,investigating
Kolar,Kolar,Kolar PS,Burglary,13.256939,78.02904,28-10-2024,high,closed
Davangere,Davangere City,Traffic PS,Land Dispute,14.678258,75.724052,14-09-2024,low,investigating
Ramanagara,Magadi,Magadi PS,Cybercrime,12.467218,77.449232,01-01-2023,low,open
Tumakuru,Madhugiri,Madhugiri PS,Kidnapping,13.171563,76.847278,31-08-2023,low,investigating
Ramanagara,Ramanagara,Ramanagara PS,Robbery,12.692618,77.016054,02-11-2024,medium,open
Yadgir,Shahapur,Town PS,Robbery,16.656077,77.351791,03-11-2023,low,closed
Hassan,Arsikere,Town PS,Cybercrime,12.884081,76.072789,11-05-2024,medium,closed
Bengaluru Rural,Nelamangala,Nelamangala PS,Theft,13.041554,77.270836,12-09-2024,low,open
Haveri,Savanur,Rural PS,Fraud,14.587301,75.634461,30-06-2023,low,investigating
Ramanagara,Kanakapura,Kanakapura PS,Theft,12.944739,77.576208,07-04-2024,low,investigating
Ballari,Ballari City,Ballari PS,Robbery,15.115028,77.204975,10-12-2023,high,open
Hubballi-Dharwad,Navanagar,Navanagar PS,Land Dispute,15.227018,74.935477,09-07-2024,low,investigating
Mandya,Mandya,Mandya PS,Kidnapping,12.346977,77.059262,02-02-2023,medium,closed
Mangaluru,Ullal,Kotekar PS,Robbery,13.031015,74.832887,26-03-2023,low,investigating
Koppal,Gangavathi,Rural PS,Assault,15.424436,76.166328,03-01-2024,low,investigating
Mysuru,Mysuru City,Nazarbad PS,Robbery,12.59242,76.420822,19-01-2023,medium,investigating
Kodagu,Virajpet,Town PS,Kidnapping,12.308924,75.809425,18-10-2023,low,closed
Bengaluru Urban,Koramangala,HSR Layout PS,Theft,13.100777,77.406387,08-12-2023,medium,open
Mandya,Mandya,Mandya PS,Cybercrime,12.592554,76.723749,20-04-2024,low,closed
Udupi,Karkala,Hebri PS,Fraud,13.088183,74.606579,15-05-2023,high,investigating
Raichur,Sindhanur,Sindhanur PS,Fraud,16.438877,77.576603,18-02-2023,medium,investigating
Haveri,Savanur,Town PS,Drug Offense,14.71808,75.61348,22-02-2023,high,open
Ballari,Sandur,Rural PS,Chain Snatching,15.270947,77.107308,04-02-2024,low,closed
Mangaluru,Ullal,Kotekar PS,Land Dispute,12.630507,74.82108,06-06-2023,medium,investigating
Raichur,Manvi,Town PS,Cybercrime,16.218659,77.305579,01-09-2023,low,open
Chamarajanagar,Chamarajanagar,Town PS,Drug Offense,11.738855,77.176299,31-05-2023,low,closed
Raichur,Raichur City,Traffic PS,Mobile Theft,16.504526,77.277363,30-01-2023,medium,open
Mangaluru,Mangaluru,Pandeshwar PS,Mobile Theft,12.935322,74.927808,26-04-2024,low,closed
Chitradurga,Hosadurga,Hosadurga PS,Drug Offense,14.436192,76.301553,22-05-2023,medium,open
Chikkamagaluru,Tarikere,Tarikere PS,Burglary,13.29376,75.924614,29-04-2024,low,closed
Yadgir,Shahapur,Shahapur PS,Burglary,17.051613,77.422612,10-07-2023,low,open
Koppal,Gangavathi,Town PS,Burglary,15.624084,76.442943,04-09-2023,high,open
Kolar,Bangarapet,Bangarapet PS,Assault,12.85174,77.840278,23-02-2023,low,open
Chikkaballapura,Sidlaghatta,Sidlaghatta PS,Chain Snatching,13.270064,77.770451,28-09-2023,low,open
Bengaluru Urban,Yelahanka,Yelahanka New Town PS,Vehicle Theft,13.071809,77.696344,16-03-2023,medium,closed
Udupi,Karkala,Karkala PS,Mobile Theft,13.128789,74.946823,11-08-2023,low,open
Tumakuru,Tumakuru City,New Extension PS,Chain Snatching,13.408702,77.004648,30-10-2024,low,investigating
Dakshina Kannada,Sullia,Rural PS,Robbery,13.047683,75.226883,07-01-2023,medium,investigating
Yadgir,Shahapur,Town PS,Kidnapping,16.793807,77.008852,04-11-2023,low,closed
Dakshina Kannada,Bantwal,Rural PS,Mobile Theft,12.970097,75.472368,11-09-2024,low,open
Chikkamagaluru,Chikkamagaluru City,Town PS,Vehicle Theft,13.338471,75.743828,10-06-2024,low,closed
Yadgir,Gurmitkal,Rural PS,Domestic Violence,16.908084,77.074835,03-11-2024,low,investigating
Udupi,Udupi,Udupi Town PS,Murder,13.436342,74.955584,06-02-2023,low,investigating
Chitradurga,Chitradurga,Chitradurga PS,Murder,14.356069,76.633152,12-02-2024,low,closed
Raichur,Raichur City,Traffic PS,Vehicle Theft,16.388301,77.37313,15-12-2023,medium,investigating
Mangaluru,Ullal,Ullal PS,Assault,12.963113,75.082099,12-02-2024,low,closed
Koppal,Kushtagi,Town PS,Kidnapping,15.390805,76.079665,25-08-2023,low,open
Udupi,Kundapura,Byndoor PS,Drug Offense,13.48827,74.854495,11-05-2024,high,closed
Bengaluru Urban,Yelahanka,Yelahanka New Town PS,Fraud,13.0758,77.622262,10-04-2023,medium,open
Koppal,Gangavathi,Town PS,Domestic Violence,15.168632,76.034374,16-10-2023,medium,open
Gadag,Mundargi,Mundargi PS,Murder,15.465847,75.700694,20-07-2023,low,open
Ramanagara,Magadi,Magadi PS,Land Dispute,12.929241,77.183434,30-04-2024,medium,investigating
Haveri,Ranebennur,Town PS,Land Dispute,14.920403,75.263103,01-03-2024,low,closed
Ramanagara,Kanakapura,Rural PS,Robbery,12.882079,77.061976,14-12-2024,medium,closed
Bengaluru Urban,Whitefield,Whitefield PS,Murder,13.132318,77.439328,13-08-2024,medium,investigating
Mangaluru,Ullal,Kotekar PS,Fraud,12.962149,74.924869,01-04-2024,low,open
Ballari,Sandur,Sandur PS,Burglary,15.15447,77.102581,09-10-2023,high,investigating
Kalaburagi,Sedam,Rural PS,Domestic Violence,17.186528,77.082545,25-09-2024,medium,closed
Bengaluru Urban,Koramangala,Madiwala PS,Vehicle Theft,13.168235,77.367622,26-02-2024,medium,closed
Bengaluru Urban,Whitefield,Whitefield PS,Kidnapping,12.729955,77.779074,20-09-2023,high,closed
Vijayapura,Indi,Rural PS,Chain Snatching,16.682508,75.520945,01-07-2023,medium,open
Mangaluru,Ullal,Ullal PS,Fraud,12.745936,74.648351,20-12-2024,low,closed
Kalaburagi,Kalaburagi City,Station Bazaar PS,Robbery,17.172338,76.850952,29-09-2024,low,closed
Mysuru,Mysuru City,Lakshmipuram PS,Robbery,12.558506,76.595023,31-03-2024,low,closed
Bengaluru Urban,Koramangala,Koramangala PS,Cybercrime,13.149071,77.87899,11-04-2024,low,investigating
Hassan,Sakleshpur,Sakleshpur PS,Theft,12.886968,76.231688,01-09-2024,high,closed
Yadgir,Gurmitkal,Gurmitkal PS,Mobile Theft,16.561414,77.120955,12-03-2023,low,open
Vijayapura,Sindagi,Rural PS,Cybercrime,16.952611,75.847283,27-06-2024,high,investigating
Raichur,Raichur City,Traffic PS,Robbery,16.079252,77.07674,23-04-2023,low,closed
Mandya,Maddur,Maddur PS,Fraud,12.70757,76.992383,17-09-2023,low,open
Udupi,Udupi,Malpe PS,Domestic Violence,13.086202,74.917986,19-05-2024,medium,open
Davangere,Honnali,Rural PS,Fraud,14.556455,75.789743,10-03-2023,low,investigating
Bidar,Bhalki,Rural PS,Robbery,17.782718,77.225554,12-04-2024,medium,investigating
Kolar,Bangarapet,Town PS,Mobile Theft,13.205525,78.427678,27-09-2023,low,open
Ramanagara,Kanakapura,Kanakapura PS,Kidnapping,12.594733,77.287819,26-11-2023,medium,open
Chamarajanagar,Gundlupet,Town PS,Cybercrime,11.891243,77.001464,09-02-2023,low,open
Chikkamagaluru,Chikkamagaluru City,Traffic PS,Robbery,13.145215,75.793002,22-10-2024,low,investigating
Ramanagara,Magadi,Town PS,Kidnapping,12.600443,77.211064,12-10-2023,medium,open
Ballari,Sandur,Sandur PS,Fraud,14.976486,76.761473,10-06-2023,medium,investigating
Bengaluru Urban,Yelahanka,Yelahanka PS,Mobile Theft,12.823384,77.829933,07-03-2023,low,open
Bengaluru Urban,Koramangala,HSR Layout PS,Assault,12.94059,77.88031,20-02-2023,low,closed
Uttara Kannada,Sirsi,Sirsi PS,Kidnapping,14.844137,74.958552,27-12-2023,low,open
Shivamogga,Sagara,Sagara PS,Theft,13.671799,75.50313,16-03-2023,medium,open
Shivamogga,Sagara,Sagara PS,Assault,13.787383,75.862993,10-08-2024,medium,open
Chitradurga,Hosadurga,Rural PS,Murder,14.432461,76.497954,28-04-2024,low,closed
Davangere,Harihar,Town PS,Vehicle Theft,14.527364,75.665605,08-05-2023,high,open
Hubballi-Dharwad,Dharwad,Sub Urban PS,Assault,15.28764,74.959931,16-10-2023,high,open
Shivamogga,Shivamogga City,Vinobanagar PS,Robbery,13.802369,75.527978,01-12-2023,low,open
Mangaluru,Mangaluru,Pandeshwar PS,Theft,12.900266,74.729966,28-04-2024,medium,open
Chitradurga,Hosadurga,Town PS,Kidnapping,14.507381,76.171012,04-04-2023,low,investigating
Gadag,Ron,Ron PS,Land Dispute,15.22625,75.725665,30-04-2024,low,open
Vijayapura,Indi,Indi PS,Vehicle Theft,17.01145,75.496002,01-12-2024,medium,closed
Hassan,Arsikere,Town PS,Land Dispute,13.256073,76.064909,12-01-2024,high,investigating
Hubballi-Dharwad,Navanagar,Town PS,Kidnapping,15.414773,74.912541,18-04-2024,medium,open
Tumakuru,Tumakuru City,New Extension PS,Drug Offense,13.482158,77.157334,04-01-2024,medium,investigating
Udupi,Udupi,Manipal PS,Theft,13.376926,74.963886,13-08-2024,medium,open
Chamarajanagar,Gundlupet,Gundlupet PS,Burglary,12.158394,76.713924,10-12-2024,low,open
Dakshina Kannada,Sullia,Town PS,Robbery,12.685358,75.51465,26-11-2024,low,investigating
Haveri,Savanur,Rural PS,Theft,14.637487,75.353588,17-08-2023,low,open
Bengaluru Rural,Nelamangala,Traffic PS,Theft,13.118653,77.444282,16-12-2024,medium,investigating
Vijayapura,Sindagi,Sindagi PS,Drug Offense,16.906089,75.438971,07-07-2023,medium,closed
Mandya,Maddur,Rural PS,Chain Snatching,12.799437,76.647133,22-03-2023,medium,closed
Bengaluru Urban,Koramangala,HSR Layout PS,Vehicle Theft,12.953386,77.547461,26-01-2023,medium,open
Ramanagara,Magadi,Town PS,Kidnapping,12.858073,77.270963,27-11-2023,medium,open
Ramanagara,Kanakapura,Rural PS,Chain Snatching,12.434859,77.034779,10-12-2023,high,investigating
Gadag,Gadag,Gadag Town PS,Assault,15.553659,75.50235,03-02-2024,low,open
Belagavi,Belagavi City,Belagavi PS,Robbery,16.005078,74.621689,04-02-2024,medium,open
Shivamogga,Shivamogga City,Traffic PS,Kidnapping,13.959731,75.640897,02-06-2023,medium,closed
Udupi,Karkala,Ajekar PS,Land Dispute,13.33824,74.581756,14-04-2023,medium,investigating
Bengaluru Urban,Whitefield,Kadugodi PS,Robbery,13.141476,77.474904,03-03-2023,low,closed
Kodagu,Madikeri,Traffic PS,Chain Snatching,12.105879,75.957357,09-05-2023,high,open
Dakshina Kannada,Bantwal,Rural PS,Land Dispute,12.559685,75.057141,28-02-2023,medium,investigating
Yadgir,Gurmitkal,Town PS,Theft,16.830742,76.957346,11-09-2024,low,investigating
Tumakuru,Tiptur,Town PS,Murder,13.198444,76.95689,06-10-2023,low,closed
Chitradurga,Hosadurga,Town PS,Burglary,14.110787,76.590657,22-03-2023,high,investigating
Chikkaballapura,Sidlaghatta,Rural PS,Robbery,13.228243,77.596578,08-09-2023,medium,open
Ramanagara,Magadi,Magadi PS,Kidnapping,12.958029,77.127311,08-09-2024,medium,investigating
Davangere,Davangere City,KTJ Nagar PS,Drug Offense,14.171333,75.941135,02-06-2024,low,open
Mysuru,Mysuru City,Lakshmipuram PS,Assault,12.088291,76.530391,27-04-2024,low,closed
Belagavi,Gokak,Gokak Town PS,Vehicle Theft,15.942647,74.698738,09-09-2024,medium,open
Kalaburagi,Sedam,Town PS,Theft,17.615017,76.790335,03-10-2024,low,investigating
Dakshina Kannada,Sullia,Sullia PS,Chain Snatching,12.641081,75.054485,12-07-2024,high,closed
Belagavi,Belagavi City,Tilakwadi PS,Burglary,15.938013,74.443128,10-07-2023,high,closed
Chamarajanagar,Kollegal,Rural PS,Chain Snatching,12.019191,76.933166,25-07-2024,low,open
Kolar,Malur,Malur PS,Theft,13.0169,78.142029,16-10-2024,medium,closed
Shivamogga,Sagara,Anandapura PS,Assault,13.805297,75.513308,08-01-2024,medium,closed
Kalaburagi,Jewargi,Jewargi PS,Chain Snatching,17.343657,76.838141,27-03-2023,low,open
Udupi,Kundapura,Gangolli PS,Murder,13.159338,74.973088,25-03-2024,low,closed
Chikkamagaluru,Kadur,Town PS,Land Dispute,13.134291,75.756398,30-12-2023,medium,closed
Hassan,Sakleshpur,Rural PS,Domestic Violence,12.847325,75.984779,28-05-2023,high,investigating
Uttara Kannada,Sirsi,Rural PS,Domestic Violence,14.644175,74.647318,06-01-2023,low,open
Bidar,Bidar City,New Town PS,Land Dispute,17.922282,77.725664,29-09-2024,low,investigating
Udupi,Kundapura,Byndoor PS,Vehicle Theft,13.220878,74.991777,26-05-2023,low,investigating
Hassan,Hassan City,Extension PS,Assault,13.025244,76.268283,30-04-2024,low,closed
Chitradurga,Chitradurga,Traffic PS,Theft,14.278319,76.578356,26-12-2024,low,closed
Koppal,Kushtagi,Kushtagi PS,Vehicle Theft,15.132838,76.188043,11-07-2023,low,open
Hassan,Sakleshpur,Rural PS,Murder,13.071467,75.868251,27-02-2024,medium,investigating
Kodagu,Somwarpet,Kushalnagar PS,Land Dispute,12.441085,75.960115,26-08-2024,low,closed
Chamarajanagar,Gundlupet,Rural PS,Drug Offense,12.021333,76.940128,19-05-2024,medium,investigating
Ballari,Sandur,Sandur PS,Assault,14.990465,77.116024,06-10-2024,low,open
Ballari,Hospet,Rural PS,Theft,15.143208,76.890918,22-08-2024,low,open
Mandya,Maddur,Town PS,Drug Offense,12.726084,76.623558,07-07-2024,medium,open
Koppal,Koppal City,Koppal PS,Theft,15.314856,76.106586,12-09-2024,high,investigating
Chamarajanagar,Gundlupet,Town PS,Vehicle Theft,11.867711,77.070627,05-12-2024,low,open
Tumakuru,Tumakuru City,Traffic PS,Mobile Theft,13.518186,77.01806,18-05-2023,low,closed
Dakshina Kannada,Sullia,Town PS,Land Dispute,12.583963,74.959037,14-12-2024,low,open
Ballari,Hospet,Traffic PS,Robbery,15.314884,77.202945,13-11-2023,medium,closed
Mangaluru,Surathkal,Mulki PS,Cybercrime,13.095709,74.861921,10-09-2024,high,closed
Ballari,Ballari City,Cowl Bazaar PS,Burglary,15.318718,77.170741,26-03-2024,medium,investigating
Mandya,Mandya,Mandya PS,Domestic Violence,12.365076,76.859983,25-12-2023,low,open
Ramanagara,Kanakapura,Town PS,Mobile Theft,12.678174,77.208166,07-04-2023,high,open
Raichur,Manvi,Town PS,Kidnapping,16.347505,77.058474,21-02-2023,medium,investigating
Mysuru,Mysuru City,Lakshmipuram PS,Burglary,12.07717,76.408587,24-09-2023,low,closed
Vijayapura,Indi,Rural PS,Drug Offense,16.822484,75.473025,23-08-2023,medium,investigating
Bengaluru Rural,Doddaballapura,Rural PS,Mobile Theft,13.177327,77.414175,05-01-2023,low,closed
Chitradurga,Hiriyur,Hiriyur PS,Vehicle Theft,14.282323,76.477822,10-06-2024,low,open
Hubballi-Dharwad,Dharwad,Traffic PS,Chain Snatching,15.198239,74.938104,28-01-2023,high,open
Vijayapura,Indi,Town PS,Robbery,17.072873,75.451977,27-09-2023,high,investigating
Mysuru,Nanjangud,Nanjangud Town PS,Fraud,12.339772,76.437943,30-04-2024,low,open
Tumakuru,Tiptur,Town PS,Vehicle Theft,13.110306,76.998806,14-02-2024,low,investigating
Belagavi,Chikodi,Nippani PS,Fraud,15.892039,74.645279,24-11-2024,high,investigating
Hubballi-Dharwad,Navanagar,Town PS,Domestic Violence,15.278133,75.195533,20-11-2023,medium,open
Mandya,Maddur,Maddur PS,Land Dispute,12.420445,76.757691,09-10-2024,high,investigating
Kodagu,Virajpet,Rural PS,Land Dispute,12.074076,76.097005,27-06-2023,medium,closed
Mangaluru,Mangaluru,Pandeshwar PS,Drug Offense,13.199,74.886847,01-09-2023,medium,closed
Ramanagara,Kanakapura,Kanakapura PS,Burglary,12.623759,77.109475,20-03-2023,high,closed
Vijayapura,Vijayapura City,Traffic PS,Domestic Violence,16.688639,75.967693,03-05-2024,low,open
Bengaluru Urban,Koramangala,Madiwala PS,Land Dispute,12.921401,77.339843,02-02-2024,low,investigating
Tumakuru,Madhugiri,Rural PS,Land Dispute,13.408541,77.223762,16-11-2024,low,closed
Yadgir,Gurmitkal,Rural PS,Mobile Theft,17.05299,77.093754,02-01-2024,low,open
Bengaluru Urban,Whitefield,Whitefield PS,Robbery,12.964597,77.739961,18-11-2024,medium,closed
Shivamogga,Shivamogga City,Vinobanagar PS,Mobile Theft,13.797285,75.831483,01-12-2023,medium,closed
Mandya,Srirangapatna,Srirangapatna PS,Mobile Theft,12.325423,76.787533,29-05-2023,medium,closed
Bidar,Basavakalyan,Basavakalyan PS,Vehicle Theft,18.191522,77.40671,28-05-2023,low,open
Kalaburagi,Kalaburagi City,Brahmapur PS,Vehicle Theft,17.273543,76.803533,14-09-2023,high,open
Tumakuru,Tumakuru City,Tumakuru PS,Drug Offense,13.508274,77.099988,11-07-2023,medium,closed
Ramanagara,Kanakapura,Rural PS,Fraud,12.736644,77.112376,06-08-2024,low,open
Uttara Kannada,Bhatkal,Town PS,Mobile Theft,14.872555,74.539888,15-12-2024,low,open
Gadag,Gadag,Betageri PS,Chain Snatching,15.503735,75.928012,11-03-2024,low,investigating
Ramanagara,Kanakapura,Town PS,Assault,12.596722,77.147051,29-10-2023,low,closed
Kalaburagi,Kalaburagi City,University PS,Robbery,17.185365,76.74197,03-05-2023,medium,investigating
Kolar,Kolar,Town PS,Drug Offense,13.352189,77.864443,27-08-2023,low,open
Bengaluru Urban,Whitefield,Kadugodi PS,Assault,12.975982,77.479745,06-04-2023,medium,open
Yadgir,Yadgir City,Yadgir PS,Chain Snatching,16.681644,77.24731,28-11-2024,low,investigating
Udupi,Kundapura,Kundapura PS,Robbery,13.061202,74.978053,05-04-2023,low,closed
Haveri,Ranebennur,Town PS,Drug Offense,14.97842,75.11706,18-01-2024,high,closed
Chitradurga,Hosadurga,Rural PS,Assault,14.28126,76.25014,15-05-2024,high,open
Tumakuru,Madhugiri,Town PS,Burglary,13.038405,77.360945,27-05-2023,medium,closed
Kodagu,Virajpet,Town PS,Theft,12.2023,75.636201,15-01-2024,low,closed
Mangaluru,Mangaluru,Mangaluru South PS,Vehicle Theft,13.049756,74.558416,13-05-2024,low,investigating
Tumakuru,Tiptur,Rural PS,Theft,13.130636,77.285322,04-01-2024,medium,investigating
Bengaluru Urban,Koramangala,Madiwala PS,Kidnapping,13.157878,77.530842,15-04-2023,medium,investigating
Davangere,Harihar,Harihar PS,Murder,14.204394,76.134639,03-10-2024,low,open
Bengaluru Urban,Koramangala,Madiwala PS,Assault,13.163314,77.384224,12-03-2024,high,closed
Ramanagara,Magadi,Rural PS,Vehicle Theft,12.990279,77.063495,26-12-2023,low,open
Mangaluru,Mangaluru,Pandeshwar PS,Domestic Violence,13.095899,75.114477,18-03-2024,low,investigating
Belagavi,Gokak,Rural PS,Burglary,16.095969,74.771169,22-05-2023,low,open
Chamarajanagar,Kollegal,Kollegal PS,Mobile Theft,12.057166,76.753415,02-10-2023,high,open
Tumakuru,Tumakuru City,Tumakuru PS,Theft,13.637571,77.100125,17-04-2023,medium,investigating
Bengaluru Urban,Yelahanka,Yelahanka New Town PS,Land Dispute,12.717451,77.419714,19-10-2024,medium,closed
Vijayapura,Indi,Town PS,Fraud,16.686982,75.938267,08-10-2024,low,open
Mandya,Srirangapatna,Rural PS,Kidnapping,12.291808,76.908722,28-12-2023,medium,open
Haveri,Haveri,Traffic PS,Fraud,15.018049,75.627306,27-06-2024,low,investigating
Chikkaballapura,Sidlaghatta,Sidlaghatta PS,Kidnapping,13.383785,77.982671,02-04-2024,low,open
Shivamogga,Shivamogga City,Vinobanagar PS,Drug Offense,14.116089,75.387011,20-09-2023,medium,open
Udupi,Karkala,Karkala PS,Assault,13.488585,75.028106,04-02-2023,medium,open
Kolar,Bangarapet,Town PS,Assault,13.222863,78.038252,03-05-2024,low,closed
Hassan,Arsikere,Arsikere PS,Mobile Theft,13.122542,75.946387,24-12-2023,low,investigating
Bengaluru Rural,Doddaballapura,Town PS,Drug Offense,13.433143,77.417118,07-10-2024,low,closed
Dakshina Kannada,Bantwal,Bantwal PS,Kidnapping,12.587657,75.199757,30-12-2024,medium,closed
Yadgir,Shahapur,Town PS,Theft,16.861386,77.001747,25-09-2023,low,closed
Mysuru,Nanjangud,Traffic PS,Mobile Theft,12.32814,76.792433,05-02-2023,high,closed
Hassan,Arsikere,Town PS,Theft,12.894757,76.237066,04-05-2024,low,investigating
Kodagu,Somwarpet,Somwarpet PS,Theft,12.507292,75.789603,23-11-2024,medium,investigating
Shivamogga,Sagara,Rural PS,Chain Snatching,13.692918,75.76743,13-12-2023,medium,open
Ballari,Ballari City,Brucepet PS,Theft,15.375738,77.11413,19-05-2023,low,closed
Hubballi-Dharwad,Navanagar,Town PS,Vehicle Theft,15.43144,75.292838,17-04-2023,medium,closed
Hassan,Hassan City,Extension PS,Chain Snatching,13.118738,76.097885,26-02-2024,low,investigating
Chamarajanagar,Chamarajanagar,Traffic PS,Assault,11.97861,77.110312,17-05-2023,medium,closed
Bengaluru Rural,Devanahalli,Devanahalli PS,Assault,13.109554,77.6459,15-08-2024,medium,closed
Mangaluru,Ullal,Konaje PS,Cybercrime,13.082443,74.614754,20-09-2023,medium,investigating
Tumakuru,Tumakuru City,Tumakuru PS,Mobile Theft,13.34722,77.30079,27-07-2024,low,closed
Yadgir,Gurmitkal,Gurmitkal PS,Mobile Theft,16.640327,77.343004,24-08-2023,medium,closed
Mangaluru,Mangaluru,Mangaluru South PS,Theft,13.170839,74.596871,26-06-2023,low,closed
Mysuru,Hunsur,Rural PS,Murder,12.395999,76.702079,26-09-2024,low,investigating
Bengaluru Urban,Yelahanka,Attur PS,Theft,13.182173,77.875492,26-10-2024,medium,investigating
Kolar,Malur,Rural PS,Vehicle Theft,12.956563,78.084518,07-05-2024,low,closed
Yadgir,Gurmitkal,Rural PS,Domestic Violence,16.860217,76.912732,15-02-2024,low,open
Ramanagara,Ramanagara,Ramanagara PS,Cybercrime,12.596503,77.067638,15-10-2024,low,closed
Ballari,Ballari City,Ballari PS,Drug Offense,14.956532,76.755537,11-04-2023,medium,investigating
Kolar,Bangarapet,Rural PS,Burglary,13.037597,78.153112,27-11-2023,high,closed
Udupi,Udupi,Udupi Town PS,Land Dispute,13.486046,74.603549,19-09-2024,low,open
Chikkamagaluru,Tarikere,Tarikere PS,Fraud,13.22624,75.871589,25-06-2024,medium,open
Hassan,Hassan City,Extension PS,Domestic Violence,13.138035,76.169118,19-12-2024,low,investigating
Yadgir,Gurmitkal,Gurmitkal PS,Assault,16.648192,76.83864,24-02-2024,medium,closed
Shivamogga,Sagara,Sagara PS,Domestic Violence,13.816266,75.801567,31-03-2023,high,investigating
Belagavi,Belagavi City,Tilakwadi PS,Theft,15.749006,74.235576,27-05-2024,low,open
Hubballi-Dharwad,Dharwad,Traffic PS,Vehicle Theft,15.427634,75.045046,16-02-2024,low,closed
Bengaluru Urban,Koramangala,Madiwala PS,Cybercrime,12.888881,77.837361,24-08-2024,high,investigating
Bengaluru Rural,Doddaballapura,Doddaballapura PS,Murder,13.199003,77.561252,09-06-2024,low,closed
Belagavi,Belagavi City,Market PS,Burglary,16.047982,74.682537,26-11-2024,medium,investigating
Chamarajanagar,Gundlupet,Rural PS,Burglary,12.059779,77.073239,09-03-2024,low,closed
Kodagu,Somwarpet,Somwarpet PS,Kidnapping,12.44252,75.775288,27-11-2024,high,investigating
Mandya,Maddur,Rural PS,Theft,12.621743,76.816574,08-01-2023,high,investigating
Raichur,Manvi,Manvi PS,Chain Snatching,15.941062,77.216357,11-06-2024,low,open
Gadag,Gadag,Betageri PS,Kidnapping,15.51756,75.607594,06-06-2024,low,open
Haveri,Ranebennur,Town PS,Land Dispute,14.865521,75.21524,21-08-2024,high,investigating
Kodagu,Madikeri,Rural PS,Assault,12.150757,75.819823,03-02-2023,low,open
Mandya,Mandya,Town PS,Theft,12.354578,77.028611,14-10-2023,low,open
Udupi,Karkala,Karkala PS,Kidnapping,13.049423,74.70558,19-12-2024,medium,investigating
Dakshina Kannada,Puttur,Town PS,Drug Offense,12.715984,75.111802,02-11-2024,low,open
Belagavi,Chikodi,Chikodi PS,Land Dispute,16.043585,74.654764,18-08-2024,medium,open
Belagavi,Chikodi,Nippani PS,Robbery,16.032438,74.219951,11-06-2024,low,open
Kolar,Bangarapet,Rural PS,Robbery,13.31516,77.885167,22-06-2024,low,investigating
Uttara Kannada,Sirsi,Town PS,Chain Snatching,14.514834,74.917283,28-05-2023,low,closed
Kodagu,Somwarpet,Rural PS,Fraud,12.583011,75.73941,11-07-2024,high,open
Chamarajanagar,Chamarajanagar,Chamarajanagar PS,Chain Snatching,11.636561,77.200048,25-03-2024,low,closed
Vijayapura,Indi,Rural PS,Domestic Violence,16.61964,75.535783,11-04-2024,medium,investigating
Davangere,Honnali,Honnali PS,Burglary,14.656733,75.781769,13-07-2024,medium,investigating
Davangere,Harihar,Harihar PS,Chain Snatching,14.332246,75.772568,02-10-2024,low,closed
Chitradurga,Hiriyur,Rural PS,Burglary,13.962267,76.386663,12-11-2023,low,closed
Mysuru,Nanjangud,Rural PS,Assault,12.563321,76.454181,30-08-2023,high,open
Hassan,Hassan City,Traffic PS,Fraud,13.046822,76.00777,17-06-2023,medium,closed
Koppal,Koppal City,Traffic PS,Chain Snatching,15.492174,76.443045,30-07-2023,medium,open
Uttara Kannada,Bhatkal,Bhatkal PS,Robbery,14.702141,74.674426,04-06-2024,medium,open
Kolar,Kolar,Town PS,Mobile Theft,13.034038,78.25521,10-03-2023,medium,investigating
Mangaluru,Ullal,Konaje PS,Mobile Theft,12.77856,74.604256,08-06-2023,high,investigating
Shivamogga,Bhadravati,Paper Town PS,Assault,14.2036,75.59373,13-06-2023,low,closed
Chikkamagaluru,Tarikere,Tarikere PS,Mobile Theft,13.608835,75.807543,11-04-2024,medium,investigating
Chitradurga,Hosadurga,Town PS,Mobile Theft,14.040744,76.317343,17-12-2024,medium,investigating
Ramanagara,Magadi,Rural PS,Assault,12.895563,77.529373,29-03-2024,low,open
Mandya,Srirangapatna,Srirangapatna PS,Chain Snatching,12.556317,77.165086,29-07-2023,low,closed
Mandya,Srirangapatna,Srirangapatna PS,Cybercrime,12.656729,77.1052,17-12-2024,low,closed
Mysuru,Mysuru City,Nazarbad PS,Murder,12.455209,76.390192,07-12-2023,medium,closed
Davangere,Davangere City,Traffic PS,Cybercrime,14.738682,75.903424,19-05-2024,high,investigating
Bengaluru Urban,Whitefield,Kadugodi PS,Land Dispute,12.898511,77.406168,21-12-2023,high,closed
Bidar,Bhalki,Town PS,Cybercrime,17.730457,77.671185,24-01-2023,low,closed
Ramanagara,Magadi,Magadi PS,Vehicle Theft,12.880839,77.442916,23-03-2024,medium,open
Koppal,Kushtagi,Rural PS,Land Dispute,15.207257,76.048576,28-08-2024,low,open
Udupi,Karkala,Karkala PS,Murder,13.496311,74.697499,15-09-2024,medium,investigating
Dakshina Kannada,Bantwal,Bantwal PS,Domestic Violence,12.909979,75.057456,21-08-2024,low,investigating
Kolar,Malur,Rural PS,Murder,12.992251,77.857311,15-10-2023,low,investigating
Ramanagara,Magadi,Magadi PS,Vehicle Theft,12.970837,77.323982,27-06-2023,medium,investigating
Vijayapura,Sindagi,Sindagi PS,Murder,16.985046,75.946353,21-01-2023,low,investigating
Chitradurga,Hosadurga,Hosadurga PS,Theft,14.0677,76.412228,09-04-2023,medium,investigating
Uttara Kannada,Bhatkal,Rural PS,Fraud,14.807922,74.603519,27-09-2023,medium,investigating
Davangere,Davangere City,KTJ Nagar PS,Theft,14.413865,75.971143,12-08-2023,low,closed
Davangere,Honnali,Rural PS,Domestic Violence,14.461506,75.685084,06-12-2024,low,closed
Kolar,Kolar,Town PS,Kidnapping,12.945502,77.984858,27-11-2024,medium,open
Uttara Kannada,Bhatkal,Bhatkal PS,Cybercrime,15.080465,74.798634,14-01-2024,low,closed
Hassan,Arsikere,Rural PS,Drug Offense,12.955457,76.327346,24-11-2023,high,closed
Uttara Kannada,Sirsi,Rural PS,Fraud,14.584259,74.736986,13-04-2023,low,open
Mysuru,Mysuru City,Lakshmipuram PS,Robbery,12.242164,76.482965,15-05-2024,low,open
Chikkamagaluru,Tarikere,Lakkavalli PS,Domestic Violence,13.42356,75.835444,15-02-2024,low,closed
Raichur,Sindhanur,Rural PS,Vehicle Theft,16.008315,77.195689,27-01-2024,low,investigating
Chitradurga,Hiriyur,Hiriyur PS,Chain Snatching,14.448953,76.215469,27-03-2024,medium,open
Uttara Kannada,Karwar,Traffic PS,Assault,14.806678,74.60772,02-05-2023,low,open
Uttara Kannada,Bhatkal,Rural PS,Drug Offense,15.028536,74.483534,13-01-2024,low,investigating
Davangere,Davangere City,KTJ Nagar PS,Drug Offense,14.605515,76.137025,21-11-2023,low,closed
Udupi,Udupi,Malpe PS,Assault,13.05093,74.691019,21-12-2024,medium,closed
Chamarajanagar,Kollegal,Kollegal PS,Kidnapping,11.873685,77.021134,28-10-2024,low,investigating
Dakshina Kannada,Puttur,Town PS,Assault,12.595989,75.482315,19-07-2023,high,open
Ramanagara,Kanakapura,Kanakapura PS,Cybercrime,12.450968,77.011594,11-12-2024,high,closed
Bidar,Bhalki,Rural PS,Land Dispute,17.831865,77.809647,12-09-2023,low,open
Chamarajanagar,Gundlupet,Town PS,Kidnapping,12.123439,77.200887,15-10-2023,medium,investigating
Bidar,Bidar City,New Town PS,Mobile Theft,17.673318,77.300029,17-05-2024,low,investigating
Vijayapura,Sindagi,Rural PS,Theft,16.552585,75.761314,25-07-2023,low,open
Mandya,Srirangapatna,Town PS,Chain Snatching,12.68265,76.77991,27-08-2023,medium,investigating
Mandya,Maddur,Town PS,Theft,12.572539,77.147464,26-04-2024,low,investigating
Hubballi-Dharwad,Dharwad,Traffic PS,Vehicle Theft,15.290338,75.40081,20-11-2024,low,closed
Hubballi-Dharwad,Hubballi,Vidyanagar PS,Theft,15.193193,75.114948,01-03-2023,low,investigating
Kalaburagi,Sedam,Rural PS,Assault,17.440138,77.071206,29-01-2024,low,investigating
Vijayapura,Indi,Town PS,Chain Snatching,16.643462,75.514955,06-08-2023,medium,investigating
Kodagu,Somwarpet,Rural PS,Drug Offense,12.401484,76.061732,22-07-2024,medium,open
Davangere,Davangere City,Davangere PS,Fraud,14.293126,76.089329,27-10-2024,medium,closed
Mangaluru,Mangaluru,Mangaluru South PS,Fraud,12.799963,74.651418,28-03-2024,medium,open
Shivamogga,Bhadravati,Bhadravati PS,Domestic Violence,13.67018,75.53509,27-08-2024,low,closed
Chikkamagaluru,Tarikere,Rural PS,Burglary,13.569831,75.81269,18-03-2023,low,investigating
Vijayapura,Sindagi,Town PS,Robbery,16.858231,75.869004,20-02-2023,medium,closed
Chamarajanagar,Chamarajanagar,Town PS,Robbery,11.780284,76.978428,27-05-2024,low,open
Raichur,Manvi,Town PS,Assault,16.400886,77.428121,23-11-2023,low,investigating
Mangaluru,Mangaluru,Pandeshwar PS,Drug Offense,13.017774,74.670173,27-01-2023,low,investigating
Koppal,Gangavathi,Gangavathi PS,Domestic Violence,15.208067,76.16641,07-05-2024,medium,closed
Chikkamagaluru,Kadur,Kadur PS,Robbery,13.383577,75.703635,31-03-2024,high,open
Bidar,Bidar City,Bidar PS,Robbery,18.112028,77.701651,10-04-2023,low,closed
Uttara Kannada,Sirsi,Rural PS,Kidnapping,14.855349,74.430133,02-07-2023,low,open
Yadgir,Yadgir City,Traffic PS,Vehicle Theft,16.965994,77.027423,26-02-2023,low,open
Udupi,Karkala,Karkala PS,Drug Offense,13.276515,74.618415,17-12-2024,medium,closed
Davangere,Honnali,Rural PS,Fraud,14.588525,75.973172,02-02-2023,low,closed
Kalaburagi,Sedam,Sedam PS,Vehicle Theft,17.275961,76.53846,02-01-2023,low,investigating
Koppal,Koppal City,Koppal PS,Robbery,15.337185,76.167864,17-01-2023,low,closed
Chikkaballapura,Sidlaghatta,Sidlaghatta PS,Theft,13.436535,77.973332,04-06-2023,low,open
Mysuru,Hunsur,Bilikere PS,Assault,12.303511,76.92157,18-04-2024,low,closed
Bidar,Bidar City,New Town PS,Burglary,17.827872,77.815517,21-05-2024,medium,open
Belagavi,Belagavi City,Market PS,Robbery,15.745757,74.383667,13-12-2024,medium,closed
Mysuru,Hunsur,Hunsur PS,Fraud,12.435075,76.508169,21-04-2024,medium,open
Koppal,Kushtagi,Rural PS,Drug Offense,15.505511,76.171551,20-04-2024,low,open
Kolar,Malur,Rural PS,Chain Snatching,13.260402,78.420367,02-08-2023,low,open
Kodagu,Virajpet,Rural PS,Domestic Violence,12.492706,75.634498,04-03-2023,medium,closed
Udupi,Karkala,Ajekar PS,Kidnapping,13.624766,74.507382,24-03-2024,medium,closed
Tumakuru,Tiptur,Tiptur PS,Theft,13.183134,77.183033,25-03-2023,medium,open
Dakshina Kannada,Bantwal,Bantwal PS,Burglary,12.752956,75.093197,26-06-2023,medium,closed
Chikkamagaluru,Tarikere,Rural PS,Theft,13.529793,75.72006,24-05-2023,low,closed
Mangaluru,Surathkal,Panambur PS,Theft,13.062696,74.881923,03-09-2024,high,investigating
Dakshina Kannada,Sullia,Rural PS,Chain Snatching,13.068299,75.473451,04-08-2024,low,closed
Mandya,Mandya,Town PS,Chain Snatching,12.538043,76.77688,20-08-2023,low,open
Chikkamagaluru,Tarikere,Rural PS,Cybercrime,13.241588,75.613559,13-06-2023,medium,open
Davangere,Harihar,Town PS,Fraud,14.475213,75.945983,18-11-2023,low,open
Chitradurga,Chitradurga,Chitradurga PS,Kidnapping,14.506178,76.148298,26-09-2024,low,closed
Bengaluru Rural,Devanahalli,Vijayapura PS,Kidnapping,13.392283,77.1691,31-01-2023,low,investigating
Mysuru,Nanjangud,Rural PS,Kidnapping,12.506234,76.710904,26-11-2024,low,closed
Ramanagara,Ramanagara,Town PS,Burglary,12.859097,77.030451,05-05-2024,high,open
Chikkaballapura,Sidlaghatta,Sidlaghatta PS,Drug Offense,13.588936,78.024424,27-03-2023,medium,open
Mandya,Maddur,Town PS,Theft,12.463391,76.931332,26-03-2023,medium,investigating
Bengaluru Urban,Whitefield,Kadugodi PS,Theft,12.870918,77.602645,30-09-2023,high,investigating
Chikkamagaluru,Chikkamagaluru City,Town PS,Kidnapping,13.174639,75.851231,11-06-2024,medium,open
Gadag,Mundargi,Mundargi PS,Kidnapping,15.225444,75.456942,19-05-2023,medium,closed
Vijayapura,Indi,Indi PS,Drug Offense,16.92813,75.993795,02-06-2024,medium,open
Raichur,Raichur City,West PS,Kidnapping,16.133196,77.431357,23-01-2024,high,open
Mandya,Maddur,Town PS,Mobile Theft,12.744391,76.86416,11-08-2024,low,open
Chikkaballapura,Chikkaballapura,Town PS,Kidnapping,13.469845,77.889799,26-11-2024,medium,open
Hubballi-Dharwad,Hubballi,Keshwapur PS,Kidnapping,15.495153,75.046385,26-07-2023,medium,open
Ramanagara,Ramanagara,Traffic PS,Fraud,12.695752,77.113196,31-07-2023,high,open
Raichur,Raichur City,West PS,Robbery,16.028648,77.537921,05-05-2023,high,open
Gadag,Mundargi,Town PS,Chain Snatching,15.135236,75.664688,31-12-2024,low,closed
Mangaluru,Ullal,Konaje PS,Burglary,13.002731,74.733621,02-01-2024,low,closed
Bidar,Bhalki,Town PS,Assault,17.995941,77.735069,27-10-2023,medium,open
Uttara Kannada,Karwar,Karwar Town PS,Mobile Theft,14.80004,74.884759,28-03-2023,low,investigating
Yadgir,Yadgir City,Yadgir PS,Theft,17.063477,77.174622,13-03-2024,low,investigating
Chitradurga,Chitradurga,Chitradurga PS,Cybercrime,14.325631,76.636488,16-01-2023,low,open
Chamarajanagar,Kollegal,Kollegal PS,Fraud,12.015015,76.711477,08-01-2023,high,open
Udupi,Karkala,Karkala PS,Fraud,13.298884,75.00936,14-05-2023,low,open
Ramanagara,Ramanagara,Traffic PS,Mobile Theft,12.6448,77.062534,23-07-2023,medium,investigating
Mysuru,Nanjangud,Traffic PS,Robbery,12.328873,76.368666,05-03-2024,low,open
Kolar,Kolar,Town PS,Robbery,12.918158,78.148081,19-10-2023,medium,open
Ballari,Ballari City,Ballari PS,Domestic Violence,15.359601,76.63635,08-08-2024,high,open
Dakshina Kannada,Puttur,Puttur PS,Assault,12.87579,75.279414,13-07-2023,low,closed
Mandya,Mandya,Town PS,Theft,12.301784,77.125835,17-10-2023,low,closed
Dakshina Kannada,Puttur,Town PS,Fraud,13.139286,75.043902,23-11-2023,medium,open
Kalaburagi,Jewargi,Rural PS,Mobile Theft,17.615492,76.725277,03-01-2023,medium,open
Tumakuru,Tumakuru City,New Extension PS,Kidnapping,13.08345,77.313851,19-11-2023,low,investigating
Bengaluru Urban,Koramangala,Koramangala PS,Drug Offense,12.683718,77.806404,03-05-2023,low,investigating
Kodagu,Madikeri,Traffic PS,Fraud,12.341169,75.810966,19-07-2023,medium,open
Ballari,Sandur,Sandur PS,Vehicle Theft,15.407856,76.933395,02-09-2023,medium,open
Chamarajanagar,Gundlupet,Rural PS,Drug Offense,11.972271,76.713788,18-01-2023,medium,investigating
Bidar,Basavakalyan,Rural PS,Assault,18.084121,77.380272,16-11-2024,low,investigating
Bengaluru Urban,Whitefield,Kadugodi PS,Land Dispute,12.739487,77.859543,27-09-2023,medium,investigating
Kolar,Kolar,Traffic PS,Mobile Theft,12.988019,78.141528,15-03-2024,low,investigating
Chikkaballapura,Bagepalli,Town PS,Assault,13.381824,77.533643,11-06-2023,low,open
Kodagu,Virajpet,Rural PS,Fraud,12.553594,75.774906,02-04-2024,high,closed
Kolar,Malur,Malur PS,Assault,13.429252,78.30713,17-03-2023,high,investigating
Udupi,Karkala,Hebri PS,Robbery,13.350033,74.934069,28-08-2023,low,closed
Bengaluru Urban,Yelahanka,Yelahanka PS,Assault,13.253294,77.695148,27-12-2024,medium,closed
Chitradurga,Hosadurga,Rural PS,Land Dispute,13.997364,76.34353,13-04-2023,medium,investigating
Bengaluru Urban,Koramangala,Madiwala PS,Land Dispute,13.132002,77.71799,29-03-2024,low,investigating
Kolar,Bangarapet,Bangarapet PS,Kidnapping,13.373945,78.193672,14-07-2024,high,investigating
Mandya,Mandya,Town PS,Fraud,12.78946,76.705622,23-11-2024,low,open
Vijayapura,Indi,Town PS,Fraud,17.019662,75.454961,02-02-2023,low,investigating
Udupi,Kundapura,Gangolli PS,Cybercrime,13.227054,74.498099,27-09-2023,medium,closed
Gadag,Mundargi,Town PS,Chain Snatching,15.536052,75.928227,28-10-2023,low,open
Dakshina Kannada,Sullia,Rural PS,Kidnapping,12.743101,75.217359,20-01-2024,medium,open
Hubballi-Dharwad,Hubballi,Old Hubballi PS,Vehicle Theft,15.529382,74.870481,19-11-2023,medium,open
Kodagu,Virajpet,Rural PS,Robbery,12.378707,75.960187,28-05-2023,low,open
Hubballi-Dharwad,Hubballi,Vidyanagar PS,Mobile Theft,15.188792,75.257443,17-04-2023,medium,closed
Dakshina Kannada,Sullia,Rural PS,Chain Snatching,13.055498,75.476826,24-04-2023,high,closed
Mangaluru,Ullal,Ullal PS,Fraud,12.982224,75.114811,06-01-2024,medium,investigating
Shivamogga,Bhadravati,Paper Town PS,Drug Offense,13.994536,75.30901,25-07-2023,low,open
Chitradurga,Hosadurga,Town PS,Domestic Violence,14.356987,76.10507,18-07-2024,medium,open
Davangere,Davangere City,KTJ Nagar PS,Drug Offense,14.61118,76.011248,28-08-2024,medium,investigating
Mandya,Maddur,Rural PS,Domestic Violence,12.406271,76.596757,05-09-2024,low,open
Hubballi-Dharwad,Hubballi,Old Hubballi PS,Mobile Theft,15.114396,75.323195,23-01-2023,high,investigating
Ballari,Sandur,Sandur PS,Chain Snatching,15.095362,77.043068,16-02-2024,high,investigating
Chitradurga,Hiriyur,Town PS,Chain Snatching,14.402652,76.105499,10-05-2024,medium,closed
Chikkamagaluru,Kadur,Rural PS,Theft,13.421091,75.505322,14-11-2024,medium,investigating
Ramanagara,Kanakapura,Rural PS,Fraud,12.563923,77.204867,05-05-2024,high,open
Chikkaballapura,Sidlaghatta,Town PS,Land Dispute,13.407575,77.659111,16-12-2024,medium,investigating
Kalaburagi,Jewargi,Jewargi PS,Robbery,17.422322,76.902902,07-02-2023,low,closed
Bidar,Bidar City,Traffic PS,Kidnapping,18.133174,77.519582,25-05-2023,high,investigating
Koppal,Koppal City,Koppal PS,Burglary,15.224199,76.343123,21-11-2023,low,closed
Kolar,Bangarapet,Rural PS,Land Dispute,12.982682,78.361119,23-01-2024,medium,investigating
Gadag,Gadag,Betageri PS,Domestic Violence,15.438163,75.905553,13-01-2023,low,investigating
Udupi,Kundapura,Byndoor PS,Cybercrime,13.199106,74.62137,26-06-2023,high,open
Gadag,Gadag,Traffic PS,Cybercrime,15.151403,75.742119,02-06-2024,high,closed
Hubballi-Dharwad,Hubballi,Old Hubballi PS,Murder,15.308397,75.124723,18-01-2023,low,closed
Bengaluru Rural,Doddaballapura,Doddaballapura PS,Burglary,13.189137,77.646012,15-04-2024,low,investigating
Yadgir,Gurmitkal,Gurmitkal PS,Theft,16.875576,77.17245,24-01-2023,high,open
Davangere,Honnali,Rural PS,Kidnapping,14.652338,76.078724,13-06-2023,high,investigating
Dakshina Kannada,Sullia,Town PS,Murder,12.641516,75.132,29-03-2024,medium,investigating
Chikkamagaluru,Chikkamagaluru City,Traffic PS,Chain Snatching,13.328407,75.746268,22-05-2023,low,open
Tumakuru,Tumakuru City,Tumakuru PS,Murder,13.621659,77.396135,11-06-2024,high,open
Davangere,Honnali,Nyamathi PS,Vehicle Theft,14.174631,75.870922,26-04-2024,high,open
Haveri,Savanur,Rural PS,Mobile Theft,14.639064,75.635268,23-02-2024,medium,investigating
Bidar,Basavakalyan,Rural PS,Domestic Violence,17.619373,77.398351,09-07-2023,low,closed
Dakshina Kannada,Bantwal,Town PS,Mobile Theft,12.645327,75.062116,18-03-2024,medium,open
Kodagu,Madikeri,Madikeri PS,Burglary,12.132684,75.563307,22-10-2024,high,open
Koppal,Kushtagi,Town PS,Theft,15.258879,76.217462,12-08-2024,medium,closed
Tumakuru,Tumakuru City,New Extension PS,Cybercrime,13.223194,76.992985,27-09-2023,high,investigating
Raichur,Raichur City,Raichur PS,Robbery,16.447005,77.162788,12-09-2023,low,investigating
Vijayapura,Indi,Rural PS,Cybercrime,16.59513,75.590099,26-10-2024,medium,investigating
Uttara Kannada,Sirsi,Town PS,Robbery,14.799089,74.719708,22-03-2023,low,investigating
Hassan,Hassan City,Hassan PS,Drug Offense,12.754222,75.921218,09-06-2024,low,open
Gadag,Ron,Ron PS,Murder,15.406644,75.795005,24-05-2024,medium,closed
Bidar,Bhalki,Rural PS,Kidnapping,18.023666,77.472072,19-11-2023,medium,investigating
Kolar,Bangarapet,Bangarapet PS,Kidnapping,13.278889,78.040125,19-02-2024,medium,closed
Tumakuru,Tiptur,Rural PS,Chain Snatching,13.558766,77.049005,26-06-2023,low,closed
Davangere,Honnali,Nyamathi PS,Robbery,14.637873,75.705749,03-07-2023,low,investigating
Ballari,Ballari City,Ballari PS,Fraud,15.363191,77.099284,24-08-2023,medium,closed
Bengaluru Urban,Koramangala,Koramangala PS,Theft,12.723052,77.43925,26-04-2024,low,open
Chikkamagaluru,Tarikere,Lakkavalli PS,Burglary,13.393124,75.569335,27-12-2023,medium,investigating
Ramanagara,Ramanagara,Traffic PS,Chain Snatching,12.779895,77.356902,11-01-2024,low,open
Ballari,Sandur,Toranagallu PS,Vehicle Theft,15.127998,76.737983,05-03-2024,medium,closed
Udupi,Kundapura,Gangolli PS,Murder,13.619251,74.520431,02-03-2024,medium,investigating
Chitradurga,Chitradurga,Chitradurga PS,Mobile Theft,13.961514,76.411642,30-01-2024,low,investigating
Belagavi,Gokak,Traffic PS,Domestic Violence,16.026147,74.538571,26-04-2024,medium,closed
Chikkamagaluru,Tarikere,Rural PS,Domestic Violence,13.034546,75.490745,04-05-2023,low,closed
Mangaluru,Ullal,Ullal PS,Kidnapping,13.17079,74.880952,09-03-2024,high,closed
Yadgir,Gurmitkal,Rural PS,Mobile Theft,16.644368,77.297351,05-06-2024,low,open
Ballari,Ballari City,Brucepet PS,Land Dispute,14.974481,76.752417,01-09-2023,low,investigating
Mangaluru,Mangaluru,Mangaluru South PS,Chain Snatching,12.850836,74.982288,26-04-2024,high,open
Kodagu,Virajpet,Town PS,Murder,12.555227,75.623978,27-02-2023,high,closed
Mandya,Mandya,Traffic PS,Robbery,12.734656,77.061865,26-07-2024,low,closed
Kodagu,Somwarpet,Kushalnagar PS,Assault,12.469852,75.538269,09-01-2024,low,investigating
Tumakuru,Madhugiri,Town PS,Assault,13.302939,77.264497,10-11-2023,low,open
Mandya,Maddur,Town PS,Murder,12.537462,76.856898,29-01-2024,low,investigating
Mysuru,Mysuru City,Lakshmipuram PS,Mobile Theft,12.205677,76.733065,27-12-2024,low,closed
Davangere,Davangere City,Davangere PS,Assault,14.389261,75.978175,07-04-2024,high,closed
Chamarajanagar,Gundlupet,Gundlupet PS,Robbery,11.963546,77.113426,28-02-2023,low,open
Chitradurga,Chitradurga,Traffic PS,Fraud,14.019301,76.334164,21-09-2024,low,investigating
Kodagu,Virajpet,Town PS,Mobile Theft,12.450682,75.788721,10-05-2024,high,closed
Belagavi,Gokak,Rural PS,Land Dispute,15.773505,74.236816,06-06-2024,low,closed
Bengaluru Rural,Doddaballapura,Rural PS,Kidnapping,13.32319,77.444351,03-07-2024,low,open
Vijayapura,Vijayapura City,Gandhi Chowk PS,Assault,17.089304,75.683155,10-10-2024,low,closed
Haveri,Haveri,Traffic PS,Chain Snatching,14.912355,75.385666,22-07-2023,low,open
Vijayapura,Indi,Rural PS,Chain Snatching,16.611716,75.822948,27-11-2024,low,investigating
Ramanagara,Kanakapura,Kanakapura PS,Kidnapping,12.879861,77.444783,05-10-2023,medium,investigating
Chamarajanagar,Chamarajanagar,Chamarajanagar PS,Domestic Violence,12.085265,76.787487,28-07-2024,medium,open
Chamarajanagar,Kollegal,Kollegal PS,Fraud,11.928723,76.752205,06-02-2023,medium,closed
Bidar,Basavakalyan,Basavakalyan PS,Mobile Theft,17.964101,77.3637,27-09-2024,high,open
Tumakuru,Tumakuru City,Tumakuru PS,Drug Offense,13.565972,77.133647,30-06-2024,low,open
Yadgir,Shahapur,Shahapur PS,Assault,16.740624,77.358025,14-10-2023,low,open
Dakshina Kannada,Sullia,Rural PS,Mobile Theft,12.946989,75.065469,24-04-2023,low,investigating
Kolar,Bangarapet,Town PS,Cybercrime,12.846812,78.394141,24-11-2024,medium,open
Bengaluru Urban,Koramangala,HSR Layout PS,Vehicle Theft,13.246202,77.745604,19-04-2023,medium,investigating
Chamarajanagar,Gundlupet,Town PS,Cybercrime,11.6889,76.886118,03-09-2023,low,investigating
Dakshina Kannada,Bantwal,Town PS,Vehicle Theft,13.127967,74.993008,09-03-2024,high,closed
Ramanagara,Kanakapura,Kanakapura PS,Burglary,12.70191,77.521023,31-05-2023,low,open
Bidar,Basavakalyan,Town PS,Theft,18.094366,77.509792,16-05-2023,medium,closed
Yadgir,Shahapur,Rural PS,Vehicle Theft,16.548404,77.204818,06-04-2023,low,closed
Ballari,Sandur,Toranagallu PS,Robbery,15.170723,76.704151,17-03-2024,low,closed
Yadgir,Shahapur,Town PS,Theft,16.523556,77.360617,08-01-2023,low,closed
Haveri,Haveri,Town PS,Vehicle Theft,14.836412,75.454532,15-01-2024,high,closed
Haveri,Ranebennur,Town PS,Fraud,14.834014,75.451392,16-02-2023,medium,investigating
Hassan,Hassan City,Traffic PS,Murder,12.735587,76.393901,04-03-2023,low,investigating
Bengaluru Rural,Doddaballapura,Rural PS,Chain Snatching,12.95349,77.644745,07-03-2023,low,investigating
Yadgir,Shahapur,Rural PS,Cybercrime,16.821117,77.403711,02-02-2023,low,closed
Chikkaballapura,Sidlaghatta,Sidlaghatta PS,Fraud,13.569117,77.717266,10-04-2023,low,open
Raichur,Manvi,Manvi PS,Kidnapping,16.288926,77.201632,18-07-2024,medium,closed
Davangere,Davangere City,KTJ Nagar PS,Burglary,14.17715,75.723982,28-02-2024,low,open
Bengaluru Urban,Koramangala,HSR Layout PS,Chain Snatching,12.699799,77.453465,09-06-2023,low,investigating
Bengaluru Urban,Koramangala,Koramangala PS,Cybercrime,13.218343,77.426268,29-11-2024,low,open
Uttara Kannada,Bhatkal,Bhatkal PS,Kidnapping,14.973825,74.830454,16-01-2024,low,investigating
Bidar,Bidar City,New Town PS,Assault,17.815385,77.778865,04-04-2023,high,open
Ramanagara,Magadi,Town PS,Kidnapping,12.79726,77.306826,24-09-2023,low,investigating
Mandya,Srirangapatna,Srirangapatna PS,Chain Snatching,12.23321,77.170371,13-12-2024,low,closed
Hubballi-Dharwad,Dharwad,Traffic PS,Murder,15.192495,75.228422,18-02-2023,high,closed
Davangere,Davangere City,KTJ Nagar PS,Murder,14.607348,75.863357,10-01-2023,medium,open
Chamarajanagar,Kollegal,Rural PS,Burglary,11.666333,76.994571,21-02-2024,low,open
Davangere,Davangere City,KTJ Nagar PS,Vehicle Theft,14.496451,75.860167,18-05-2023,low,closed
Kolar,Kolar,Traffic PS,Land Dispute,13.012997,78.063379,17-05-2024,low,closed
Bengaluru Urban,Yelahanka,Yelahanka New Town PS,Murder,12.887001,77.559356,10-07-2023,medium,closed
Shivamogga,Bhadravati,Old Town PS,Kidnapping,13.85056,75.468666,23-09-2024,medium,closed
Bidar,Bhalki,Bhalki PS,Vehicle Theft,17.658257,77.410273,02-06-2024,low,closed
Hubballi-Dharwad,Navanagar,Rural PS,Burglary,15.180896,74.961304,25-03-2023,low,open
Chamarajanagar,Chamarajanagar,Chamarajanagar PS,Chain Snatching,11.986535,77.017559,04-06-2023,low,open
Kolar,Malur,Rural PS,Land Dispute,12.855555,78.364164,13-03-2023,medium,closed
Kolar,Kolar,Kolar PS,Murder,13.25937,78.381736,03-05-2023,medium,investigating
Mandya,Srirangapatna,Rural PS,Assault,12.586463,76.778744,28-02-2024,medium,closed
Chamarajanagar,Gundlupet,Town PS,Cybercrime,11.981562,76.765617,01-09-2024,low,closed
Mysuru,Hunsur,Bilikere PS,Cybercrime,12.047156,76.769007,11-08-2024,high,investigating
Yadgir,Shahapur,Rural PS,Assault,16.990043,76.890775,16-12-2023,low,open
Ballari,Hospet,Rural PS,Mobile Theft,15.26603,76.690816,08-12-2023,low,closed
Ramanagara,Ramanagara,Town PS,Chain Snatching,12.660523,77.509256,20-05-2024,high,investigating
Ramanagara,Kanakapura,Town PS,Kidnapping,12.635308,77.306687,21-04-2024,low,investigating
Vijayapura,Sindagi,Sindagi PS,Land Dispute,17.082331,75.572516,24-01-2024,low,open
Yadgir,Gurmitkal,Gurmitkal PS,Kidnapping,16.694587,76.96838,22-08-2023,low,open
Davangere,Honnali,Nyamathi PS,Mobile Theft,14.682387,75.823194,01-02-2024,low,investigating
Mysuru,Hunsur,Bilikere PS,Chain Snatching,12.519697,76.707115,23-10-2024,low,open
Chitradurga,Chitradurga,Town PS,Domestic Violence,14.19214,76.468561,15-03-2024,medium,investigating
Ballari,Hospet,Hospet Town PS,Chain Snatching,15.171089,77.082412,21-03-2024,low,closed
Mangaluru,Mangaluru,Mangaluru South PS,Land Dispute,13.165686,74.649192,15-07-2024,medium,open
Uttara Kannada,Karwar,Karwar Town PS,Murder,14.556971,74.77788,17-04-2024,low,open
Shivamogga,Bhadravati,Bhadravati PS,Domestic Violence,13.727343,75.346536,26-10-2023,low,open
Tumakuru,Tumakuru City,New Extension PS,Fraud,13.16115,77.3143,29-11-2023,medium,investigating
Chitradurga,Hosadurga,Town PS,Domestic Violence,14.232297,76.419491,21-02-2024,low,closed
Gadag,Gadag,Betageri PS,Land Dispute,15.293934,75.807577,28-05-2024,low,closed
Chamarajanagar,Gundlupet,Gundlupet PS,Murder,12.082533,76.88874,06-10-2023,high,investigating
Bidar,Bidar City,Bidar PS,Burglary,18.039785,77.744447,31-12-2023,high,open
Gadag,Mundargi,Town PS,Fraud,15.504923,75.534742,28-11-2023,medium,closed
Dakshina Kannada,Sullia,Rural PS,Drug Offense,13.015092,75.057543,12-05-2023,low,investigating
Ramanagara,Ramanagara,Town PS,Drug Offense,12.8002,77.269332,06-01-2024,medium,closed
Koppal,Gangavathi,Rural PS,Theft,15.311508,76.257146,30-11-2024,low,investigating
Bidar,Basavakalyan,Basavakalyan PS,Fraud,18.11983,77.307687,09-04-2024,low,open
Koppal,Gangavathi,Rural PS,Fraud,15.326346,76.290584,23-05-2023,low,closed
Haveri,Haveri,Haveri PS,Mobile Theft,14.536174,75.272466,23-03-2024,medium,closed
Chitradurga,Chitradurga,Chitradurga PS,Robbery,13.989836,76.285845,15-12-2023,medium,closed
Dakshina Kannada,Sullia,Rural PS,Theft,12.579554,75.293347,02-12-2024,high,open
Mangaluru,Ullal,Kotekar PS,Robbery,12.811093,75.123112,25-08-2024,low,open
Kolar,Malur,Rural PS,Kidnapping,13.069033,78.004054,07-01-2023,low,closed
Kolar,Kolar,Town PS,Assault,13.368426,78.297882,24-02-2024,high,investigating
Mandya,Mandya,Town PS,Drug Offense,12.312587,76.611167,14-05-2024,medium,closed
Kalaburagi,Kalaburagi City,University PS,Theft,17.133131,76.764682,09-07-2023,high,closed
Davangere,Honnali,Rural PS,Kidnapping,14.538505,76.181629,09-07-2024,medium,investigating
Kolar,Kolar,Traffic PS,Drug Offense,13.359982,78.019471,19-01-2023,low,closed
Haveri,Ranebennur,Ranebennur PS,Chain Snatching,14.715996,75.377611,13-10-2024,low,open
Koppal,Koppal City,Town PS,Mobile Theft,15.292303,76.35702,07-04-2024,low,investigating
Dakshina Kannada,Sullia,Rural PS,Land Dispute,12.768632,75.254043,19-02-2023,low,open
Ramanagara,Ramanagara,Town PS,Murder,12.688734,77.324097,06-06-2023,medium,open
Kolar,Bangarapet,Bangarapet PS,Theft,12.851423,78.000814,18-01-2023,low,investigating
Chitradurga,Chitradurga,Traffic PS,Domestic Violence,14.302383,76.20773,24-01-2023,medium,open
Mandya,Mandya,Mandya PS,Land Dispute,12.263919,77.121501,25-05-2023,low,closed
Hubballi-Dharwad,Navanagar,Town PS,Kidnapping,15.247526,75.018528,15-05-2023,medium,open
Kolar,Kolar,Town PS,Fraud,13.360626,77.966521,24-04-2024,medium,open
Bidar,Basavakalyan,Rural PS,Robbery,18.160367,77.365223,17-07-2024,low,investigating
Chamarajanagar,Kollegal,Rural PS,Fraud,11.971472,77.03441,12-09-2024,low,closed
Kolar,Bangarapet,Bangarapet PS,Vehicle Theft,13.303856,78.406844,15-09-2024,low,investigating
Mandya,Mandya,Town PS,Burglary,12.466041,77.116694,17-12-2024,high,investigating
Tumakuru,Tiptur,Rural PS,Kidnapping,13.295146,77.308559,10-01-2023,medium,closed
Mangaluru,Mangaluru,Pandeshwar PS,Theft,12.791226,75.010941,23-06-2024,medium,investigating
Kodagu,Virajpet,Rural PS,Kidnapping,12.155904,75.705314,18-04-2024,low,open
Chamarajanagar,Chamarajanagar,Chamarajanagar PS,Cybercrime,12.142454,76.727022,12-02-2023,low,open
Mandya,Srirangapatna,Srirangapatna PS,Burglary,12.382473,76.74592,22-06-2024,high,open
Chitradurga,Chitradurga,Chitradurga PS,Drug Offense,14.381654,76.338632,08-12-2023,low,closed
Yadgir,Shahapur,Rural PS,Drug Offense,16.472635,76.984268,21-11-2023,low,open
Mysuru,Hunsur,Rural PS,Burglary,12.417528,76.481356,26-09-2023,medium,investigating
Mysuru,Hunsur,Bilikere PS,Cybercrime,12.235569,76.67104,27-12-2023,high,investigating
Vijayapura,Vijayapura City,Traffic PS,Assault,16.906038,75.744843,31-08-2024,low,open
Bengaluru Urban,Whitefield,Varthur PS,Assault,13.037031,77.778597,05-01-2024,medium,investigating
Gadag,Ron,Rural PS,Murder,15.362545,75.469224,25-03-2023,medium,closed
Chitradurga,Chitradurga,Chitradurga PS,Theft,14.472928,76.454849,16-09-2023,medium,investigating
Mysuru,Hunsur,Rural PS,Burglary,12.330935,76.846298,01-12-2023,low,investigating
Kodagu,Madikeri,Traffic PS,Burglary,12.269654,75.749701,23-09-2024,low,open
Ramanagara,Magadi,Rural PS,Murder,12.691666,77.352681,30-06-2023,medium,closed
Vijayapura,Vijayapura City,Traffic PS,Domestic Violence,17.087899,75.576026,01-08-2023,medium,closed
Mandya,Srirangapatna,Rural PS,Kidnapping,12.802157,77.006917,01-04-2024,medium,closed
Kalaburagi,Kalaburagi City,Station Bazaar PS,Robbery,17.270926,76.791935,13-08-2024,low,closed
Chikkaballapura,Sidlaghatta,Sidlaghatta PS,Chain Snatching,13.638292,77.955215,22-08-2023,low,open
Kodagu,Somwarpet,Rural PS,Assault,12.607402,75.955216,17-03-2023,low,open
Hassan,Sakleshpur,Sakleshpur PS,Robbery,12.92896,76.141036,08-10-2023,high,open
Hassan,Arsikere,Town PS,Mobile Theft,13.066811,76.093318,01-08-2024,low,closed
Chitradurga,Chitradurga,Traffic PS,Vehicle Theft,14.046482,76.627362,07-06-2024,low,investigating
Mandya,Maddur,Rural PS,Land Dispute,12.477651,77.045491,29-06-2024,low,closed
Chikkamagaluru,Kadur,Rural PS,Assault,13.604001,75.938677,05-09-2023,medium,investigating
Gadag,Ron,Ron PS,Land Dispute,15.545489,75.538933,22-11-2024,low,investigating
Chamarajanagar,Kollegal,Town PS,Kidnapping,12.176477,77.222988,29-02-2024,medium,closed
Shivamogga,Shivamogga City,Doddapete PS,Land Dispute,13.812887,75.847687,26-06-2023,low,investigating
Dakshina Kannada,Puttur,Puttur PS,Murder,13.120768,75.140403,15-11-2023,low,investigating
Chitradurga,Chitradurga,Chitradurga PS,Assault,13.949669,76.28027,17-05-2024,medium,open
Shivamogga,Shivamogga City,Doddapete PS,Land Dispute,13.841995,75.301998,28-09-2024,medium,open
Mysuru,Mysuru City,Lakshmipuram PS,Domestic Violence,12.396378,76.6776,25-09-2023,medium,closed
Ballari,Ballari City,Ballari PS,Assault,15.356759,77.070676,25-06-2023,low,investigating
Dakshina Kannada,Puttur,Traffic PS,Assault,12.698572,75.371293,02-12-2023,medium,investigating
Kalaburagi,Sedam,Town PS,Kidnapping,17.395152,76.844472,02-02-2024,low,open
Gadag,Ron,Ron PS,Land Dispute,15.414879,75.888389,06-08-2023,low,closed
Haveri,Ranebennur,Town PS,Drug Offense,15.011351,75.247624,30-01-2023,low,investigating
Kalaburagi,Jewargi,Jewargi PS,Robbery,17.584244,76.675476,16-05-2024,low,investigating
Chitradurga,Chitradurga,Chitradurga PS,Burglary,14.411246,76.211549,07-03-2023,medium,closed
Chitradurga,Hosadurga,Town PS,Cybercrime,14.427389,76.400492,04-04-2023,low,closed
Kodagu,Madikeri,Rural PS,Vehicle Theft,12.574981,75.892951,11-02-2023,high,investigating
Belagavi,Gokak,Gokak Town PS,Assault,15.552943,74.693066,01-01-2023,low,closed
Vijayapura,Sindagi,Town PS,Mobile Theft,16.546304,75.96017,13-03-2023,medium,investigating
Kolar,Kolar,Town PS,Burglary,13.34044,78.365362,15-12-2023,medium,closed
Bengaluru Rural,Devanahalli,Vijayapura PS,Kidnapping,12.916801,77.492729,30-10-2023,high,investigating
Tumakuru,Tiptur,Town PS,Robbery,13.551239,77.41293,15-04-2023,medium,investigating
Mandya,Srirangapatna,Rural PS,Fraud,12.64716,77.065238,01-10-2023,low,open
Gadag,Ron,Town PS,Cybercrime,15.453171,75.370788,09-12-2023,medium,investigating
Mandya,Srirangapatna,Rural PS,Chain Snatching,12.326176,77.188502,11-11-2023,low,closed
Chikkamagaluru,Tarikere,Rural PS,Chain Snatching,13.086809,75.487986,03-09-2024,low,closed
Tumakuru,Tumakuru City,New Extension PS,Robbery,13.259988,77.163921,07-12-2024,low,open
Udupi,Karkala,Karkala PS,Land Dispute,13.179718,74.826665,24-06-2023,medium,open
Chitradurga,Chitradurga,Chitradurga PS,Theft,14.25037,76.30955,06-08-2024,low,open
Kodagu,Virajpet,Rural PS,Robbery,12.238435,75.791692,22-07-2023,low,investigating
Mangaluru,Mangaluru,Mangaluru North PS,Burglary,12.748655,74.704758,23-05-2023,low,investigating
Bidar,Basavakalyan,Basavakalyan PS,Burglary,17.97849,77.702627,06-07-2023,medium,open
Uttara Kannada,Sirsi,Sirsi PS,Robbery,14.961178,74.423868,21-09-2023,medium,investigating
Bidar,Basavakalyan,Town PS,Theft,17.820071,77.480935,05-08-2023,low,investigating
Kalaburagi,Sedam,Town PS,Burglary,17.470391,76.683686,21-04-2024,low,closed
Yadgir,Yadgir City,Traffic PS,Chain Snatching,16.604124,77.367901,14-04-2023,low,closed
Bengaluru Rural,Nelamangala,Traffic PS,Fraud,13.383808,77.20993,16-08-2023,low,investigating
Raichur,Raichur City,Traffic PS,Robbery,16.350442,77.274727,03-04-2024,low,investigating
Shivamogga,Sagara,Anandapura PS,Vehicle Theft,13.866713,75.783748,24-07-2023,high,open
Hubballi-Dharwad,Navanagar,Navanagar PS,Domestic Violence,15.543482,75.033634,01-12-2024,low,investigating
Shivamogga,Sagara,Sagara PS,Land Dispute,13.739973,75.618292,10-07-2024,medium,closed
Bengaluru Rural,Doddaballapura,Rural PS,Vehicle Theft,12.956982,77.523817,24-02-2024,low,closed
Hubballi-Dharwad,Navanagar,Town PS,Fraud,15.576384,75.277934,24-01-2024,low,closed
Davangere,Harihar,Rural PS,Mobile Theft,14.207399,75.670034,26-08-2024,low,closed
Chamarajanagar,Kollegal,Kollegal PS,Mobile Theft,11.95714,76.675826,22-10-2024,low,investigating
Ballari,Hospet,Traffic PS,Drug Offense,14.88862,76.670558,01-01-2024,low,closed
Kodagu,Madikeri,Traffic PS,Burglary,12.140718,76.004649,23-01-2023,medium,open
Belagavi,Chikodi,Chikodi PS,Theft,15.727764,74.41957,22-05-2024,low,investigating
Chikkaballapura,Sidlaghatta,Sidlaghatta PS,Robbery,13.165589,77.810546,23-04-2023,low,open
Kolar,Bangarapet,Bangarapet PS,Domestic Violence,12.986363,78.059549,09-08-2023,low,open
Chitradurga,Chitradurga,Chitradurga PS,Vehicle Theft,14.402914,76.224973,04-04-2023,high,open
Ballari,Ballari City,Cowl Bazaar PS,Domestic Violence,14.845245,76.960458,01-04-2023,medium,open
Mangaluru,Ullal,Konaje PS,Chain Snatching,13.06305,74.578969,24-05-2023,low,closed
Chitradurga,Chitradurga,Traffic PS,Land Dispute,14.379951,76.554849,20-07-2024,low,closed
Bidar,Bidar City,Bidar PS,Assault,17.749346,77.433218,26-03-2023,high,closed
Chikkaballapura,Sidlaghatta,Rural PS,Kidnapping,13.390807,77.659358,07-05-2024,medium,closed
Vijayapura,Sindagi,Town PS,Murder,16.591317,75.491286,09-11-2023,low,investigating
Chikkamagaluru,Tarikere,Tarikere PS,Murder,13.492996,75.722642,02-05-2023,low,investigating
Haveri,Savanur,Savanur PS,Mobile Theft,14.821113,75.684267,16-03-2023,low,closed
Shivamogga,Shivamogga City,Vinobanagar PS,Cybercrime,13.824713,75.712003,22-03-2023,medium,investigating
Mysuru,Hunsur,Hunsur PS,Kidnapping,12.495802,76.69096,06-07-2024,high,closed
Gadag,Ron,Town PS,Assault,15.673127,75.632462,28-09-2023,high,investigating
Raichur,Sindhanur,Town PS,Domestic Violence,16.13569,77.37643,09-06-2024,medium,open
Kodagu,Virajpet,Rural PS,Cybercrime,12.255614,75.534566,04-01-2023,low,closed
Hassan,Arsikere,Town PS,Domestic Violence,12.831737,76.375565,04-12-2023,medium,open
Mysuru,Nanjangud,Rural PS,Fraud,12.425273,76.505577,06-12-2023,low,closed
Chamarajanagar,Chamarajanagar,Town PS,Assault,12.091657,77.109078,18-04-2024,high,open
Mandya,Maddur,Town PS,Fraud,12.297346,77.098613,20-09-2023,low,open
Bengaluru Rural,Devanahalli,Airport PS,Land Dispute,13.206058,77.363173,28-09-2023,low,closed
Kolar,Kolar,Traffic PS,Burglary,13.059173,78.38066,29-06-2024,medium,open
Dakshina Kannada,Sullia,Sullia PS,Murder,12.86276,75.231508,07-04-2024,medium,closed
Tumakuru,Tiptur,Town PS,Murder,13.637722,76.941153,25-10-2024,low,investigating
Chamarajanagar,Gundlupet,Rural PS,Kidnapping,12.00725,76.70404,13-06-2024,low,closed
Mangaluru,Surathkal,Mulki PS,Vehicle Theft,12.858866,74.932487,04-04-2023,low,open
Chikkaballapura,Bagepalli,Bagepalli PS,Murder,13.47915,77.702877,14-06-2024,medium,closed
Chikkamagaluru,Tarikere,Lakkavalli PS,Chain Snatching,13.342635,75.944436,21-04-2024,medium,open
Ballari,Sandur,Toranagallu PS,Land Dispute,15.251132,76.863248,15-10-2023,medium,closed
Uttara Kannada,Bhatkal,Bhatkal PS,Mobile Theft,14.867586,74.509922,14-01-2023,medium,open
Bidar,Bhalki,Town PS,Domestic Violence,17.651075,77.760277,15-07-2023,medium,investigating
Hubballi-Dharwad,Navanagar,Town PS,Murder,15.587567,75.080138,08-02-2024,medium,closed
Hubballi-Dharwad,Hubballi,Keshwapur PS,Kidnapping,15.467636,75.032619,08-08-2023,medium,closed
Ballari,Sandur,Toranagallu PS,Murder,15.015525,76.905066,23-10-2024,low,investigating
Kalaburagi,Kalaburagi City,University PS,Robbery,17.114367,77.095157,03-02-2023,low,investigating
Kolar,Bangarapet,Bangarapet PS,Murder,13.340605,78.305932,23-10-2023,low,open
Kalaburagi,Jewargi,Jewargi PS,Robbery,17.403305,76.543699,28-10-2023,low,closed
Mandya,Mandya,Traffic PS,Theft,12.313647,77.035935,10-08-2024,low,open
Bengaluru Rural,Devanahalli,Vijayapura PS,Burglary,12.916369,77.469518,25-06-2024,high,open
Bidar,Bidar City,Bidar PS,Mobile Theft,17.73414,77.744843,09-10-2023,medium,open
Kodagu,Somwarpet,Kushalnagar PS,Burglary,12.198156,75.958958,28-05-2024,low,investigating
Koppal,Gangavathi,Gangavathi PS,Robbery,15.290269,76.096107,06-02-2023,high,investigating
Chikkaballapura,Chikkaballapura,Chikkaballapura PS,Drug Offense,13.620862,77.883803,30-05-2023,medium,investigating
Gadag,Mundargi,Mundargi PS,Theft,15.559594,75.47197,28-08-2023,low,investigating
Udupi,Karkala,Ajekar PS,Robbery,13.259252,74.568138,05-04-2024,medium,investigating
Davangere,Honnali,Nyamathi PS,Chain Snatching,14.198628,76.088419,11-03-2024,low,closed
Yadgir,Gurmitkal,Town PS,Vehicle Theft,16.572977,77.354156,17-08-2023,medium,investigating
Hassan,Arsikere,Town PS,Theft,13.246812,76.158555,09-05-2023,low,open
Gadag,Ron,Rural PS,Fraud,15.334077,75.463807,18-01-2023,medium,open
Davangere,Harihar,Rural PS,Domestic Violence,14.184354,75.642301,31-05-2023,medium,investigating
Kolar,Bangarapet,Bangarapet PS,Assault,13.349489,78.12232,18-05-2023,low,open
Bengaluru Urban,Yelahanka,Yelahanka New Town PS,Theft,13.141822,77.472748,27-08-2023,low,investigating
Bengaluru Urban,Whitefield,Varthur PS,Vehicle Theft,13.158675,77.433603,02-10-2023,low,investigating
Uttara Kannada,Karwar,Bazar PS,Fraud,14.828083,74.412187,13-12-2023,medium,open
Raichur,Manvi,Rural PS,Kidnapping,16.00084,77.607388,07-09-2024,medium,investigating
Hassan,Hassan City,Hassan PS,Assault,12.958595,76.160644,19-07-2024,medium,open
Yadgir,Shahapur,Town PS,Robbery,16.978346,77.275687,02-03-2024,high,open
Gadag,Mundargi,Town PS,Robbery,15.269683,75.444919,07-10-2024,low,open
Ramanagara,Ramanagara,Ramanagara PS,Land Dispute,12.947713,77.169342,23-04-2024,low,open
Raichur,Raichur City,Raichur PS,Domestic Violence,16.185421,77.058842,06-01-2023,high,investigating
Vijayapura,Vijayapura City,Traffic PS,Vehicle Theft,16.600662,75.583614,17-12-2023,medium,closed
Hubballi-Dharwad,Navanagar,Rural PS,Mobile Theft,15.21268,75.189469,25-08-2023,medium,open
Uttara Kannada,Bhatkal,Town PS,Domestic Violence,14.835612,74.478864,12-01-2024,medium,open
Chitradurga,Hiriyur,Rural PS,Cybercrime,14.043599,76.396352,19-07-2023,medium,closed
Ramanagara,Kanakapura,Rural PS,Kidnapping,12.847086,77.075389,11-02-2024,low,closed
Udupi,Kundapura,Kundapura PS,Mobile Theft,13.559692,74.619557,04-03-2023,low,investigating
Shivamogga,Sagara,Sagara PS,Vehicle Theft,13.955576,75.640224,18-11-2024,low,closed
Yadgir,Yadgir City,Yadgir PS,Cybercrime,16.656829,77.308167,24-11-2023,low,open
Haveri,Savanur,Town PS,Assault,14.6585,75.448811,15-06-2023,low,investigating
Chitradurga,Chitradurga,Chitradurga PS,Burglary,14.379223,76.65865,06-06-2024,high,closed
Bengaluru Urban,Koramangala,HSR Layout PS,Burglary,13.062781,77.894538,15-05-2023,medium,investigating
Kalaburagi,Kalaburagi City,Brahmapur PS,Chain Snatching,17.389467,76.694589,30-09-2024,low,open
Ramanagara,Magadi,Magadi PS,Vehicle Theft,12.51599,77.272948,31-07-2024,low,open
Mysuru,Hunsur,Bilikere PS,Drug Offense,12.413192,76.627335,22-04-2024,low,investigating
Uttara Kannada,Sirsi,Sirsi PS,Drug Offense,14.50543,74.908396,27-10-2024,low,investigating
Kalaburagi,Kalaburagi City,University PS,Burglary,17.091254,77.0201,03-02-2023,medium,closed
Mandya,Maddur,Town PS,Murder,12.630243,77.178089,17-06-2023,high,closed
Vijayapura,Indi,Indi PS,Burglary,16.854797,75.478713,02-01-2024,high,closed
Chamarajanagar,Gundlupet,Rural PS,Assault,11.842196,76.886723,04-01-2024,medium,investigating
Kalaburagi,Jewargi,Yadrami PS,Vehicle Theft,17.253683,76.959914,21-10-2024,medium,investigating
Tumakuru,Tiptur,Town PS,Kidnapping,13.566859,76.959957,27-01-2023,medium,open
Mysuru,Nanjangud,Nanjangud Town PS,Robbery,12.36281,76.80326,19-08-2023,low,open
Yadgir,Gurmitkal,Town PS,Vehicle Theft,16.825142,77.114534,05-01-2023,low,investigating
Yadgir,Yadgir City,Traffic PS,Kidnapping,16.713188,77.159979,26-11-2023,medium,closed
Chitradurga,Hiriyur,Rural PS,Fraud,14.005891,76.1802,17-09-2023,low,open
Bengaluru Rural,Nelamangala,Soladevanahalli PS,Burglary,13.300897,77.497455,18-03-2023,medium,open
Chamarajanagar,Chamarajanagar,Chamarajanagar PS,Land Dispute,12.042377,77.158415,21-07-2023,low,closed
Uttara Kannada,Karwar,Traffic PS,Chain Snatching,14.681174,74.795106,26-11-2023,medium,investigating
Vijayapura,Sindagi,Town PS,Chain Snatching,16.807018,75.934926,10-10-2024,medium,closed
Belagavi,Belagavi City,Market PS,Mobile Theft,16.068697,74.23937,21-11-2024,medium,open
Belagavi,Gokak,Gokak Town PS,Land Dispute,15.976846,74.49972,07-08-2024,medium,closed
Chamarajanagar,Gundlupet,Gundlupet PS,Theft,11.905958,76.651751,31-10-2023,medium,closed
Yadgir,Gurmitkal,Rural PS,Robbery,17.021331,76.911478,20-07-2023,medium,investigating
Yadgir,Shahapur,Shahapur PS,Domestic Violence,16.483698,77.245952,08-02-2023,low,investigating
Belagavi,Gokak,Rural PS,Robbery,15.967742,74.432722,24-06-2024,high,investigating
Hassan,Arsikere,Arsikere PS,Fraud,12.874071,76.257836,19-05-2023,low,closed
Tumakuru,Tumakuru City,Tumakuru PS,Burglary,13.168007,77.204116,30-05-2023,low,investigating
Yadgir,Yadgir City,Traffic PS,Domestic Violence,16.598046,77.269314,05-06-2024,low,investigating
Haveri,Savanur,Town PS,Assault,14.955516,75.22215,17-06-2023,medium,open
Kalaburagi,Sedam,Rural PS,Domestic Violence,17.594931,76.610324,06-01-2023,medium,investigating
Uttara Kannada,Sirsi,Town PS,Murder,15.036922,74.913618,20-10-2023,medium,open
Ramanagara,Ramanagara,Ramanagara PS,Chain Snatching,12.914214,77.044713,18-06-2024,medium,closed
Uttara Kannada,Karwar,Karwar Town PS,Cybercrime,14.675519,74.455227,19-12-2024,high,closed
Kalaburagi,Jewargi,Rural PS,Assault,17.535964,76.779986,06-11-2024,medium,investigating
Chitradurga,Chitradurga,Traffic PS,Robbery,13.978038,76.68643,09-07-2024,low,investigating
Chitradurga,Hiriyur,Rural PS,Burglary,14.127655,76.684647,14-03-2023,high,investigating
Udupi,Kundapura,Gangolli PS,Fraud,13.385934,74.755226,15-11-2023,low,closed
Dakshina Kannada,Bantwal,Rural PS,Drug Offense,12.897209,75.337863,20-03-2023,low,closed
Yadgir,Gurmitkal,Rural PS,Cybercrime,16.841406,77.320037,20-09-2024,medium,closed
Mangaluru,Ullal,Kotekar PS,Drug Offense,13.046612,74.575836,18-12-2024,low,investigating
Shivamogga,Bhadravati,Old Town PS,Drug Offense,13.919749,75.730801,24-02-2024,high,open
Gadag,Gadag,Betageri PS,Mobile Theft,15.29036,75.686375,15-08-2024,low,open
Ballari,Hospet,Traffic PS,Assault,15.350365,77.19738,24-05-2024,medium,investigating
Bidar,Bhalki,Town PS,Chain Snatching,17.975795,77.744592,19-07-2023,high,closed
Chikkaballapura,Bagepalli,Bagepalli PS,Cybercrime,13.552032,77.461249,21-05-2024,low,closed
Bidar,Basavakalyan,Basavakalyan PS,Burglary,18.188161,77.7654,09-08-2024,medium,open
Davangere,Honnali,Nyamathi PS,Domestic Violence,14.550919,75.720513,23-11-2024,low,open
Mandya,Mandya,Town PS,Land Dispute,12.632131,77.064969,19-02-2024,high,closed
Shivamogga,Sagara,Sagara PS,Assault,14.085837,75.297566,13-01-2024,medium,open
Ramanagara,Magadi,Town PS,Kidnapping,12.826857,77.397262,27-04-2024,high,closed
Bengaluru Urban,Whitefield,Kadugodi PS,Assault,12.743827,77.320987,08-02-2024,low,investigating
Raichur,Raichur City,West PS,Theft,16.220323,77.616761,02-10-2024,medium,closed
Bidar,Basavakalyan,Basavakalyan PS,Assault,17.98058,77.261067,08-09-2024,low,closed
Vijayapura,Sindagi,Town PS,Land Dispute,17.102968,75.877164,10-11-2024,medium,closed
Chikkaballapura,Chikkaballapura,Traffic PS,Cybercrime,13.383065,77.72494,20-08-2024,medium,investigating
Chikkamagaluru,Kadur,Town PS,Domestic Violence,13.24923,75.703593,06-10-2024,low,closed
Tumakuru,Tiptur,Town PS,Domestic Violence,13.571115,76.850387,21-09-2024,medium,investigating
Davangere,Harihar,Harihar PS,Fraud,14.25926,75.766202,04-12-2023,medium,open
Mangaluru,Mangaluru,Mangaluru South PS,Kidnapping,13.155758,75.06473,18-10-2023,low,investigating
Mangaluru,Ullal,Kotekar PS,Mobile Theft,13.156458,74.99087,16-07-2023,medium,open
Hubballi-Dharwad,Dharwad,Sub Urban PS,Assault,15.583111,75.423218,10-07-2024,medium,open
Chikkaballapura,Chikkaballapura,Chikkaballapura PS,Cybercrime,13.156511,77.847754,23-01-2024,low,open
Haveri,Ranebennur,Rural PS,Mobile Theft,14.60828,75.198548,11-09-2023,low,investigating
Mandya,Mandya,Traffic PS,Vehicle Theft,12.688964,76.663317,01-07-2024,medium,investigating
Raichur,Manvi,Town PS,Theft,16.317821,77.158284,02-12-2023,medium,open
Chitradurga,Chitradurga,Traffic PS,Drug Offense,14.383868,76.431378,22-10-2024,low,closed
Chamarajanagar,Chamarajanagar,Traffic PS,Land Dispute,11.958915,76.829029,10-09-2023,medium,open
Chikkaballapura,Chikkaballapura,Chikkaballapura PS,Robbery,13.154111,77.483135,01-09-2024,low,open
Belagavi,Belagavi City,Tilakwadi PS,Robbery,15.650199,74.538586,09-02-2023,high,open
Kalaburagi,Jewargi,Yadrami PS,Burglary,17.155528,76.805613,13-02-2024,low,closed
Shivamogga,Bhadravati,Paper Town PS,Theft,13.826324,75.430126,01-08-2023,low,investigating
Chikkamagaluru,Tarikere,Lakkavalli PS,Chain Snatching,13.358941,75.878321,28-10-2023,high,closed
Bengaluru Urban,Koramangala,Koramangala PS,Assault,13.211054,77.367331,29-01-2024,medium,open
Chitradurga,Hiriyur,Hiriyur PS,Fraud,14.354802,76.326038,15-05-2024,medium,investigating
Yadgir,Yadgir City,Traffic PS,Murder,16.860484,76.969799,25-05-2024,low,open
Vijayapura,Sindagi,Town PS,Robbery,16.605081,75.430899,12-02-2023,low,open
Bengaluru Urban,Whitefield,Varthur PS,Cybercrime,12.875919,77.640714,16-04-2023,high,closed
Chitradurga,Hiriyur,Rural PS,Chain Snatching,14.119486,76.64297,23-10-2024,low,open
Haveri,Savanur,Town PS,Murder,14.788384,75.277297,16-12-2023,medium,investigating
Shivamogga,Sagara,Rural PS,Land Dispute,13.941628,75.400557,03-12-2024,low,closed
Mysuru,Hunsur,Hunsur PS,Robbery,12.314322,76.416515,10-09-2023,medium,open
Kodagu,Madikeri,Rural PS,Murder,12.460969,75.611348,01-03-2023,low,open
Bidar,Bidar City,Traffic PS,Chain Snatching,17.793474,77.648259,15-10-2024,high,closed
Mysuru,Hunsur,Hunsur PS,Fraud,12.513031,76.914886,21-11-2024,high,open
Bidar,Basavakalyan,Basavakalyan PS,Kidnapping,18.164437,77.645844,14-07-2024,low,open
Mandya,Mandya,Mandya PS,Chain Snatching,12.593419,76.696691,28-06-2023,low,investigating
Ballari,Ballari City,Ballari PS,Vehicle Theft,15.04984,77.09851,16-03-2023,medium,open
Hassan,Sakleshpur,Sakleshpur PS,Theft,13.084091,76.11338,18-04-2024,high,investigating
Vijayapura,Sindagi,Rural PS,Assault,16.811467,75.852728,05-09-2024,low,investigating
Bidar,Bidar City,Traffic PS,Kidnapping,17.753093,77.237492,07-06-2023,low,closed
Chikkaballapura,Bagepalli,Town PS,Robbery,13.73319,77.536684,29-03-2023,low,investigating
Chamarajanagar,Gundlupet,Rural PS,Domestic Violence,12.196697,76.790776,23-10-2024,low,open
Bengaluru Rural,Doddaballapura,Rural PS,Chain Snatching,13.192122,77.550089,11-03-2024,low,closed
Dakshina Kannada,Sullia,Sullia PS,Land Dispute,12.869467,75.090812,21-03-2024,medium,investigating
Chitradurga,Hiriyur,Hiriyur PS,Land Dispute,14.205727,76.133663,10-10-2023,low,investigating
Bengaluru Urban,Yelahanka,Attur PS,Burglary,13.254706,77.682703,28-03-2024,low,investigating
Mandya,Mandya,Mandya PS,Fraud,12.592254,77.00434,28-08-2024,high,closed
Koppal,Kushtagi,Rural PS,Domestic Violence,15.251129,76.320457,01-11-2023,medium,closed
Chikkaballapura,Bagepalli,Town PS,Drug Offense,13.29899,77.74649,27-06-2024,medium,closed
Uttara Kannada,Karwar,Bazar PS,Chain Snatching,14.58044,74.689108,24-10-2024,low,open
Hubballi-Dharwad,Hubballi,Keshwapur PS,Cybercrime,15.151204,75.333162,22-02-2023,high,investigating
Kolar,Kolar,Kolar PS,Murder,13.134562,77.87941,02-04-2023,high,open
Chikkaballapura,Sidlaghatta,Sidlaghatta PS,Domestic Violence,13.578897,77.468665,05-11-2023,high,open
Ramanagara,Ramanagara,Ramanagara PS,Theft,12.480335,77.362354,08-12-2024,medium,closed
Hubballi-Dharwad,Navanagar,Town PS,Vehicle Theft,15.628397,75.305883,09-09-2024,medium,open
Haveri,Savanur,Rural PS,Domestic Violence,14.77994,75.512696,03-02-2024,low,open
Dakshina Kannada,Puttur,Traffic PS,Assault,13.037361,75.025872,24-02-2023,low,closed
Kolar,Bangarapet,Town PS,Vehicle Theft,13.099779,77.846929,20-08-2023,medium,investigating
Gadag,Mundargi,Town PS,Robbery,15.313928,75.741253,29-01-2024,medium,investigating
Chamarajanagar,Kollegal,Kollegal PS,Vehicle Theft,12.176213,76.68124,18-08-2024,medium,closed
Ballari,Ballari City,Brucepet PS,Theft,15.195702,77.085823,30-08-2024,high,open
Chamarajanagar,Kollegal,Rural PS,Vehicle Theft,12.115947,76.717951,13-12-2023,low,closed
Chamarajanagar,Gundlupet,Rural PS,Theft,11.768202,76.924181,26-12-2024,low,closed
Kolar,Bangarapet,Rural PS,Assault,13.427576,78.378409,01-08-2023,medium,investigating
Ballari,Sandur,Rural PS,Cybercrime,15.310485,76.933068,26-08-2024,high,open
Chitradurga,Hiriyur,Rural PS,Murder,14.358492,76.421835,24-11-2023,high,closed
Kodagu,Virajpet,Rural PS,Fraud,12.534034,75.539146,26-10-2024,low,investigating
Bengaluru Urban,Yelahanka,Attur PS,Land Dispute,13.143543,77.650331,26-01-2023,high,investigating
Dakshina Kannada,Bantwal,Rural PS,Mobile Theft,13.139528,75.316638,31-08-2024,medium,investigating
Dakshina Kannada,Sullia,Rural PS,Burglary,12.588181,75.32699,29-10-2024,high,open
Dakshina Kannada,Sullia,Sullia PS,Murder,12.663255,75.17277,27-09-2023,high,closed
Belagavi,Belagavi City,Market PS,Kidnapping,15.698114,74.55531,29-06-2023,low,investigating
Kolar,Bangarapet,Town PS,Robbery,13.18065,77.977255,15-06-2024,low,open
Hassan,Hassan City,Extension PS,Kidnapping,13.079606,76.353544,21-02-2024,low,open
Raichur,Raichur City,West PS,Assault,16.474713,77.341694,18-02-2024,high,open
Chamarajanagar,Chamarajanagar,Town PS,Domestic Violence,12.012309,76.822395,03-12-2024,low,open
Hubballi-Dharwad,Hubballi,Old Hubballi PS,Cybercrime,15.473571,75.144211,17-06-2023,medium,investigating
Uttara Kannada,Karwar,Traffic PS,Vehicle Theft,14.821865,74.833745,08-04-2024,medium,open
Kalaburagi,Kalaburagi City,Brahmapur PS,Robbery,17.113893,76.726231,11-03-2023,low,closed
Chikkaballapura,Chikkaballapura,Town PS,Murder,13.559743,77.512797,05-02-2023,medium,investigating
Bengaluru Rural,Doddaballapura,Rural PS,Kidnapping,12.900515,77.680722,31-08-2024,low,investigating
Hassan,Sakleshpur,Sakleshpur PS,Land Dispute,13.034528,76.290872,31-10-2023,low,investigating
Tumakuru,Madhugiri,Town PS,Chain Snatching,13.541371,76.892716,02-06-2023,medium,closed
Bidar,Bhalki,Town PS,Domestic Violence,17.971275,77.640385,02-10-2024,medium,closed
Kodagu,Virajpet,Town PS,Theft,12.213019,76.093547,04-02-2023,low,open
Hassan,Arsikere,Town PS,Cybercrime,12.71452,76.017986,12-11-2024,low,investigating
Vijayapura,Indi,Rural PS,Vehicle Theft,16.552384,75.810145,08-08-2023,low,open
Ramanagara,Kanakapura,Rural PS,Domestic Violence,12.950878,77.056073,02-07-2024,low,investigating
Haveri,Haveri,Haveri PS,Vehicle Theft,14.829433,75.37419,23-01-2024,medium,closed
Chamarajanagar,Chamarajanagar,Chamarajanagar PS,Cybercrime,12.051726,76.993252,02-10-2023,medium,open
Chikkaballapura,Chikkaballapura,Chikkaballapura PS,Fraud,13.510121,77.9353,28-10-2024,medium,closed
Chitradurga,Chitradurga,Town PS,Robbery,14.083582,76.601745,01-10-2024,medium,closed
Koppal,Koppal City,Koppal PS,Drug Offense,15.260026,75.966003,27-04-2024,low,investigating
Bengaluru Rural,Devanahalli,Devanahalli PS,Theft,12.918747,77.637688,31-01-2023,medium,closed
Yadgir,Yadgir City,Town PS,Cybercrime,16.786196,77.01628,20-05-2023,high,investigating
Bengaluru Rural,Devanahalli,Vijayapura PS,Vehicle Theft,13.399735,77.190722,29-12-2024,high,open
Dakshina Kannada,Sullia,Sullia PS,Cybercrime,12.805223,75.371386,03-05-2024,low,closed
Chamarajanagar,Gundlupet,Town PS,Murder,11.84184,76.889724,06-08-2024,medium,investigating
Ballari,Sandur,Toranagallu PS,Drug Offense,14.984411,77.084116,04-12-2023,medium,open
Ballari,Ballari City,Cowl Bazaar PS,Kidnapping,14.868645,76.836029,03-06-2023,high,closed
Mysuru,Nanjangud,Nanjangud Town PS,Fraud,12.14976,76.415204,18-08-2023,medium,open
Ballari,Ballari City,Cowl Bazaar PS,Fraud,15.392575,77.079287,24-01-2023,low,open
Mandya,Mandya,Mandya PS,Assault,12.482376,76.962021,30-06-2023,high,investigating
Chikkaballapura,Sidlaghatta,Rural PS,Burglary,13.438617,77.959885,24-03-2024,high,open
Tumakuru,Tiptur,Rural PS,Kidnapping,13.20548,77.337384,21-07-2024,medium,closed
Tumakuru,Tumakuru City,Tumakuru PS,Land Dispute,13.399255,77.148412,07-06-2023,medium,closed
Udupi,Udupi,Manipal PS,Drug Offense,13.488953,74.616741,25-01-2024,medium,investigating
Hubballi-Dharwad,Hubballi,Old Hubballi PS,Fraud,15.49046,75.27934,10-10-2023,high,investigating
Shivamogga,Shivamogga City,Doddapete PS,Burglary,14.119812,75.787059,22-06-2024,medium,open
Ballari,Hospet,Hospet Town PS,Robbery,15.293986,76.83661,27-09-2023,medium,investigating
Chikkamagaluru,Tarikere,Tarikere PS,Land Dispute,13.518625,75.587624,23-04-2023,low,closed
Chikkamagaluru,Kadur,Town PS,Vehicle Theft,13.212389,76.04714,15-02-2023,high,investigating
Kolar,Kolar,Kolar PS,Assault,13.126989,78.194609,14-04-2024,high,closed
Udupi,Kundapura,Kundapura PS,Vehicle Theft,13.096763,74.673844,06-11-2023,medium,closed
Kalaburagi,Sedam,Town PS,Drug Offense,17.232085,76.57818,29-11-2023,low,open
Bengaluru Urban,Koramangala,Madiwala PS,Burglary,13.249879,77.384183,16-06-2023,low,closed
Chikkamagaluru,Chikkamagaluru City,Chikkamagaluru PS,Vehicle Theft,13.205014,75.941376,20-06-2023,low,open
Raichur,Manvi,Town PS,Domestic Violence,16.15814,77.559261,23-03-2023,low,closed
Ballari,Hospet,Rural PS,Vehicle Theft,14.855434,77.027693,07-07-2023,low,investigating
Bengaluru Rural,Nelamangala,Nelamangala PS,Assault,12.960508,77.728418,29-01-2024,high,investigating
Yadgir,Yadgir City,Traffic PS,Cybercrime,16.744945,77.4116,01-06-2024,low,investigating
Kodagu,Somwarpet,Somwarpet PS,Domestic Violence,12.132364,76.013403,22-02-2024,high,open
Chikkaballapura,Bagepalli,Rural PS,Fraud,13.171978,77.740957,11-12-2023,medium,closed
Uttara Kannada,Bhatkal,Rural PS,Land Dispute,14.622924,74.653334,18-07-2024,low,investigating
Dakshina Kannada,Bantwal,Town PS,Vehicle Theft,12.942822,75.168692,22-12-2024,low,open
Hassan,Sakleshpur,Town PS,Theft,12.810165,75.928588,08-08-2024,high,closed
Hassan,Arsikere,Arsikere PS,Domestic Violence,12.740787,75.848317,14-02-2023,low,closed
Bengaluru Rural,Doddaballapura,Doddaballapura PS,Chain Snatching,12.994876,77.448098,28-12-2023,medium,open
Hubballi-Dharwad,Hubballi,Old Hubballi PS,Kidnapping,15.105726,75.416991,06-01-2023,low,open
Bidar,Basavakalyan,Rural PS,Mobile Theft,17.78707,77.381743,04-11-2024,medium,open
Mandya,Maddur,Rural PS,Robbery,12.721638,76.603313,08-08-2024,low,closed
Uttara Kannada,Karwar,Traffic PS,Theft,14.703892,74.954051,07-10-2024,medium,closed
Vijayapura,Vijayapura City,Gandhi Chowk PS,Domestic Violence,17.005412,75.82334,06-08-2023,low,closed
Bidar,Bhalki,Bhalki PS,Drug Offense,18.079971,77.632687,16-12-2024,low,investigating
Dakshina Kannada,Bantwal,Rural PS,Robbery,12.761787,74.951432,02-12-2023,low,investigating
Chamarajanagar,Chamarajanagar,Chamarajanagar PS,Burglary,11.888706,77.136129,01-05-2024,low,open
Raichur,Manvi,Manvi PS,Fraud,16.238609,77.04536,11-09-2023,low,closed
Kolar,Bangarapet,Town PS,Burglary,12.943545,77.926751,10-08-2024,low,investigating
Belagavi,Gokak,Gokak Town PS,Fraud,15.580579,74.531334,02-04-2024,medium,investigating
Haveri,Haveri,Traffic PS,Vehicle Theft,14.743621,75.465087,26-07-2024,low,closed
Kodagu,Madikeri,Madikeri PS,Chain Snatching,12.393191,75.842293,28-09-2024,medium,open
Mandya,Srirangapatna,Town PS,Fraud,12.336303,76.99814,12-03-2024,high,investigating
Davangere,Harihar,Town PS,Land Dispute,14.183806,76.122737,20-02-2023,low,closed
Ballari,Hospet,Traffic PS,Land Dispute,14.9722,76.835484,27-11-2024,low,investigating
Udupi,Kundapura,Gangolli PS,Assault,13.056532,74.485286,07-04-2023,low,investigating
Shivamogga,Shivamogga City,Traffic PS,Drug Offense,14.063928,75.348935,22-03-2023,medium,closed
Belagavi,Chikodi,Rural PS,Drug Offense,15.943077,74.768779,22-04-2024,high,closed
Shivamogga,Shivamogga City,Vinobanagar PS,Assault,13.635698,75.340309,23-01-2024,medium,open
Bidar,Bidar City,New Town PS,Mobile Theft,18.040711,77.518252,13-01-2024,low,open
Bengaluru Urban,Koramangala,HSR Layout PS,Mobile Theft,12.895712,77.85463,27-10-2024,high,investigating
Yadgir,Shahapur,Town PS,Drug Offense,16.489883,77.199401,06-06-2023,low,closed
Mandya,Mandya,Traffic PS,Mobile Theft,12.782777,76.991898,16-10-2023,low,investigating
Kolar,Bangarapet,Town PS,Domestic Violence,13.083925,78.011363,15-07-2024,low,closed
Chitradurga,Chitradurga,Traffic PS,Land Dispute,14.006938,76.662034,24-12-2023,medium,investigating
Mandya,Mandya,Mandya PS,Domestic Violence,12.597799,76.764821,01-02-2024,low,open
Tumakuru,Tiptur,Rural PS,Fraud,13.043821,77.321188,04-01-2023,medium,closed
Ballari,Ballari City,Ballari PS,Cybercrime,15.291006,76.883002,31-10-2023,low,closed
Hubballi-Dharwad,Dharwad,Sub Urban PS,Land Dispute,15.149226,75.288659,16-08-2024,medium,investigating
Raichur,Raichur City,Raichur PS,Vehicle Theft,16.394308,77.63792,16-10-2024,low,closed
Mandya,Mandya,Traffic PS,Mobile Theft,12.562621,76.851759,31-12-2024,low,open
Tumakuru,Tiptur,Rural PS,Theft,13.172109,77.031476,02-03-2023,high,open
Belagavi,Belagavi City,Tilakwadi PS,Burglary,16.144916,74.728042,28-02-2023,high,investigating
Tumakuru,Tiptur,Town PS,Assault,13.078737,77.255642,28-01-2024,low,open
Kolar,Malur,Town PS,Cybercrime,13.30599,78.209069,18-11-2024,low,investigating
Yadgir,Yadgir City,Town PS,Mobile Theft,16.866748,76.846725,23-12-2024,low,investigating
Bengaluru Urban,Whitefield,Whitefield PS,Theft,12.962957,77.668761,27-07-2024,medium,investigating
Tumakuru,Tiptur,Tiptur PS,Theft,13.361596,77.273227,21-10-2024,high,closed
Belagavi,Belagavi City,Belagavi PS,Kidnapping,15.894374,74.209598,01-02-2024,medium,investigating
Uttara Kannada,Sirsi,Rural PS,Theft,14.967314,74.520349,05-10-2023,low,closed
Haveri,Savanur,Savanur PS,Domestic Violence,14.716396,75.560965,20-11-2024,low,investigating
Uttara Kannada,Karwar,Karwar Town PS,Robbery,14.519966,74.765274,26-07-2023,low,open
Chitradurga,Chitradurga,Chitradurga PS,Drug Offense,13.969026,76.53271,30-03-2024,low,investigating
Mysuru,Nanjangud,Traffic PS,Burglary,12.4105,76.838721,29-07-2024,medium,investigating
Mysuru,Mysuru City,Lakshmipuram PS,Vehicle Theft,12.516197,76.552805,12-10-2024,low,investigating
Udupi,Karkala,Hebri PS,Murder,13.325925,74.466444,09-11-2024,low,open
Koppal,Kushtagi,Kushtagi PS,Fraud,15.165242,76.426423,26-12-2023,low,closed
Dakshina Kannada,Sullia,Town PS,Chain Snatching,12.943956,75.337209,10-03-2024,medium,open
Raichur,Sindhanur,Town PS,Burglary,16.399938,77.467936,15-12-2023,low,open
Uttara Kannada,Karwar,Traffic PS,Robbery,14.882301,74.653358,27-04-2024,medium,closed
Kodagu,Virajpet,Rural PS,Mobile Theft,12.064898,75.551419,21-08-2024,low,open
Bidar,Bidar City,New Town PS,Mobile Theft,18.0691,77.776083,30-01-2024,medium,open
Hassan,Sakleshpur,Sakleshpur PS,Burglary,13.136587,76.240679,20-11-2023,high,open
Ballari,Hospet,Traffic PS,Kidnapping,15.07044,76.78742,23-12-2023,medium,investigating
Bengaluru Rural,Nelamangala,Soladevanahalli PS,Fraud,13.10189,77.692906,28-07-2023,medium,closed
Mysuru,Nanjangud,Traffic PS,Drug Offense,12.260099,76.513749,26-12-2024,medium,investigating
Uttara Kannada,Sirsi,Rural PS,Mobile Theft,15.030639,74.705538,23-02-2024,low,open
Shivamogga,Bhadravati,Bhadravati PS,Vehicle Theft,14.221192,75.595903,08-09-2024,medium,open
Dakshina Kannada,Puttur,Traffic PS,Mobile Theft,12.923669,75.523431,10-07-2023,high,open
Raichur,Manvi,Town PS,Robbery,16.105607,77.269721,01-03-2024,low,open
Chamarajanagar,Kollegal,Rural PS,Murder,11.67083,77.043223,03-01-2024,low,investigating
Chikkamagaluru,Kadur,Town PS,Land Dispute,13.228388,75.513609,19-03-2024,high,investigating
Vijayapura,Vijayapura City,Gandhi Chowk PS,Burglary,16.861318,75.803161,06-01-2023,high,open
Uttara Kannada,Sirsi,Town PS,Murder,14.551936,74.843619,02-12-2024,low,open
Kodagu,Madikeri,Madikeri PS,Assault,12.433095,75.941625,01-12-2023,low,investigating
Chitradurga,Chitradurga,Chitradurga PS,Cybercrime,14.350832,76.329037,19-06-2024,medium,open
Koppal,Koppal City,Traffic PS,Vehicle Theft,15.272733,76.388818,01-03-2024,low,investigating
Shivamogga,Bhadravati,Paper Town PS,Theft,13.835175,75.740716,01-05-2024,medium,open
Chikkamagaluru,Kadur,Kadur PS,Burglary,13.552248,75.991903,22-06-2024,medium,open
Uttara Kannada,Sirsi,Rural PS,Land Dispute,14.528496,74.818456,05-09-2023,low,investigating
Kolar,Malur,Rural PS,Robbery,13.076492,77.851799,20-05-2024,low,investigating
Chamarajanagar,Kollegal,Town PS,Kidnapping,11.724454,76.943241,22-03-2023,low,open
Kalaburagi,Sedam,Rural PS,Burglary,17.096172,76.913865,29-01-2024,medium,investigating
Mandya,Srirangapatna,Town PS,Fraud,12.397267,76.812428,04-10-2023,medium,investigating
Dakshina Kannada,Puttur,Town PS,Burglary,12.675843,75.134997,30-04-2023,low,investigating
Kalaburagi,Kalaburagi City,University PS,Vehicle Theft,17.241964,76.960735,13-02-2023,medium,closed
Haveri,Haveri,Haveri PS,Domestic Violence,14.703986,75.146662,19-06-2024,medium,closed
Mandya,Maddur,Rural PS,Kidnapping,12.637518,77.158536,13-09-2023,low,investigating
Kalaburagi,Jewargi,Yadrami PS,Vehicle Theft,17.03126,76.691801,21-02-2023,high,closed
Ramanagara,Magadi,Magadi PS,Kidnapping,12.422586,77.375766,25-02-2024,high,investigating
Chikkaballapura,Bagepalli,Bagepalli PS,Murder,13.600567,77.859672,09-08-2024,medium,open
Ramanagara,Magadi,Magadi PS,Burglary,12.569744,77.444437,02-04-2024,low,closed
Uttara Kannada,Bhatkal,Town PS,Robbery,14.965559,74.548991,27-01-2023,medium,open
Koppal,Koppal City,Town PS,Fraud,15.115542,76.346948,03-01-2023,medium,open
Davangere,Harihar,Harihar PS,Murder,14.165296,75.870191,07-11-2023,low,open
Belagavi,Belagavi City,Belagavi PS,Fraud,15.896371,74.474147,12-12-2024,low,closed
Vijayapura,Sindagi,Rural PS,Fraud,17.049107,75.737433,18-07-2024,low,open
Uttara Kannada,Bhatkal,Bhatkal PS,Burglary,14.502077,74.610349,03-08-2023,high,closed
Kalaburagi,Sedam,Rural PS,Drug Offense,17.527943,77.12494,12-02-2024,low,investigating
Davangere,Harihar,Rural PS,Assault,14.234809,75.917677,11-09-2023,low,open
Shivamogga,Shivamogga City,Doddapete PS,Theft,14.050606,75.284783,15-11-2024,low,investigating
Chitradurga,Chitradurga,Town PS,Mobile Theft,14.499172,76.297826,28-04-2024,low,investigating
Bengaluru Rural,Doddaballapura,Town PS,Mobile Theft,13.426742,77.718217,01-03-2024,high,open
Hassan,Hassan City,Traffic PS,Fraud,12.764894,76.280696,13-07-2023,medium,closed
Uttara Kannada,Sirsi,Sirsi PS,Murder,14.947224,74.602129,21-09-2023,low,closed
Kalaburagi,Jewargi,Yadrami PS,Land Dispute,17.070268,76.778127,01-10-2024,high,open
Davangere,Harihar,Rural PS,Theft,14.584466,75.812474,26-11-2024,low,open
Kalaburagi,Jewargi,Yadrami PS,Cybercrime,17.303017,76.887447,19-06-2024,medium,investigating
Raichur,Sindhanur,Sindhanur PS,Chain Snatching,16.38538,77.153873,06-03-2023,low,closed
Gadag,Mundargi,Rural PS,Fraud,15.351721,75.704491,25-09-2024,low,investigating
Kalaburagi,Jewargi,Yadrami PS,Robbery,17.563972,77.076984,09-09-2024,low,closed
Hassan,Arsikere,Rural PS,Fraud,12.729209,76.323715,01-02-2023,low,investigating
Haveri,Haveri,Traffic PS,Mobile Theft,14.814576,75.685472,19-05-2023,low,closed
Mangaluru,Ullal,Kotekar PS,Theft,12.846587,75.071001,27-08-2024,medium,closed
Bengaluru Urban,Koramangala,HSR Layout PS,Domestic Violence,12.812453,77.648879,13-08-2023,low,open
Shivamogga,Shivamogga City,Vinobanagar PS,Chain Snatching,13.985661,75.360475,28-09-2023,medium,open
Uttara Kannada,Sirsi,Town PS,Theft,14.501615,74.594567,04-02-2024,medium,open
Uttara Kannada,Karwar,Karwar Town PS,Fraud,14.73246,74.952749,26-04-2023,medium,investigating
Ramanagara,Magadi,Magadi PS,Theft,12.795161,77.097048,22-06-2023,low,closed
Mysuru,Mysuru City,Nazarbad PS,Burglary,12.00325,76.383596,18-04-2024,medium,investigating
Uttara Kannada,Bhatkal,Town PS,Land Dispute,15.039235,74.817013,21-06-2024,low,investigating
Davangere,Harihar,Rural PS,Murder,14.517582,75.796043,08-03-2024,low,investigating
Koppal,Koppal City,Koppal PS,Vehicle Theft,15.069564,76.439457,06-05-2024,medium,closed
Kodagu,Virajpet,Town PS,Murder,12.470373,75.660001,17-07-2024,low,investigating
Haveri,Savanur,Savanur PS,Mobile Theft,14.516144,75.160971,10-01-2023,low,closed
Ramanagara,Ramanagara,Traffic PS,Land Dispute,12.524424,77.318295,29-07-2023,high,closed
Mangaluru,Mangaluru,Pandeshwar PS,Burglary,12.891989,74.830678,10-03-2024,medium,open
Shivamogga,Bhadravati,Paper Town PS,Theft,13.823958,75.668741,21-06-2024,low,closed
Dakshina Kannada,Puttur,Town PS,Fraud,12.698375,75.468314,09-11-2024,medium,investigating
Hubballi-Dharwad,Navanagar,Navanagar PS,Murder,15.439981,75.235446,02-08-2024,medium,closed
Chamarajanagar,Gundlupet,Town PS,Assault,12.175529,76.867634,17-01-2024,low,open
Chikkaballapura,Chikkaballapura,Town PS,Assault,13.574239,77.849814,31-08-2023,low,open
Ballari,Sandur,Toranagallu PS,Fraud,15.128737,76.807729,07-11-2023,low,investigating
Uttara Kannada,Bhatkal,Bhatkal PS,Robbery,14.93238,74.914861,15-02-2023,medium,investigating
Udupi,Udupi,Manipal PS,Mobile Theft,13.518402,74.474215,25-12-2023,high,open
Mysuru,Mysuru City,Nazarbad PS,Assault,12.309442,76.929488,25-05-2023,low,open
Udupi,Udupi,Manipal PS,Robbery,13.339903,74.927736,22-03-2024,high,investigating
Mangaluru,Ullal,Konaje PS,Assault,13.166457,74.844633,01-10-2023,medium,investigating
Gadag,Mundargi,Mundargi PS,Vehicle Theft,15.490829,75.778097,04-12-2024,low,closed
Tumakuru,Madhugiri,Madhugiri PS,Land Dispute,13.171735,77.060785,22-05-2024,low,investigating
Haveri,Ranebennur,Ranebennur PS,Cybercrime,14.861795,75.280179,01-10-2024,low,closed
Chitradurga,Chitradurga,Traffic PS,Kidnapping,14.058851,76.109732,08-11-2024,low,open
Tumakuru,Tiptur,Rural PS,Theft,13.451345,77.008355,13-10-2024,low,investigating
Chitradurga,Hiriyur,Town PS,Robbery,14.081303,76.128931,06-05-2023,low,closed
Kalaburagi,Sedam,Rural PS,Theft,17.615646,76.760882,07-01-2024,low,closed
Kolar,Bangarapet,Rural PS,Domestic Violence,13.404915,77.831256,18-10-2024,medium,open
Yadgir,Shahapur,Town PS,Kidnapping,16.869729,77.335946,13-05-2024,medium,open
Raichur,Raichur City,West PS,Theft,16.171009,77.491484,16-04-2023,medium,investigating
Mysuru,Mysuru City,Lakshmipuram PS,Land Dispute,12.34244,76.925845,27-09-2024,low,open
Hassan,Arsikere,Rural PS,Cybercrime,12.750386,76.033517,04-06-2024,high,investigating
Ramanagara,Ramanagara,Traffic PS,Vehicle Theft,12.541423,77.434301,15-08-2024,low,investigating
Vijayapura,Indi,Town PS,Vehicle Theft,17.032118,75.86037,28-11-2024,medium,closed
Kolar,Kolar,Traffic PS,Cybercrime,12.858592,78.275169,22-01-2023,low,investigating
Raichur,Sindhanur,Rural PS,Chain Snatching,16.507212,77.256041,22-10-2024,high,closed
Belagavi,Chikodi,Nippani PS,Cybercrime,16.11575,74.199499,27-08-2023,high,investigating
Chikkamagaluru,Tarikere,Rural PS,Mobile Theft,13.194909,75.626313,09-04-2023,medium,investigating
Bengaluru Urban,Yelahanka,Attur PS,Theft,13.249038,77.302728,07-03-2024,low,closed
Hassan,Hassan City,Hassan PS,Chain Snatching,12.741924,75.807102,29-12-2024,low,investigating
Shivamogga,Sagara,Anandapura PS,Burglary,13.65881,75.848052,30-03-2024,low,closed
Koppal,Kushtagi,Town PS,Fraud,15.581992,76.093518,07-07-2024,medium,investigating
Dakshina Kannada,Sullia,Town PS,Theft,12.655114,75.436164,02-02-2024,low,closed
Shivamogga,Shivamogga City,Vinobanagar PS,Cybercrime,13.684257,75.720637,22-11-2023,high,investigating
Vijayapura,Indi,Rural PS,Drug Offense,16.613979,75.84945,04-01-2023,low,open
Gadag,Gadag,Betageri PS,Land Dispute,15.48737,75.480836,22-10-2024,medium,closed
Chamarajanagar,Chamarajanagar,Chamarajanagar PS,Assault,11.969497,76.989303,18-10-2024,high,open
Ballari,Hospet,Rural PS,Murder,15.158889,76.95217,21-05-2023,low,investigating
Mandya,Maddur,Rural PS,Land Dispute,12.281496,77.095725,06-06-2024,medium,open
Mangaluru,Mangaluru,Mangaluru South PS,Fraud,13.027437,75.14,07-11-2024,low,investigating
Chikkaballapura,Bagepalli,Rural PS,Robbery,13.176827,77.434016,09-06-2024,medium,open
Hassan,Arsikere,Rural PS,Robbery,13.024655,76.339438,11-07-2023,low,closed
Tumakuru,Madhugiri,Rural PS,Cybercrime,13.287995,77.079401,21-06-2024,low,open
Kolar,Kolar,Kolar PS,Vehicle Theft,13.298334,78.224918,07-02-2024,low,closed
Tumakuru,Tiptur,Rural PS,Murder,13.156289,76.949615,21-03-2023,medium,open
Yadgir,Gurmitkal,Gurmitkal PS,Drug Offense,16.881527,77.012917,07-12-2024,high,closed
Chamarajanagar,Gundlupet,Rural PS,Land Dispute,12.010113,76.931809,17-07-2024,low,open
Vijayapura,Indi,Rural PS,Burglary,16.835171,75.785917,09-07-2024,low,closed
Kodagu,Virajpet,Virajpet PS,Cybercrime,12.122987,75.608388,16-06-2023,medium,open
Bidar,Basavakalyan,Town PS,Fraud,17.7461,77.449144,18-12-2023,high,closed
Mangaluru,Mangaluru,Mangaluru North PS,Fraud,13.123633,75.145973,09-06-2024,medium,closed
Mangaluru,Surathkal,Panambur PS,Domestic Violence,12.896371,74.900462,20-10-2024,high,open
Tumakuru,Madhugiri,Rural PS,Assault,13.383132,76.964512,19-04-2024,high,closed
Chamarajanagar,Chamarajanagar,Chamarajanagar PS,Land Dispute,12.036797,76.834964,21-09-2023,low,closed
Udupi,Karkala,Ajekar PS,Theft,13.052229,74.816007,16-07-2024,medium,open
Mangaluru,Mangaluru,Mangaluru North PS,Drug Offense,12.649632,74.73525,05-03-2023,low,investigating
Bidar,Basavakalyan,Rural PS,Fraud,18.055835,77.293164,07-10-2023,low,closed
Chikkamagaluru,Tarikere,Rural PS,Robbery,13.077728,75.701858,02-10-2024,low,open
Kolar,Kolar,Town PS,Drug Offense,12.966498,78.178447,18-10-2023,medium,closed
Mangaluru,Ullal,Kotekar PS,Mobile Theft,12.932258,75.099327,28-06-2023,medium,investigating
Tumakuru,Tiptur,Rural PS,Theft,13.404115,77.29091,20-01-2023,medium,closed
Davangere,Harihar,Harihar PS,Cybercrime,14.600556,75.732851,29-02-2024,low,investigating
Mandya,Maddur,Town PS,Theft,12.820873,76.720154,13-11-2024,low,investigating
Kolar,Malur,Town PS,Murder,13.193308,78.110622,26-05-2023,medium,investigating
Bengaluru Urban,Yelahanka,Yelahanka PS,Drug Offense,12.71911,77.828209,29-06-2024,high,open
Kalaburagi,Jewargi,Yadrami PS,Domestic Violence,17.236392,76.994191,13-09-2023,medium,closed
Davangere,Honnali,Rural PS,Kidnapping,14.406178,76.027149,06-07-2023,medium,open
Davangere,Harihar,Rural PS,Assault,14.393491,75.929506,20-03-2023,low,closed
Yadgir,Shahapur,Shahapur PS,Assault,16.990272,77.411769,03-08-2024,medium,closed
Raichur,Manvi,Town PS,Theft,16.30446,77.4708,13-07-2024,high,open
Mandya,Mandya,Mandya PS,Burglary,12.76139,77.00956,14-08-2024,medium,open
Uttara Kannada,Bhatkal,Town PS,Murder,14.592959,74.863117,02-05-2023,medium,open
Shivamogga,Sagara,Anandapura PS,Chain Snatching,13.895771,75.772938,12-02-2024,medium,closed
Chikkamagaluru,Tarikere,Tarikere PS,Fraud,13.095124,75.643649,14-02-2024,medium,open
Bengaluru Rural,Devanahalli,Vijayapura PS,Cybercrime,13.276012,77.335944,26-12-2024,medium,open
Dakshina Kannada,Bantwal,Town PS,Land Dispute,12.818766,75.316089,31-05-2024,medium,closed
Shivamogga,Bhadravati,Bhadravati PS,Domestic Violence,13.8279,75.466503,02-04-2024,high,closed
Uttara Kannada,Sirsi,Sirsi PS,Land Dispute,14.968111,74.870122,12-06-2024,medium,investigating
Udupi,Kundapura,Byndoor PS,Theft,13.19964,74.79317,23-11-2024,high,investigating
Chamarajanagar,Gundlupet,Gundlupet PS,Theft,11.99745,76.76314,13-01-2023,medium,investigating
Dakshina Kannada,Bantwal,Rural PS,Chain Snatching,13.101434,75.53167,06-03-2024,medium,investigating
Mysuru,Mysuru City,Lakshmipuram PS,Chain Snatching,12.520296,76.926828,30-06-2023,medium,closed
Haveri,Savanur,Rural PS,Domestic Violence,15.00408,75.105805,16-06-2024,low,open
Mandya,Mandya,Mandya PS,Assault,12.665771,77.191363,04-12-2023,high,closed
Chitradurga,Chitradurga,Traffic PS,Cybercrime,14.226027,76.628324,02-10-2024,high,closed
Chikkamagaluru,Chikkamagaluru City,Traffic PS,Murder,13.363614,75.91458,30-08-2023,medium,open
Uttara Kannada,Sirsi,Sirsi PS,Burglary,14.492034,74.482666,01-02-2024,high,open
Uttara Kannada,Sirsi,Rural PS,Burglary,14.697832,74.622863,20-06-2024,high,open
Koppal,Koppal City,Town PS,Vehicle Theft,15.638175,75.933747,13-07-2023,medium,closed
Vijayapura,Indi,Indi PS,Mobile Theft,16.601803,75.574128,24-05-2024,low,open
Yadgir,Gurmitkal,Town PS,Assault,17.055589,77.296809,03-05-2023,low,investigating
Haveri,Savanur,Rural PS,Murder,14.91296,75.301668,24-04-2024,low,open
Dakshina Kannada,Bantwal,Town PS,Domestic Violence,12.589717,75.057437,20-04-2023,low,closed
Chikkaballapura,Chikkaballapura,Chikkaballapura PS,Mobile Theft,13.665457,77.538189,26-06-2023,low,closed
Bidar,Bhalki,Bhalki PS,Assault,18.086946,77.613429,06-11-2024,medium,closed
Chikkaballapura,Chikkaballapura,Town PS,Theft,13.689213,77.817078,30-09-2023,low,closed
Haveri,Savanur,Town PS,Land Dispute,14.560024,75.10067,28-09-2023,medium,open
Mangaluru,Ullal,Kotekar PS,Domestic Violence,13.146827,74.805228,29-08-2024,medium,closed
Dakshina Kannada,Puttur,Traffic PS,Murder,12.617235,75.006204,28-07-2024,medium,closed
Mysuru,Nanjangud,Rural PS,Land Dispute,12.131241,76.396264,22-12-2023,medium,investigating
Belagavi,Gokak,Traffic PS,Chain Snatching,15.850778,74.594517,05-06-2024,high,open
Kolar,Malur,Rural PS,Robbery,12.927736,78.163045,04-06-2023,medium,closed
Tumakuru,Tiptur,Tiptur PS,Chain Snatching,13.633353,76.938651,23-03-2023,medium,open
Shivamogga,Shivamogga City,Vinobanagar PS,Burglary,13.644917,75.321312,04-02-2023,low,investigating
Hubballi-Dharwad,Hubballi,Old Hubballi PS,Murder,15.177546,75.047936,31-01-2023,low,open
Haveri,Haveri,Haveri PS,Kidnapping,14.816068,75.589538,10-03-2023,low,open
Raichur,Manvi,Town PS,Mobile Theft,16.106788,77.637293,28-06-2023,medium,open
Haveri,Ranebennur,Ranebennur PS,Domestic Violence,14.573474,75.661211,15-04-2024,low,investigating
Yadgir,Gurmitkal,Gurmitkal PS,Cybercrime,17.067252,77.147771,06-01-2023,low,investigating
Raichur,Raichur City,Raichur PS,Kidnapping,16.467154,77.509819,27-09-2024,low,investigating
Mysuru,Hunsur,Hunsur PS,Vehicle Theft,12.048121,76.699841,28-11-2024,low,closed
Koppal,Kushtagi,Kushtagi PS,Land Dispute,15.115737,76.27843,20-03-2024,medium,investigating
Ramanagara,Kanakapura,Town PS,Drug Offense,12.548642,77.00558,28-04-2023,medium,closed
Chitradurga,Hiriyur,Rural PS,Domestic Violence,14.480707,76.583206,31-03-2024,low,investigating
Bengaluru Urban,Yelahanka,Attur PS,Chain Snatching,12.706403,77.868031,23-12-2023,medium,open
Tumakuru,Tumakuru City,Traffic PS,Mobile Theft,13.489959,77.127245,17-08-2023,medium,investigating
Mandya,Mandya,Mandya PS,Chain Snatching,12.465146,76.723463,15-06-2024,medium,investigating
Davangere,Honnali,Nyamathi PS,Chain Snatching,14.210991,76.17071,27-03-2024,low,investigating
Chamarajanagar,Gundlupet,Rural PS,Domestic Violence,11.883381,77.129907,15-01-2024,low,investigating
Raichur,Raichur City,Traffic PS,Assault,16.346784,77.63177,28-11-2024,low,open
Koppal,Gangavathi,Rural PS,Fraud,15.572888,76.414237,08-11-2024,medium,closed
Mandya,Maddur,Rural PS,Drug Offense,12.321727,76.935543,27-02-2024,medium,open
Raichur,Sindhanur,Sindhanur PS,Kidnapping,16.143784,77.236578,27-10-2023,low,closed
Ballari,Hospet,Rural PS,Chain Snatching,15.364111,76.801854,19-07-2023,low,investigating
Chamarajanagar,Gundlupet,Town PS,Robbery,11.644266,76.890721,16-04-2023,medium,investigating
Gadag,Ron,Ron PS,Murder,15.419091,75.392691,10-02-2023,low,investigating
Chamarajanagar,Kollegal,Rural PS,Chain Snatching,11.64933,76.688977,30-05-2024,high,investigating
Haveri,Haveri,Town PS,Assault,14.517612,75.26217,03-11-2024,low,investigating
Gadag,Gadag,Betageri PS,Robbery,15.659952,75.571796,16-08-2023,medium,investigating
Dakshina Kannada,Puttur,Town PS,Kidnapping,13.071097,75.525041,14-06-2024,low,open
Chikkamagaluru,Tarikere,Rural PS,Mobile Theft,13.02346,75.799098,17-08-2023,medium,open
Haveri,Savanur,Savanur PS,Drug Offense,14.918077,75.502257,19-07-2024,medium,open
Chamarajanagar,Gundlupet,Town PS,Vehicle Theft,11.964442,76.73059,21-09-2023,medium,closed
Kodagu,Madikeri,Traffic PS,Chain Snatching,12.616311,75.553321,05-08-2023,medium,open
Dakshina Kannada,Bantwal,Rural PS,Burglary,12.738172,75.493133,23-11-2023,low,open
Bidar,Bhalki,Rural PS,Land Dispute,17.955329,77.558318,03-05-2023,low,open
Bengaluru Rural,Devanahalli,Devanahalli PS,Murder,13.468974,77.357723,10-05-2023,low,investigating
Shivamogga,Shivamogga City,Vinobanagar PS,Land Dispute,13.780159,75.676919,04-06-2024,medium,open
Kalaburagi,Kalaburagi City,Station Bazaar PS,Kidnapping,17.029765,76.875963,11-05-2024,high,open
Udupi,Kundapura,Byndoor PS,Domestic Violence,13.162565,75.039216,27-12-2024,medium,closed
Mangaluru,Mangaluru,Mangaluru North PS,Chain Snatching,12.938004,74.65266,30-05-2023,high,closed
Koppal,Gangavathi,Rural PS,Domestic Violence,15.559233,76.035249,06-05-2023,medium,open
Bengaluru Urban,Koramangala,HSR Layout PS,Chain Snatching,12.729977,77.761894,03-08-2024,medium,investigating
Uttara Kannada,Sirsi,Sirsi PS,Assault,14.655459,74.518905,07-08-2023,low,investigating
Tumakuru,Tumakuru City,Tumakuru PS,Theft,13.37616,77.200299,28-10-2024,high,open
Chikkamagaluru,Kadur,Kadur PS,Cybercrime,13.223042,75.922613,30-06-2024,medium,investigating
Bidar,Bhalki,Rural PS,Mobile Theft,18.153729,77.798488,19-09-2024,low,closed
Hassan,Hassan City,Hassan PS,Cybercrime,12.770276,76.316098,16-07-2023,high,open
Udupi,Udupi,Malpe PS,Kidnapping,13.438096,74.515834,04-08-2024,high,open
Mangaluru,Mangaluru,Mangaluru North PS,Murder,12.676751,74.864266,30-06-2023,low,open
Hubballi-Dharwad,Dharwad,Dharwad Town PS,Land Dispute,15.158633,75.320156,10-09-2024,low,investigating
Chikkaballapura,Chikkaballapura,Town PS,Vehicle Theft,13.620524,77.498926,02-02-2023,low,investigating
Chitradurga,Hiriyur,Hiriyur PS,Murder,14.382091,76.439693,26-11-2023,medium,closed
Ballari,Sandur,Rural PS,Domestic Violence,15.36831,76.998956,25-11-2024,low,open
Gadag,Gadag,Betageri PS,Kidnapping,15.538133,75.686735,04-07-2023,low,open
Belagavi,Chikodi,Nippani PS,Kidnapping,16.059836,74.696447,09-12-2024,high,closed
Udupi,Udupi,Manipal PS,Burglary,13.148228,74.957652,30-10-2024,low,closed
Raichur,Raichur City,West PS,Drug Offense,16.047585,77.124371,03-11-2023,low,open
Dakshina Kannada,Bantwal,Rural PS,Robbery,12.642033,75.13026,30-04-2024,medium,closed
Mysuru,Hunsur,Hunsur PS,Theft,12.027778,76.434389,03-03-2023,high,open
Bengaluru Rural,Devanahalli,Vijayapura PS,Chain Snatching,12.93589,77.489288,05-01-2024,medium,closed
Udupi,Kundapura,Byndoor PS,Chain Snatching,13.601905,74.492292,20-06-2024,medium,open
Hassan,Hassan City,Extension PS,Kidnapping,12.818947,75.807346,17-08-2024,medium,closed
Chikkaballapura,Chikkaballapura,Town PS,Chain Snatching,13.16772,77.841376,28-02-2024,high,closed
Ramanagara,Ramanagara,Town PS,Fraud,12.487133,77.19116,01-01-2023,medium,closed
Ramanagara,Kanakapura,Kanakapura PS,Mobile Theft,12.662138,77.252583,05-07-2023,low,open
Bidar,Bhalki,Town PS,Vehicle Theft,17.784002,77.747041,04-05-2024,low,closed
Yadgir,Yadgir City,Yadgir PS,Theft,16.957563,76.899967,11-10-2023,high,investigating
Chitradurga,Hiriyur,Town PS,Robbery,14.194708,76.48711,26-10-2024,medium,investigating
Raichur,Manvi,Rural PS,Assault,16.324672,77.610211,07-06-2023,medium,open
Tumakuru,Madhugiri,Rural PS,Cybercrime,13.266081,77.132288,01-08-2023,low,investigating
Mysuru,Hunsur,Hunsur PS,Chain Snatching,12.277289,76.381378,29-08-2024,low,closed
Uttara Kannada,Bhatkal,Rural PS,Murder,14.69607,74.793743,09-05-2023,low,investigating
Kodagu,Virajpet,Virajpet PS,Cybercrime,12.284133,75.964206,20-12-2024,medium,closed
Hassan,Sakleshpur,Rural PS,Fraud,13.006395,76.153621,03-12-2023,medium,open
Chitradurga,Hiriyur,Hiriyur PS,Chain Snatching,14.005389,76.144967,06-03-2024,high,investigating
Gadag,Mundargi,Rural PS,Burglary,15.630317,75.793541,28-04-2023,low,open
Vijayapura,Indi,Rural PS,Burglary,16.826912,75.665812,04-05-2023,medium,open
Kalaburagi,Kalaburagi City,University PS,Drug Offense,17.534689,76.764666,18-02-2024,low,open
Hassan,Sakleshpur,Town PS,Cybercrime,12.857992,76.353748,02-07-2024,low,closed
Koppal,Koppal City,Town PS,Kidnapping,15.558758,76.361896,31-12-2024,medium,investigating
Bengaluru Urban,Yelahanka,Yelahanka New Town PS,Chain Snatching,13.094811,77.499017,28-01-2023,low,closed
Uttara Kannada,Sirsi,Town PS,Domestic Violence,14.691793,74.597882,27-02-2024,medium,closed
Chitradurga,Hosadurga,Hosadurga PS,Theft,14.332792,76.310131,01-07-2024,medium,investigating
Chitradurga,Hosadurga,Hosadurga PS,Chain Snatching,14.194836,76.133232,13-01-2024,medium,closed
Bengaluru Urban,Koramangala,Madiwala PS,Kidnapping,13.197192,77.557563,15-05-2023,medium,investigating
Bidar,Basavakalyan,Town PS,Robbery,18.042196,77.641577,14-03-2023,high,open
Raichur,Manvi,Manvi PS,Mobile Theft,16.375593,77.277077,09-08-2023,low,investigating
Shivamogga,Shivamogga City,Doddapete PS,Mobile Theft,14.079585,75.565336,02-02-2024,low,investigating
Dakshina Kannada,Sullia,Rural PS,Domestic Violence,12.812038,75.50481,21-11-2024,high,investigating
Davangere,Davangere City,Davangere PS,Mobile Theft,14.400794,75.773579,12-11-2024,low,investigating
Dakshina Kannada,Puttur,Town PS,Mobile Theft,12.897003,75.206392,17-10-2024,medium,open
Gadag,Mundargi,Rural PS,Mobile Theft,15.502693,75.761271,18-12-2023,medium,closed
Vijayapura,Indi,Town PS,Burglary,17.00704,75.991094,13-07-2024,low,investigating
Chikkaballapura,Chikkaballapura,Town PS,Domestic Violence,13.185179,77.876057,12-02-2023,low,open
Bidar,Bidar City,Bidar PS,Domestic Violence,17.648304,77.68573,30-05-2023,medium,closed
Yadgir,Gurmitkal,Gurmitkal PS,Kidnapping,16.812432,77.364308,12-11-2023,low,closed
Hubballi-Dharwad,Dharwad,Sub Urban PS,Burglary,15.116465,75.117039,07-06-2023,low,open
Bengaluru Rural,Doddaballapura,Doddaballapura PS,Burglary,12.957352,77.214496,16-02-2024,medium,closed
Ramanagara,Magadi,Town PS,Land Dispute,13.012842,77.019045,12-01-2023,medium,closed
Raichur,Manvi,Manvi PS,Mobile Theft,16.377153,77.363018,10-12-2023,low,investigating
Yadgir,Shahapur,Rural PS,Kidnapping,16.484947,77.395768,03-07-2023,high,open
Davangere,Davangere City,Traffic PS,Drug Offense,14.260919,76.150271,24-05-2024,low,open
Kalaburagi,Kalaburagi City,University PS,Murder,17.455998,77.11737,30-03-2024,medium,closed
Gadag,Mundargi,Mundargi PS,Assault,15.26381,75.622968,02-03-2023,low,investigating
Mandya,Maddur,Town PS,Robbery,12.419837,76.962464,15-07-2024,low,investigating
Vijayapura,Vijayapura City,Traffic PS,Drug Offense,16.601253,75.916686,27-09-2024,low,investigating
Davangere,Harihar,Town PS,Robbery,14.335735,75.72993,31-05-2023,medium,open
Kolar,Bangarapet,Rural PS,Theft,12.935724,77.886556,19-10-2024,high,investigating
Vijayapura,Indi,Town PS,Domestic Violence,16.650593,75.941532,18-01-2024,medium,open
Kolar,Malur,Rural PS,Kidnapping,13.210352,78.03004,08-11-2023,low,open
Haveri,Haveri,Traffic PS,Mobile Theft,14.812288,75.249372,24-12-2024,high,open
Mysuru,Nanjangud,Nanjangud Town PS,Mobile Theft,12.556253,76.384908,27-05-2024,medium,open
Koppal,Kushtagi,Kushtagi PS,Robbery,15.378256,75.969358,14-02-2024,low,open
Chikkaballapura,Sidlaghatta,Town PS,Domestic Violence,13.309665,77.625248,28-07-2024,high,closed
Bengaluru Urban,Whitefield,Whitefield PS,Vehicle Theft,13.056736,77.773938,23-10-2024,medium,closed
Haveri,Ranebennur,Ranebennur PS,Kidnapping,14.591561,75.662569,24-12-2023,high,closed
Gadag,Gadag,Betageri PS,Theft,15.201644,75.411959,27-10-2024,medium,investigating
Kalaburagi,Kalaburagi City,Station Bazaar PS,Burglary,17.035037,77.036664,03-10-2024,low,investigating
Tumakuru,Tiptur,Rural PS,Land Dispute,13.401567,77.077986,25-10-2024,low,open
Bengaluru Urban,Whitefield,Whitefield PS,Fraud,12.717042,77.468111,08-10-2024,medium,investigating
Ballari,Sandur,Toranagallu PS,Domestic Violence,15.113499,76.90944,13-11-2023,low,investigating
Ballari,Sandur,Toranagallu PS,Vehicle Theft,15.091037,77.134994,02-06-2024,low,investigating
Hassan,Sakleshpur,Town PS,Domestic Violence,13.033275,76.36934,29-02-2024,low,closed
Bengaluru Rural,Devanahalli,Airport PS,Theft,12.956362,77.210869,01-02-2024,medium,open
Hassan,Arsikere,Arsikere PS,Drug Offense,13.106223,76.389484,20-08-2024,low,open
Dakshina Kannada,Sullia,Town PS,Drug Offense,12.946081,75.101728,14-05-2023,low,investigating
Kodagu,Virajpet,Rural PS,Robbery,12.229197,75.519124,13-08-2024,low,investigating
Ballari,Hospet,Rural PS,Murder,14.934674,76.761121,25-11-2023,medium,investigating
Chikkaballapura,Chikkaballapura,Town PS,Domestic Violence,13.693486,77.445274,29-12-2023,medium,open
Hubballi-Dharwad,Hubballi,Vidyanagar PS,Kidnapping,15.104621,74.900679,24-02-2024,low,open
Bengaluru Urban,Yelahanka,Attur PS,Drug Offense,12.7307,77.714519,02-01-2024,low,open
Hassan,Hassan City,Extension PS,Fraud,13.124776,76.249927,25-08-2023,low,closed
Belagavi,Gokak,Rural PS,Kidnapping,15.974312,74.610993,05-05-2024,medium,closed
Uttara Kannada,Karwar,Traffic PS,Land Dispute,14.831594,74.770393,11-12-2024,low,investigating
Haveri,Ranebennur,Ranebennur PS,Land Dispute,15.016844,75.358586,04-04-2024,low,closed
Chitradurga,Hosadurga,Town PS,Vehicle Theft,14.166095,76.602351,11-08-2023,low,closed
Raichur,Manvi,Town PS,Mobile Theft,16.24968,77.121394,10-02-2023,low,investigating
Tumakuru,Tumakuru City,Tumakuru PS,Fraud,13.556289,76.916629,28-11-2023,medium,open
Udupi,Kundapura,Byndoor PS,Theft,13.472662,74.919586,22-06-2023,high,closed
Dakshina Kannada,Sullia,Sullia PS,Burglary,12.882814,75.38876,10-02-2024,low,open
Bengaluru Rural,Nelamangala,Nelamangala PS,Domestic Violence,13.072721,77.353903,03-10-2023,low,open
Kolar,Kolar,Traffic PS,Mobile Theft,13.219879,78.201793,09-06-2023,low,closed
Hubballi-Dharwad,Hubballi,Vidyanagar PS,Robbery,15.07738,75.036825,08-04-2023,low,closed
Ramanagara,Kanakapura,Rural PS,Kidnapping,13.000613,77.124541,08-03-2023,medium,open
Gadag,Gadag,Traffic PS,Murder,15.204665,75.863484,15-12-2024,medium,closed
Yadgir,Gurmitkal,Gurmitkal PS,Murder,17.049208,77.099407,09-11-2023,high,closed
Kolar,Malur,Malur PS,Vehicle Theft,12.994192,77.879085,13-06-2024,medium,open
Hassan,Arsikere,Rural PS,Kidnapping,13.173098,76.155384,04-12-2023,low,open
Koppal,Koppal City,Town PS,Mobile Theft,15.61526,76.402563,25-07-2023,low,open
Ballari,Sandur,Sandur PS,Assault,15.090025,76.932541,28-05-2024,medium,closed
Kodagu,Somwarpet,Rural PS,Robbery,12.497291,75.895491,03-09-2024,low,closed
Raichur,Manvi,Rural PS,Murder,16.000371,77.196517,04-07-2023,medium,investigating
Chamarajanagar,Gundlupet,Rural PS,Chain Snatching,11.880042,76.965108,06-05-2023,medium,investigating
Vijayapura,Sindagi,Sindagi PS,Murder,16.8724,75.707882,11-12-2023,medium,closed
Yadgir,Gurmitkal,Rural PS,Burglary,16.541696,76.898654,21-08-2023,low,investigating
Haveri,Ranebennur,Rural PS,Drug Offense,14.657479,75.555755,02-02-2024,high,closed
Bengaluru Urban,Whitefield,Varthur PS,Chain Snatching,13.053224,77.41715,06-09-2024,low,investigating
Kolar,Malur,Rural PS,Chain Snatching,13.133589,78.346375,02-06-2023,high,open
Kolar,Bangarapet,Town PS,Land Dispute,13.150256,78.238861,20-09-2024,low,closed
Chikkaballapura,Bagepalli,Rural PS,Assault,13.281588,77.53042,05-03-2023,medium,investigating
Shivamogga,Sagara,Sagara PS,Domestic Violence,13.868608,75.611403,22-12-2023,medium,investigating
Davangere,Harihar,Rural PS,Vehicle Theft,14.564684,75.832273,12-10-2023,medium,open
Tumakuru,Tiptur,Town PS,Fraud,13.197356,77.245119,26-01-2024,low,closed
Mandya,Maddur,Town PS,Land Dispute,12.661447,77.187585,03-01-2023,low,closed
Mandya,Mandya,Town PS,Land Dispute,12.593824,77.120917,21-09-2024,high,closed
Shivamogga,Shivamogga City,Vinobanagar PS,Fraud,13.777762,75.814065,16-09-2024,medium,open
Shivamogga,Shivamogga City,Traffic PS,Assault,14.183663,75.500853,20-02-2024,high,open
Kolar,Malur,Town PS,Fraud,12.912728,78.408474,08-04-2024,high,investigating
Ballari,Hospet,Rural PS,Burglary,15.118517,76.928574,02-05-2023,low,open
Tumakuru,Tumakuru City,Traffic PS,Cybercrime,13.048404,76.922296,02-01-2024,medium,closed
Ramanagara,Ramanagara,Town PS,Cybercrime,12.80087,77.558492,04-09-2024,medium,open
Kalaburagi,Jewargi,Yadrami PS,Theft,17.538606,76.57181,27-12-2023,medium,investigating
Chikkaballapura,Bagepalli,Bagepalli PS,Robbery,13.722176,77.710148,11-04-2023,medium,closed
Yadgir,Gurmitkal,Town PS,Fraud,16.936028,77.436244,09-10-2024,medium,investigating
Mangaluru,Ullal,Konaje PS,Domestic Violence,13.192217,74.976058,13-06-2024,low,closed
Chikkamagaluru,Kadur,Rural PS,Vehicle Theft,13.339114,75.868316,16-09-2023,high,closed
Kodagu,Virajpet,Rural PS,Burglary,12.227094,75.7658,11-03-2024,medium,open
Bengaluru Rural,Nelamangala,Traffic PS,Chain Snatching,13.088256,77.696723,19-03-2023,low,investigating
Chamarajanagar,Gundlupet,Rural PS,Cybercrime,11.683312,76.709163,25-11-2023,medium,closed
Mandya,Maddur,Rural PS,Burglary,12.803676,76.725273,25-11-2023,low,investigating
Haveri,Savanur,Savanur PS,Mobile Theft,14.549822,75.223683,12-10-2023,medium,investigating
Gadag,Gadag,Traffic PS,Assault,15.587825,75.909702,22-03-2024,low,open
Chikkaballapura,Chikkaballapura,Chikkaballapura PS,Murder,13.21145,77.487229,05-08-2023,medium,open
Ballari,Ballari City,Brucepet PS,Robbery,15.058847,76.657173,16-08-2023,medium,closed
Chitradurga,Hosadurga,Town PS,Cybercrime,14.126147,76.160458,27-02-2024,low,investigating
Shivamogga,Bhadravati,Bhadravati PS,Cybercrime,13.878089,75.294775,11-12-2023,low,closed
Haveri,Ranebennur,Rural PS,Kidnapping,14.539511,75.259704,27-02-2024,medium,open
Hassan,Arsikere,Rural PS,Burglary,13.05956,75.994342,02-08-2023,low,open
Belagavi,Chikodi,Nippani PS,Land Dispute,15.776829,74.719736,07-07-2024,low,investigating
Gadag,Mundargi,Rural PS,Chain Snatching,15.589633,75.829686,23-01-2023,medium,open
Belagavi,Belagavi City,Market PS,Murder,16.059631,74.285464,12-03-2024,high,closed
Chitradurga,Chitradurga,Chitradurga PS,Assault,14.276535,76.474151,23-03-2023,low,closed
Uttara Kannada,Karwar,Bazar PS,Burglary,14.636078,74.66623,17-11-2023,low,closed
Davangere,Harihar,Town PS,Domestic Violence,14.703827,75.939875,11-04-2023,low,closed
Davangere,Davangere City,KTJ Nagar PS,Chain Snatching,14.21319,75.925693,08-12-2023,medium,open
Chikkaballapura,Sidlaghatta,Rural PS,Theft,13.175001,77.8044,01-02-2024,high,open
Koppal,Kushtagi,Rural PS,Land Dispute,15.182024,75.885264,21-01-2024,low,closed
Tumakuru,Tiptur,Rural PS,Drug Offense,13.165314,77.129378,23-09-2023,medium,closed
Davangere,Davangere City,Traffic PS,Chain Snatching,14.473495,76.09392,29-06-2024,medium,investigating
Ballari,Sandur,Sandur PS,Mobile Theft,15.39343,77.057836,02-03-2024,high,open
Kolar,Malur,Town PS,Mobile Theft,13.194054,77.945255,28-06-2024,high,open
Yadgir,Yadgir City,Traffic PS,Chain Snatching,16.583875,77.028574,25-02-2024,low,closed
Kalaburagi,Sedam,Sedam PS,Land Dispute,17.100495,76.862401,05-07-2024,low,closed
Bengaluru Urban,Yelahanka,Attur PS,Robbery,13.039966,77.319851,03-06-2024,medium,open
Kolar,Kolar,Traffic PS,Kidnapping,13.189336,78.293792,02-06-2023,low,closed
Hassan,Hassan City,Extension PS,Cybercrime,13.292174,75.806109,14-11-2024,medium,investigating
Mangaluru,Mangaluru,Pandeshwar PS,Robbery,12.864286,74.944558,30-03-2023,medium,open
Hassan,Arsikere,Rural PS,Land Dispute,12.858162,76.270737,10-11-2024,high,closed
Chamarajanagar,Gundlupet,Town PS,Robbery,11.843966,76.876431,24-09-2023,low,closed
Koppal,Kushtagi,Town PS,Assault,15.597359,76.424732,14-08-2024,low,closed
Kalaburagi,Sedam,Sedam PS,Fraud,17.525103,76.973861,27-11-2023,high,open
Bengaluru Urban,Whitefield,Varthur PS,Theft,12.958109,77.796268,30-01-2023,medium,open
Chitradurga,Hosadurga,Rural PS,Kidnapping,14.013436,76.173988,05-04-2023,low,closed
Dakshina Kannada,Sullia,Sullia PS,Drug Offense,12.66269,75.433446,21-06-2024,low,closed
Uttara Kannada,Karwar,Traffic PS,Kidnapping,14.542839,74.494837,01-08-2023,low,closed
Shivamogga,Shivamogga City,Doddapete PS,Burglary,13.897254,75.353798,23-02-2023,medium,open
Chikkaballapura,Bagepalli,Rural PS,Robbery,13.690392,77.501299,12-08-2024,low,closed
Uttara Kannada,Karwar,Traffic PS,Domestic Violence,14.581975,74.546223,10-11-2023,low,closed
Ballari,Ballari City,Cowl Bazaar PS,Vehicle Theft,15.089183,76.747043,20-11-2023,low,closed
Tumakuru,Madhugiri,Town PS,Land Dispute,13.39924,77.113753,09-06-2023,medium,investigating
Raichur,Raichur City,Raichur PS,Domestic Violence,16.02137,77.492331,04-10-2023,low,open
Davangere,Harihar,Town PS,Domestic Violence,14.723867,75.953171,23-07-2024,low,open
Tumakuru,Tumakuru City,New Extension PS,Land Dispute,13.119249,76.923723,08-08-2023,medium,closed
Bidar,Bhalki,Bhalki PS,Theft,17.705611,77.574884,23-11-2024,high,open
Kolar,Bangarapet,Bangarapet PS,Mobile Theft,12.836956,78.297375,10-02-2023,low,open
Davangere,Honnali,Nyamathi PS,Murder,14.295142,76.041307,05-07-2024,high,investigating
Davangere,Harihar,Town PS,Chain Snatching,14.327072,76.192821,20-10-2023,low,investigating
Ballari,Ballari City,Brucepet PS,Mobile Theft,15.10022,77.173592,12-05-2023,high,open
Bengaluru Urban,Koramangala,Koramangala PS,Assault,13.070219,77.471859,04-06-2024,medium,closed
Shivamogga,Sagara,Sagara PS,Fraud,13.994196,75.439817,08-07-2024,low,closed
Mysuru,Mysuru City,Lakshmipuram PS,Robbery,12.416556,76.65066,17-04-2024,low,open
Kalaburagi,Sedam,Town PS,Vehicle Theft,17.175986,76.985435,22-11-2024,high,investigating
Kolar,Bangarapet,Bangarapet PS,Burglary,12.914527,77.925905,19-07-2024,low,investigating
Udupi,Kundapura,Kundapura PS,Assault,13.60794,74.699566,05-01-2023,high,open
Gadag,Ron,Rural PS,Mobile Theft,15.206622,75.625165,25-04-2024,high,investigating
Vijayapura,Sindagi,Sindagi PS,Fraud,16.557535,75.650256,17-01-2024,low,open
Belagavi,Chikodi,Chikodi PS,Assault,15.774495,74.670883,04-02-2024,low,investigating
Bengaluru Urban,Koramangala,Koramangala PS,Murder,12.956649,77.866477,19-07-2024,low,closed
Uttara Kannada,Sirsi,Town PS,Murder,15.051195,74.582122,26-08-2023,medium,investigating
Uttara Kannada,Bhatkal,Town PS,Kidnapping,14.868883,74.885642,21-05-2024,high,closed
Bengaluru Rural,Devanahalli,Airport PS,Vehicle Theft,13.44288,77.224261,10-04-2024,low,investigating
Mandya,Srirangapatna,Srirangapatna PS,Kidnapping,12.345304,76.862197,25-12-2023,low,investigating
Davangere,Honnali,Honnali PS,Kidnapping,14.439117,75.862375,23-05-2023,medium,investigating
Kalaburagi,Kalaburagi City,University PS,Drug Offense,17.445937,76.605436,01-09-2023,low,investigating
Yadgir,Shahapur,Shahapur PS,Fraud,17.002714,77.426238,07-08-2024,high,open
Chitradurga,Hiriyur,Rural PS,Domestic Violence,14.345793,76.612267,31-10-2024,low,investigating
Kalaburagi,Kalaburagi City,University PS,Land Dispute,17.262118,76.721107,23-08-2023,medium,open
Bengaluru Rural,Devanahalli,Airport PS,Murder,12.988087,77.420918,07-07-2024,low,investigating
Raichur,Raichur City,West PS,Mobile Theft,16.464728,77.537034,27-10-2024,low,open
Chikkamagaluru,Chikkamagaluru City,Traffic PS,Burglary,13.547362,75.541881,23-03-2023,low,closed
Shivamogga,Sagara,Sagara PS,Mobile Theft,13.94891,75.520156,19-03-2023,medium,closed
Bengaluru Urban,Yelahanka,Attur PS,Assault,12.91203,77.324593,06-02-2024,medium,investigating
Koppal,Gangavathi,Gangavathi PS,Burglary,15.186807,75.866664,17-07-2023,medium,closed
Hubballi-Dharwad,Navanagar,Rural PS,Cybercrime,15.469946,74.884563,15-05-2024,low,closed
Vijayapura,Sindagi,Rural PS,Assault,16.566245,75.548266,12-08-2024,low,open
Gadag,Gadag,Betageri PS,Vehicle Theft,15.25911,75.559748,21-11-2024,high,closed
Chikkamagaluru,Tarikere,Lakkavalli PS,Murder,13.148722,75.876461,30-05-2023,medium,closed
Chikkaballapura,Chikkaballapura,Town PS,Vehicle Theft,13.231895,77.964526,27-06-2024,medium,closed
Chitradurga,Hosadurga,Hosadurga PS,Assault,14.140147,76.124022,16-05-2023,low,closed
Mangaluru,Surathkal,Panambur PS,Robbery,13.123392,75.134759,14-12-2023,medium,investigating
Gadag,Gadag,Traffic PS,Burglary,15.135734,75.60856,24-08-2024,high,open
Hassan,Hassan City,Hassan PS,Mobile Theft,13.075448,75.949002,04-08-2024,low,open
Hassan,Hassan City,Traffic PS,Drug Offense,12.896139,76.064796,08-05-2023,low,investigating
Chamarajanagar,Chamarajanagar,Town PS,Murder,11.881623,76.718339,15-12-2024,medium,investigating
Hubballi-Dharwad,Navanagar,Town PS,Murder,15.282505,74.831612,09-06-2023,low,investigating
Mangaluru,Mangaluru,Mangaluru South PS,Mobile Theft,12.886715,74.657718,08-12-2023,medium,investigating
Koppal,Koppal City,Koppal PS,Kidnapping,15.389447,76.372488,30-09-2024,medium,investigating
Kodagu,Somwarpet,Kushalnagar PS,Robbery,12.615203,75.698076,12-07-2023,low,closed
Mangaluru,Surathkal,Mulki PS,Fraud,13.147101,74.799476,24-02-2024,medium,investigating
Udupi,Kundapura,Kundapura PS,Domestic Violence,13.326992,74.989119,22-03-2023,medium,open
Bengaluru Rural,Devanahalli,Devanahalli PS,Land Dispute,13.242808,77.422673,16-05-2024,medium,investigating
Mysuru,Mysuru City,Devaraja PS,Domestic Violence,12.585153,76.862892,22-10-2024,medium,open
Hassan,Arsikere,Town PS,Robbery,12.942177,75.894708,06-04-2024,low,open
Yadgir,Gurmitkal,Rural PS,Robbery,16.722688,77.00607,23-11-2024,low,investigating
Udupi,Kundapura,Byndoor PS,Theft,13.457874,74.612431,09-02-2023,medium,closed
Kalaburagi,Sedam,Rural PS,Drug Offense,17.303512,76.740561,23-04-2023,high,investigating
Vijayapura,Indi,Town PS,Kidnapping,16.660136,75.791393,10-09-2024,low,closed
Haveri,Savanur,Savanur PS,Mobile Theft,14.999051,75.357406,19-07-2023,low,closed
Gadag,Gadag,Traffic PS,Theft,15.374134,75.671005,19-05-2024,low,closed
Chitradurga,Hiriyur,Hiriyur PS,Burglary,14.469278,76.552862,10-06-2024,low,investigating
Chamarajanagar,Chamarajanagar,Traffic PS,Fraud,11.873758,76.75027,19-01-2023,low,open
Uttara Kannada,Bhatkal,Town PS,Cybercrime,14.883565,74.729071,01-11-2024,low,open
Dakshina Kannada,Puttur,Traffic PS,Robbery,13.03423,75.218699,20-06-2023,low,closed
Mangaluru,Mangaluru,Mangaluru South PS,Murder,13.153171,74.969379,03-06-2023,medium,closed
Belagavi,Belagavi City,Tilakwadi PS,Chain Snatching,15.660551,74.731214,28-10-2023,medium,closed
Raichur,Raichur City,Traffic PS,Fraud,16.018665,77.606522,12-03-2023,low,closed
Bengaluru Urban,Koramangala,Koramangala PS,Chain Snatching,12.729109,77.647535,14-03-2023,high,open
Bengaluru Rural,Nelamangala,Nelamangala PS,Burglary,12.973846,77.727846,14-09-2023,medium,investigating
Koppal,Koppal City,Traffic PS,Kidnapping,15.182631,76.114932,02-06-2024,low,open
Belagavi,Belagavi City,Market PS,Drug Offense,15.930407,74.642351,06-04-2024,low,open
Mandya,Maddur,Town PS,Theft,12.734224,77.001208,08-02-2024,low,open
Mysuru,Mysuru City,Devaraja PS,Mobile Theft,12.284956,76.560683,15-04-2024,low,open
Chikkaballapura,Bagepalli,Bagepalli PS,Theft,13.322408,77.713624,12-02-2023,low,investigating
Davangere,Harihar,Rural PS,Assault,14.721197,75.765906,01-03-2024,low,investigating
Chikkaballapura,Chikkaballapura,Traffic PS,Cybercrime,13.281199,77.614247,17-05-2023,medium,investigating
Chitradurga,Hiriyur,Rural PS,Fraud,14.408845,76.402516,30-12-2024,medium,investigating
Yadgir,Gurmitkal,Rural PS,Drug Offense,16.56245,77.017441,09-01-2023,low,open
Chamarajanagar,Kollegal,Kollegal PS,Robbery,11.657585,77.061973,03-10-2024,high,open
Ballari,Sandur,Sandur PS,Land Dispute,14.988905,77.004947,24-11-2023,low,investigating
Bengaluru Rural,Doddaballapura,Rural PS,Fraud,13.442629,77.649358,03-11-2024,high,open
Kodagu,Madikeri,Rural PS,Fraud,12.532039,75.904499,21-09-2023,medium,investigating
Tumakuru,Madhugiri,Rural PS,Theft,13.054494,77.046656,20-11-2024,medium,investigating
Chikkaballapura,Chikkaballapura,Chikkaballapura PS,Burglary,13.259997,77.478741,07-01-2024,low,investigating
Chitradurga,Hosadurga,Hosadurga PS,Mobile Theft,13.930265,76.463003,04-01-2024,low,investigating
Raichur,Raichur City,Traffic PS,Chain Snatching,16.045927,77.602793,15-04-2024,low,open
Shivamogga,Shivamogga City,Doddapete PS,Drug Offense,13.857786,75.328316,21-12-2024,low,closed
Gadag,Mundargi,Mundargi PS,Robbery,15.313398,75.445805,29-05-2024,low,investigating
Ballari,Hospet,Rural PS,Land Dispute,15.104001,77.142435,13-01-2023,low,investigating
Dakshina Kannada,Puttur,Town PS,Cybercrime,12.81563,75.007433,12-05-2024,low,open
Dakshina Kannada,Bantwal,Rural PS,Domestic Violence,12.757143,75.324333,09-12-2024,low,open
Hubballi-Dharwad,Navanagar,Town PS,Chain Snatching,15.437762,74.92827,25-08-2023,low,open
Vijayapura,Vijayapura City,Traffic PS,Land Dispute,16.838147,75.511804,23-07-2024,medium,investigating
Chamarajanagar,Chamarajanagar,Chamarajanagar PS,Fraud,12.032058,77.170772,02-12-2024,low,open
Chamarajanagar,Gundlupet,Town PS,Drug Offense,11.833445,76.665188,06-06-2024,low,open
Mangaluru,Surathkal,Surathkal PS,Chain Snatching,12.82804,74.95123,22-08-2024,medium,investigating
Raichur,Sindhanur,Sindhanur PS,Land Dispute,16.328149,77.061424,10-05-2024,medium,investigating
Koppal,Koppal City,Koppal PS,Chain Snatching,15.555961,76.254425,01-04-2024,low,investigating
Ramanagara,Magadi,Town PS,Chain Snatching,12.484375,77.192503,23-01-2024,low,investigating
Ballari,Sandur,Sandur PS,Assault,15.175999,77.12191,22-01-2023,medium,investigating
Ramanagara,Kanakapura,Rural PS,Fraud,12.636465,76.984131,22-12-2023,medium,open
Chikkaballapura,Bagepalli,Bagepalli PS,Land Dispute,13.181728,77.914058,21-10-2023,low,closed
Bengaluru Rural,Nelamangala,Traffic PS,Domestic Violence,13.475878,77.454106,08-12-2024,medium,closed
Shivamogga,Bhadravati,Old Town PS,Fraud,14.130101,75.664677,29-03-2024,medium,investigating
Mysuru,Nanjangud,Traffic PS,Assault,12.30682,76.571767,15-03-2023,medium,investigating
Hubballi-Dharwad,Dharwad,Dharwad Town PS,Drug Offense,15.281537,75.296768,04-04-2024,low,open
Raichur,Sindhanur,Sindhanur PS,Fraud,16.494309,77.385383,04-03-2023,medium,closed
Davangere,Davangere City,Davangere PS,Robbery,14.744168,76.141228,12-04-2024,low,closed
Hassan,Sakleshpur,Town PS,Burglary,12.949929,75.83157,25-08-2023,high,open
Vijayapura,Vijayapura City,Gandhi Chowk PS,Drug Offense,16.718546,75.459395,17-03-2024,low,investigating
Bengaluru Urban,Yelahanka,Attur PS,Burglary,12.845518,77.774622,08-05-2024,low,investigating
Ballari,Sandur,Rural PS,Cybercrime,15.381394,77.167827,31-01-2023,low,investigating
Uttara Kannada,Sirsi,Rural PS,Domestic Violence,14.898637,74.856223,10-06-2023,low,closed
Kodagu,Somwarpet,Rural PS,Mobile Theft,12.526763,76.086188,13-02-2023,low,open
Hassan,Arsikere,Arsikere PS,Fraud,13.096109,75.832564,02-11-2023,medium,investigating
Shivamogga,Sagara,Sagara PS,Fraud,13.884678,75.784792,30-08-2024,low,closed
Ballari,Sandur,Toranagallu PS,Drug Offense,14.852781,77.09385,08-08-2024,low,closed
Chikkamagaluru,Chikkamagaluru City,Traffic PS,Cybercrime,13.016575,75.804482,26-06-2023,low,closed
Kalaburagi,Sedam,Town PS,Kidnapping,17.343372,77.081172,12-08-2024,low,investigating
Chikkamagaluru,Tarikere,Rural PS,Fraud,13.041523,75.856435,03-01-2024,low,open
Chikkaballapura,Sidlaghatta,Town PS,Burglary,13.698363,77.878065,01-03-2023,medium,closed
Udupi,Udupi,Malpe PS,Chain Snatching,13.065649,74.802972,26-04-2023,high,investigating
Mangaluru,Ullal,Kotekar PS,Fraud,13.037241,74.643109,26-01-2023,low,open
Hassan,Hassan City,Hassan PS,Domestic Violence,13.005307,76.230259,14-09-2024,low,open
Mysuru,Mysuru City,Lakshmipuram PS,Murder,12.584075,76.768304,28-02-2024,low,open
Shivamogga,Sagara,Rural PS,Assault,14.005297,75.842796,03-07-2024,medium,closed
Gadag,Ron,Town PS,Land Dispute,15.526248,75.701676,24-04-2024,low,closed
Uttara Kannada,Sirsi,Sirsi PS,Burglary,14.616115,74.862636,19-06-2024,low,closed
Bengaluru Rural,Devanahalli,Vijayapura PS,Robbery,13.405456,77.288769,19-03-2023,high,open
Gadag,Gadag,Traffic PS,Theft,15.688008,75.725346,04-07-2023,medium,closed
Mandya,Maddur,Rural PS,Kidnapping,12.681749,76.793026,24-06-2024,medium,closed
Chitradurga,Hiriyur,Rural PS,Mobile Theft,14.376328,76.312983,23-02-2024,medium,open
Kalaburagi,Jewargi,Rural PS,Chain Snatching,17.224595,76.718012,07-08-2023,low,closed
Kalaburagi,Kalaburagi City,Brahmapur PS,Fraud,17.314069,77.051855,09-02-2023,low,open
Vijayapura,Sindagi,Town PS,Domestic Violence,16.59622,75.701234,21-05-2024,low,investigating
Kodagu,Virajpet,Rural PS,Theft,12.277961,75.58739,30-06-2024,high,investigating
Davangere,Davangere City,Davangere PS,Theft,14.543687,75.769371,01-12-2023,high,investigating
Koppal,Gangavathi,Town PS,Fraud,15.187429,76.265271,06-12-2023,medium,closed
Chikkaballapura,Chikkaballapura,Traffic PS,Vehicle Theft,13.699737,77.77216,22-12-2024,low,investigating
Raichur,Sindhanur,Town PS,Fraud,16.067777,77.387885,26-05-2023,medium,investigating
Gadag,Ron,Rural PS,Cybercrime,15.135187,75.704238,24-11-2024,medium,open
Tumakuru,Tumakuru City,New Extension PS,Chain Snatching,13.496623,77.036487,09-06-2024,low,open
Mangaluru,Mangaluru,Pandeshwar PS,Domestic Violence,13.122109,74.750378,11-09-2023,high,closed
Ramanagara,Ramanagara,Traffic PS,Theft,12.50711,77.214458,06-06-2023,high,open
Koppal,Kushtagi,Town PS,Burglary,15.63018,75.881702,02-11-2024,medium,closed
Chikkamagaluru,Chikkamagaluru City,Traffic PS,Cybercrime,13.173339,75.718901,09-09-2023,medium,closed
Ramanagara,Magadi,Magadi PS,Burglary,12.791098,76.990489,13-08-2024,medium,open
Hassan,Hassan City,Traffic PS,Robbery,12.866947,76.07448,04-07-2023,low,closed
Bengaluru Rural,Devanahalli,Vijayapura PS,Domestic Violence,13.17371,77.730958,24-10-2024,high,open
Kodagu,Virajpet,Rural PS,Assault,12.307805,75.669585,02-12-2023,medium,investigating
Ballari,Hospet,Traffic PS,Domestic Violence,15.116125,76.81932,19-09-2024,medium,open
Chikkaballapura,Chikkaballapura,Traffic PS,Fraud,13.431377,77.845697,05-03-2023,medium,closed
Koppal,Gangavathi,Town PS,Chain Snatching,15.269679,76.174503,09-03-2023,medium,closed
Shivamogga,Bhadravati,Old Town PS,Domestic Violence,13.782846,75.473285,06-10-2023,medium,investigating
Davangere,Honnali,Nyamathi PS,Mobile Theft,14.613443,75.904035,09-11-2023,low,closed
Hubballi-Dharwad,Navanagar,Navanagar PS,Land Dispute,15.451243,75.389034,07-09-2023,medium,closed
Shivamogga,Shivamogga City,Doddapete PS,Assault,14.016333,75.689112,26-09-2024,low,open
Ramanagara,Magadi,Town PS,Robbery,12.706554,77.038367,15-01-2023,low,investigating
Bengaluru Urban,Koramangala,Koramangala PS,Cybercrime,13.133726,77.396907,31-03-2024,medium,closed
Tumakuru,Tiptur,Tiptur PS,Assault,13.569551,76.880098,19-09-2024,medium,open
Raichur,Manvi,Manvi PS,Fraud,16.426006,77.258528,03-11-2024,low,open
Davangere,Davangere City,Traffic PS,Drug Offense,14.361663,75.641928,07-12-2024,low,investigating
Ramanagara,Ramanagara,Traffic PS,Fraud,12.956979,77.309019,04-02-2024,medium,investigating
Kolar,Malur,Rural PS,Drug Offense,13.134728,77.83535,02-02-2024,low,open
Ballari,Ballari City,Ballari PS,Mobile Theft,14.867237,76.793912,10-02-2023,medium,open
Chitradurga,Chitradurga,Traffic PS,Murder,14.334163,76.109418,12-08-2023,low,open
Chikkaballapura,Chikkaballapura,Chikkaballapura PS,Burglary,13.536045,77.948062,07-12-2024,medium,closed
Chamarajanagar,Gundlupet,Gundlupet PS,Vehicle Theft,11.692992,76.810794,29-12-2023,low,investigating
Hassan,Arsikere,Arsikere PS,Assault,12.812745,76.262703,30-05-2023,low,open
Shivamogga,Shivamogga City,Doddapete PS,Fraud,13.942739,75.432596,04-04-2024,medium,investigating
Hubballi-Dharwad,Navanagar,Rural PS,Drug Offense,15.40669,74.924003,02-08-2024,high,investigating
Kolar,Kolar,Kolar PS,Chain Snatching,13.115317,78.088515,29-07-2024,medium,open
Bengaluru Urban,Yelahanka,Yelahanka New Town PS,Burglary,12.865875,77.8202,19-12-2023,low,investigating
Mangaluru,Mangaluru,Mangaluru South PS,Land Dispute,12.684724,75.132564,08-03-2023,high,closed
Hassan,Sakleshpur,Sakleshpur PS,Assault,13.003809,76.1293,09-10-2024,low,investigating
Bidar,Basavakalyan,Basavakalyan PS,Cybercrime,18.125653,77.514594,01-02-2024,medium,closed
Dakshina Kannada,Sullia,Rural PS,Cybercrime,12.683931,75.289852,28-02-2024,medium,investigating
Shivamogga,Bhadravati,Paper Town PS,Mobile Theft,13.933603,75.432882,10-08-2023,high,closed
Bidar,Bhalki,Rural PS,Chain Snatching,17.970553,77.663091,17-12-2024,medium,open
Ballari,Ballari City,Cowl Bazaar PS,Fraud,14.87927,76.726038,19-12-2024,medium,open
Kodagu,Virajpet,Rural PS,Theft,12.538621,76.089665,24-04-2023,medium,investigating
Chitradurga,Hiriyur,Town PS,Kidnapping,14.189008,76.588208,13-05-2024,medium,open
Uttara Kannada,Bhatkal,Town PS,Assault,14.855483,74.651829,28-04-2024,low,closed
Hubballi-Dharwad,Hubballi,Vidyanagar PS,Theft,15.454758,75.212452,29-04-2024,low,closed
Bengaluru Urban,Whitefield,Whitefield PS,Robbery,12.909611,77.829723,06-11-2024,medium,closed
Mysuru,Nanjangud,Traffic PS,Cybercrime,12.427582,76.500971,06-05-2023,medium,investigating
Raichur,Raichur City,Raichur PS,Murder,16.379758,77.489835,27-05-2024,low,closed
Koppal,Gangavathi,Gangavathi PS,Vehicle Theft,15.096372,76.072266,09-06-2024,low,investigating
Uttara Kannada,Karwar,Bazar PS,Robbery,14.58203,74.803565,17-10-2023,low,open
Davangere,Honnali,Nyamathi PS,Robbery,14.618468,75.714778,07-05-2023,low,closed
Mandya,Mandya,Traffic PS,Murder,12.293913,76.596914,02-09-2023,medium,investigating
Kalaburagi,Sedam,Town PS,Land Dispute,17.162962,76.810466,16-06-2024,medium,investigating
Koppal,Kushtagi,Kushtagi PS,Fraud,15.070151,76.163582,26-08-2023,medium,open
Mangaluru,Ullal,Ullal PS,Mobile Theft,12.807145,74.92223,01-05-2024,medium,open
Kalaburagi,Jewargi,Jewargi PS,Burglary,17.604116,76.978988,07-02-2023,low,closed
Mandya,Srirangapatna,Rural PS,Fraud,12.588325,76.639459,11-03-2023,medium,closed
Uttara Kannada,Sirsi,Town PS,Burglary,14.745751,74.606138,18-06-2023,high,open
Bengaluru Urban,Whitefield,Kadugodi PS,Fraud,13.062988,77.58852,03-06-2024,medium,open
Hassan,Sakleshpur,Sakleshpur PS,Murder,13.23147,76.089889,18-05-2023,low,closed
Ramanagara,Ramanagara,Ramanagara PS,Burglary,12.469045,77.056372,17-11-2024,low,investigating
Kodagu,Somwarpet,Kushalnagar PS,Assault,12.393713,75.741735,03-12-2023,low,investigating
Vijayapura,Indi,Indi PS,Cybercrime,16.938784,75.865623,15-04-2024,low,open
Koppal,Koppal City,Koppal PS,Domestic Violence,15.485392,75.942418,09-02-2023,medium,closed
Ramanagara,Kanakapura,Rural PS,Vehicle Theft,12.814612,77.146311,18-06-2024,medium,investigating
Bidar,Bhalki,Town PS,Vehicle Theft,18.083461,77.349876,05-12-2023,low,open
Hubballi-Dharwad,Hubballi,Keshwapur PS,Murder,15.130562,75.016489,16-12-2023,medium,investigating
Belagavi,Chikodi,Rural PS,Kidnapping,15.820713,74.393096,11-04-2023,low,open
Udupi,Kundapura,Gangolli PS,Mobile Theft,13.084881,74.788751,08-04-2024,medium,investigating
Gadag,Mundargi,Rural PS,Burglary,15.22823,75.49815,21-04-2024,low,open
Mandya,Srirangapatna,Town PS,Mobile Theft,12.274304,76.754266,11-05-2024,medium,investigating
Mysuru,Mysuru City,Devaraja PS,Murder,12.349324,76.527096,28-09-2024,low,investigating
Dakshina Kannada,Sullia,Rural PS,Murder,12.955498,74.99414,26-03-2024,low,open
Vijayapura,Sindagi,Town PS,Vehicle Theft,17.128949,75.705113,06-04-2024,low,investigating
Kalaburagi,Sedam,Sedam PS,Murder,17.078135,77.113497,10-05-2024,low,closed
Yadgir,Shahapur,Town PS,Vehicle Theft,16.810288,77.148506,26-07-2023,low,open
Uttara Kannada,Sirsi,Sirsi PS,Mobile Theft,14.755903,74.742699,09-11-2023,low,investigating
Haveri,Ranebennur,Ranebennur PS,Theft,14.931489,75.123608,08-12-2023,low,investigating
Vijayapura,Sindagi,Sindagi PS,Land Dispute,16.718724,75.846227,22-06-2024,low,investigating
Bengaluru Rural,Nelamangala,Traffic PS,Mobile Theft,13.472516,77.146167,28-07-2023,medium,closed
Mangaluru,Surathkal,Panambur PS,Domestic Violence,13.014225,74.977467,15-01-2024,medium,open
Hassan,Arsikere,Arsikere PS,Domestic Violence,12.899607,76.235031,02-09-2023,low,open
Mangaluru,Surathkal,Panambur PS,Domestic Violence,12.677774,74.756553,03-04-2023,medium,open
Kodagu,Virajpet,Rural PS,Assault,12.169433,75.630376,18-06-2023,medium,open
Dakshina Kannada,Sullia,Rural PS,Kidnapping,12.677391,75.218326,12-04-2023,high,open
Chamarajanagar,Chamarajanagar,Traffic PS,Land Dispute,11.797895,77.123197,30-06-2024,low,open
Davangere,Davangere City,Traffic PS,Vehicle Theft,14.424952,75.665929,08-09-2023,low,closed
Kalaburagi,Kalaburagi City,Station Bazaar PS,Mobile Theft,17.515988,76.81401,05-11-2024,low,open
Mangaluru,Surathkal,Mulki PS,Chain Snatching,13.123913,75.085079,26-12-2024,low,closed
Belagavi,Chikodi,Nippani PS,Burglary,16.03197,74.676471,22-02-2024,medium,investigating
Mysuru,Nanjangud,Rural PS,Kidnapping,12.292276,76.42022,31-01-2023,high,investigating
Tumakuru,Tiptur,Town PS,Assault,13.1952,77.094741,01-02-2024,low,investigating
Hassan,Sakleshpur,Sakleshpur PS,Theft,12.86825,76.156785,08-02-2023,low,open
Shivamogga,Bhadravati,Bhadravati PS,Murder,13.643488,75.830766,16-10-2023,low,open
Mangaluru,Ullal,Ullal PS,Assault,12.969728,75.077862,04-08-2023,medium,closed
Yadgir,Yadgir City,Traffic PS,Assault,16.697955,77.328282,22-10-2023,medium,closed
Gadag,Gadag,Traffic PS,Fraud,15.496199,75.880576,23-11-2024,medium,closed
Bidar,Basavakalyan,Town PS,Theft,17.792323,77.374029,01-04-2023,medium,open
Udupi,Karkala,Ajekar PS,Kidnapping,13.260116,74.814737,12-11-2023,medium,open
Hubballi-Dharwad,Dharwad,Dharwad Town PS,Domestic Violence,15.339543,74.93156,03-07-2023,low,open
Bengaluru Urban,Koramangala,Koramangala PS,Domestic Violence,13.087035,77.300553,09-04-2024,medium,open
Kolar,Malur,Malur PS,Cybercrime,13.42974,78.308404,28-05-2024,medium,open
Ballari,Hospet,Traffic PS,Fraud,14.926365,76.636192,22-01-2024,high,closed
Kolar,Malur,Malur PS,Drug Offense,13.362155,77.931083,26-08-2024,low,open
Vijayapura,Sindagi,Town PS,Drug Offense,16.56861,75.754983,18-09-2024,medium,closed
Yadgir,Gurmitkal,Town PS,Kidnapping,16.916079,77.061973,09-11-2024,low,open
Chikkaballapura,Sidlaghatta,Sidlaghatta PS,Burglary,13.255613,77.492011,23-06-2024,medium,closed
Kalaburagi,Sedam,Rural PS,Robbery,17.582377,76.671275,05-04-2023,low,closed
Chikkamagaluru,Kadur,Rural PS,Land Dispute,13.503755,75.788268,16-06-2024,low,open
Gadag,Mundargi,Rural PS,Vehicle Theft,15.44437,75.914786,02-06-2023,low,investigating
Mangaluru,Mangaluru,Mangaluru North PS,Cybercrime,12.914879,75.128136,26-08-2023,medium,closed
Hubballi-Dharwad,Hubballi,Vidyanagar PS,Drug Offense,15.157613,74.945588,11-04-2023,low,open
Mysuru,Hunsur,Rural PS,Kidnapping,12.488716,76.798222,19-07-2024,medium,closed
Davangere,Davangere City,Davangere PS,Domestic Violence,14.530383,75.6968,05-11-2023,medium,open
Vijayapura,Indi,Town PS,Kidnapping,16.781819,75.766838,25-09-2023,low,open
Belagavi,Chikodi,Rural PS,Chain Snatching,15.768787,74.323522,07-07-2023,medium,open
Mysuru,Hunsur,Hunsur PS,Vehicle Theft,12.30172,76.810746,17-03-2024,high,open
Mandya,Mandya,Mandya PS,Mobile Theft,12.722076,76.699756,16-04-2023,low,closed
Hubballi-Dharwad,Navanagar,Rural PS,Chain Snatching,15.662067,75.342035,12-04-2023,low,open
Vijayapura,Indi,Rural PS,Theft,16.943394,75.564707,08-07-2023,low,investigating
Chikkaballapura,Chikkaballapura,Chikkaballapura PS,Fraud,13.337695,77.92899,13-04-2024,low,investigating
Bidar,Bidar City,New Town PS,Assault,18.125299,77.649247,22-09-2024,medium,investigating
Hubballi-Dharwad,Hubballi,Keshwapur PS,Domestic Violence,15.187565,75.195545,10-03-2024,low,investigating
Chikkaballapura,Bagepalli,Town PS,Cybercrime,13.286806,77.474929,08-09-2023,high,investigating
Udupi,Udupi,Manipal PS,Kidnapping,13.228508,74.549812,03-01-2024,low,investigating
Chamarajanagar,Gundlupet,Rural PS,Domestic Violence,12.103949,76.824002,28-01-2023,low,open
Davangere,Harihar,Harihar PS,Domestic Violence,14.44672,76.137036,10-11-2023,low,closed
Yadgir,Yadgir City,Town PS,Cybercrime,16.831527,77.356139,03-10-2023,low,open
Chamarajanagar,Kollegal,Kollegal PS,Murder,11.999654,76.985468,27-12-2024,medium,closed
Chikkaballapura,Bagepalli,Bagepalli PS,Drug Offense,13.558261,77.763878,08-02-2024,medium,open
Bengaluru Urban,Yelahanka,Attur PS,Fraud,13.168472,77.624983,20-02-2024,low,investigating
Bidar,Basavakalyan,Town PS,Robbery,17.63988,77.641606,10-07-2024,low,open
Gadag,Gadag,Traffic PS,Fraud,15.31863,75.618113,13-10-2023,low,closed
Vijayapura,Indi,Indi PS,Drug Offense,16.844284,75.950799,24-12-2023,low,closed
Gadag,Ron,Town PS,Cybercrime,15.703454,75.64137,23-07-2023,medium,investigating
Hubballi-Dharwad,Hubballi,Keshwapur PS,Cybercrime,15.332093,75.095761,30-07-2023,low,closed
Mandya,Mandya,Mandya PS,Chain Snatching,12.560131,76.633118,19-03-2024,high,open
Gadag,Mundargi,Rural PS,Burglary,15.399021,75.592398,04-12-2023,low,closed
Udupi,Karkala,Ajekar PS,Murder,13.295084,74.878991,04-08-2024,low,investigating
Chitradurga,Hiriyur,Town PS,Vehicle Theft,14.145995,76.334739,06-07-2024,medium,closed
Chitradurga,Hiriyur,Rural PS,Domestic Violence,14.469572,76.433082,14-05-2024,low,investigating
Raichur,Manvi,Manvi PS,Burglary,16.507494,77.157496,30-04-2024,low,open
Ballari,Ballari City,Brucepet PS,Robbery,14.923331,76.910483,28-12-2024,medium,open
Bengaluru Urban,Koramangala,Madiwala PS,Cybercrime,12.966541,77.881556,17-01-2023,low,open
Gadag,Gadag,Gadag Town PS,Murder,15.223668,75.714973,07-08-2023,low,investigating
Hassan,Hassan City,Traffic PS,Domestic Violence,12.989482,75.943798,02-02-2023,low,open
Udupi,Kundapura,Gangolli PS,Land Dispute,13.27264,74.780492,12-02-2023,medium,investigating
Chitradurga,Hiriyur,Hiriyur PS,Cybercrime,14.052615,76.535338,09-03-2024,high,investigating
Hubballi-Dharwad,Dharwad,Sub Urban PS,Domestic Violence,15.323341,74.837659,08-02-2023,low,open
Mandya,Maddur,Maddur PS,Murder,12.255201,77.08607,07-08-2023,medium,closed
Hassan,Hassan City,Extension PS,Theft,13.003821,76.312469,29-08-2023,medium,closed
Bengaluru Urban,Whitefield,Whitefield PS,Chain Snatching,13.22217,77.805121,06-03-2024,low,investigating
Hassan,Arsikere,Rural PS,Chain Snatching,13.165925,76.006353,07-08-2023,medium,open
Haveri,Haveri,Haveri PS,Mobile Theft,14.802438,75.355207,23-06-2023,medium,investigating
Chikkaballapura,Sidlaghatta,Town PS,Mobile Theft,13.593576,77.63244,24-10-2024,low,closed
Haveri,Ranebennur,Rural PS,Land Dispute,14.601608,75.337797,23-03-2023,medium,closed
Ballari,Hospet,Rural PS,Theft,15.058834,76.71819,26-10-2023,low,investigating
Chikkamagaluru,Kadur,Kadur PS,Robbery,13.056896,75.950772,23-09-2024,low,open
Raichur,Sindhanur,Town PS,Fraud,15.968765,77.340823,08-08-2024,medium,closed
Mandya,Mandya,Traffic PS,Kidnapping,12.77041,76.756042,14-06-2024,high,open
Udupi,Karkala,Ajekar PS,Murder,13.104733,74.493265,23-07-2023,high,investigating
Hubballi-Dharwad,Hubballi,Keshwapur PS,Mobile Theft,15.391266,75.053119,30-09-2024,high,open
Raichur,Raichur City,Traffic PS,Chain Snatching,16.44546,77.315864,17-01-2023,low,open
Bengaluru Rural,Doddaballapura,Town PS,Burglary,12.957619,77.518122,07-09-2023,low,investigating
Chamarajanagar,Kollegal,Rural PS,Cybercrime,11.920866,76.804007,20-02-2024,low,closed
Chamarajanagar,Gundlupet,Rural PS,Robbery,12.129665,76.735479,10-09-2023,high,investigating
Kolar,Malur,Rural PS,Theft,12.995241,77.851077,04-08-2023,high,closed
Ballari,Hospet,Hospet Town PS,Cybercrime,15.19225,77.178099,13-07-2024,medium,open
Ballari,Hospet,Hospet Town PS,Drug Offense,15.335228,76.847532,19-10-2024,medium,closed
Bengaluru Urban,Whitefield,Kadugodi PS,Theft,12.820561,77.38571,28-01-2023,low,closed
Kodagu,Virajpet,Town PS,Murder,12.057196,76.079977,30-06-2024,low,closed
Belagavi,Gokak,Gokak Town PS,Assault,15.576329,74.28955,23-09-2023,low,investigating
Belagavi,Gokak,Gokak Town PS,Land Dispute,15.812399,74.24815,06-01-2024,low,closed
Davangere,Harihar,Rural PS,Assault,14.485825,75.844593,27-01-2023,low,investigating
Bengaluru Rural,Nelamangala,Traffic PS,Cybercrime,13.455798,77.657899,05-03-2023,low,closed
Koppal,Kushtagi,Kushtagi PS,Domestic Violence,15.422793,76.057242,19-03-2024,medium,open
Chikkamagaluru,Kadur,Kadur PS,Fraud,13.607428,75.952341,11-11-2023,medium,investigating
Yadgir,Shahapur,Town PS,Burglary,16.886968,77.136914,09-08-2024,low,open
Koppal,Koppal City,Town PS,Chain Snatching,15.622136,76.397985,30-10-2023,low,open
Bengaluru Rural,Nelamangala,Soladevanahalli PS,Chain Snatching,12.922252,77.293034,09-11-2023,medium,investigating
Kodagu,Somwarpet,Somwarpet PS,Domestic Violence,12.344855,75.647012,12-04-2023,medium,closed
Chikkamagaluru,Chikkamagaluru City,Town PS,Fraud,13.036159,76.011024,09-10-2023,medium,open
Koppal,Koppal City,Koppal PS,Burglary,15.604031,76.396048,29-10-2023,low,investigating
Mangaluru,Ullal,Kotekar PS,Theft,12.715025,75.096244,24-03-2023,low,open
Bengaluru Urban,Whitefield,Kadugodi PS,Land Dispute,12.746548,77.844881,14-02-2024,medium,open
Raichur,Raichur City,Raichur PS,Chain Snatching,16.10376,77.333418,08-03-2023,medium,open
Bengaluru Rural,Doddaballapura,Town PS,Land Dispute,13.178601,77.346239,15-02-2024,medium,closed
Yadgir,Yadgir City,Yadgir PS,Murder,16.721776,77.151254,20-05-2023,low,closed
Mangaluru,Surathkal,Mulki PS,Theft,13.203361,74.81929,11-12-2023,low,investigating
Hubballi-Dharwad,Dharwad,Dharwad Town PS,Burglary,15.222612,75.402908,01-03-2024,medium,closed
Tumakuru,Tumakuru City,New Extension PS,Domestic Violence,13.08289,76.959079,03-05-2024,high,investigating
Vijayapura,Indi,Rural PS,Cybercrime,17.015287,75.998928,19-10-2023,medium,closed
Uttara Kannada,Karwar,Karwar Town PS,Fraud,15.054863,74.865945,24-08-2024,low,open
Yadgir,Yadgir City,Yadgir PS,Domestic Violence,16.800364,76.96329,21-04-2024,high,investigating
Bengaluru Urban,Yelahanka,Yelahanka PS,Cybercrime,13.005553,77.59163,24-05-2024,high,investigating
Bengaluru Rural,Nelamangala,Nelamangala PS,Fraud,13.308956,77.450027,29-07-2024,high,investigating
Chamarajanagar,Chamarajanagar,Chamarajanagar PS,Murder,11.928061,77.207931,09-01-2023,medium,closed
Tumakuru,Tumakuru City,Traffic PS,Vehicle Theft,13.212226,77.351349,01-09-2024,low,closed
Dakshina Kannada,Sullia,Rural PS,Kidnapping,12.929306,75.40835,01-09-2023,medium,closed
Mangaluru,Mangaluru,Mangaluru South PS,Burglary,13.01494,74.735695,14-07-2024,medium,closed
Chikkamagaluru,Chikkamagaluru City,Town PS,Mobile Theft,13.2755,75.914809,19-02-2024,low,closed
Mandya,Mandya,Mandya PS,Land Dispute,12.4943,76.65953,19-05-2023,low,investigating
Kolar,Bangarapet,Bangarapet PS,Vehicle Theft,13.31214,78.269582,29-05-2023,low,closed
Tumakuru,Tiptur,Rural PS,Robbery,13.507963,77.13452,01-10-2024,low,closed
Yadgir,Yadgir City,Traffic PS,Mobile Theft,16.783647,77.320518,04-07-2023,medium,open
Chikkamagaluru,Kadur,Kadur PS,Mobile Theft,13.241463,76.014592,22-12-2023,medium,open
Hubballi-Dharwad,Hubballi,Keshwapur PS,Cybercrime,15.250565,75.370157,17-04-2023,low,open
Chikkaballapura,Sidlaghatta,Town PS,Murder,13.23798,77.694742,03-02-2023,medium,open
Chikkamagaluru,Chikkamagaluru City,Chikkamagaluru PS,Drug Offense,13.4386,75.936756,07-11-2024,low,open
Shivamogga,Shivamogga City,Vinobanagar PS,Theft,14.219153,75.314703,18-02-2024,low,open
Chamarajanagar,Gundlupet,Rural PS,Theft,12.132023,77.042339,16-07-2024,low,closed
Chitradurga,Hosadurga,Town PS,Assault,14.351844,76.347597,09-09-2024,low,closed
Uttara Kannada,Karwar,Traffic PS,Drug Offense,15.014549,74.665351,23-06-2024,medium,open
Chitradurga,Hosadurga,Hosadurga PS,Kidnapping,14.372384,76.239875,07-06-2024,low,open
Vijayapura,Vijayapura City,Traffic PS,Chain Snatching,16.610584,75.845595,17-01-2024,low,closed
Ramanagara,Ramanagara,Ramanagara PS,Land Dispute,12.479647,77.033448,07-02-2023,low,open
Kolar,Malur,Rural PS,Assault,13.039339,78.257218,19-05-2024,low,open
Chikkaballapura,Bagepalli,Rural PS,Assault,13.331072,77.921705,28-03-2024,low,closed
Kodagu,Somwarpet,Kushalnagar PS,Domestic Violence,12.412522,75.978228,10-10-2024,low,open
Shivamogga,Sagara,Sagara PS,Assault,13.981572,75.762241,18-12-2023,low,open
Udupi,Kundapura,Byndoor PS,Fraud,13.373924,74.974885,13-01-2023,medium,open
Gadag,Gadag,Traffic PS,Kidnapping,15.45104,75.801164,18-08-2023,low,investigating
Hassan,Hassan City,Extension PS,Murder,13.259455,76.27563,23-07-2023,high,closed
Kodagu,Madikeri,Traffic PS,Domestic Violence,12.385783,75.966803,29-08-2023,low,investigating
Chikkaballapura,Sidlaghatta,Rural PS,Vehicle Theft,13.353364,77.806498,22-06-2023,high,open
Hassan,Sakleshpur,Rural PS,Kidnapping,13.104383,76.100525,14-07-2023,medium,open
Koppal,Gangavathi,Rural PS,Cybercrime,15.108947,76.208475,26-01-2024,low,investigating
Gadag,Gadag,Gadag Town PS,Cybercrime,15.508717,75.60726,07-07-2024,low,open
Mangaluru,Surathkal,Mulki PS,Fraud,12.876734,74.951748,15-02-2024,high,investigating
Mandya,Maddur,Rural PS,Fraud,12.52861,76.679964,21-06-2023,medium,open
Chamarajanagar,Gundlupet,Rural PS,Drug Offense,12.137137,76.859704,21-01-2024,medium,investigating
Raichur,Manvi,Rural PS,Land Dispute,15.982319,77.213784,24-03-2024,low,closed
Belagavi,Gokak,Traffic PS,Fraud,15.552631,74.315078,17-07-2024,low,closed
Shivamogga,Sagara,Sagara PS,Cybercrime,13.826505,75.455978,24-05-2024,low,closed
Mysuru,Hunsur,Hunsur PS,Drug Offense,12.532218,76.407838,22-01-2024,low,open
Chikkamagaluru,Kadur,Town PS,Land Dispute,13.266429,75.896706,16-10-2024,medium,open
Mysuru,Hunsur,Bilikere PS,Robbery,12.193017,76.432988,27-03-2024,low,closed
Mysuru,Nanjangud,Nanjangud Town PS,Murder,12.330945,76.460635,04-11-2024,low,open
Kalaburagi,Jewargi,Yadrami PS,Robbery,17.345051,76.6429,17-08-2024,high,investigating
Shivamogga,Bhadravati,Paper Town PS,Drug Offense,13.963553,75.846064,23-08-2023,low,investigating
Davangere,Harihar,Rural PS,Robbery,14.214258,75.85183,02-08-2023,low,closed
Chamarajanagar,Chamarajanagar,Town PS,Drug Offense,12.007321,76.668428,22-09-2024,medium,open
Uttara Kannada,Karwar,Traffic PS,Murder,14.824994,74.397478,26-07-2023,low,open
Uttara Kannada,Karwar,Karwar Town PS,Cybercrime,14.636866,74.517705,27-12-2023,low,closed
Hassan,Hassan City,Extension PS,Burglary,12.824653,75.977502,02-12-2024,high,investigating
Raichur,Manvi,Town PS,Mobile Theft,15.960311,77.100952,24-01-2023,low,investigating
Bengaluru Urban,Yelahanka,Yelahanka PS,Assault,12.796168,77.401443,05-04-2023,low,closed
Bidar,Basavakalyan,Rural PS,Mobile Theft,18.119836,77.644893,02-11-2024,medium,investigating
Hassan,Arsikere,Town PS,Vehicle Theft,12.743639,76.081034,07-05-2023,medium,closed
Tumakuru,Tiptur,Tiptur PS,Domestic Violence,13.288591,77.414406,17-12-2024,low,investigating
Chikkamagaluru,Tarikere,Rural PS,Mobile Theft,13.589172,76.019814,29-09-2023,low,closed
Shivamogga,Sagara,Sagara PS,Domestic Violence,13.954426,75.817738,28-06-2023,medium,open
Chikkaballapura,Sidlaghatta,Town PS,Domestic Violence,13.210001,77.714482,23-11-2023,low,open
Belagavi,Gokak,Gokak Town PS,Land Dispute,15.728268,74.287992,09-07-2023,low,open
Kalaburagi,Sedam,Rural PS,Assault,17.056016,77.020348,15-12-2023,medium,open
Vijayapura,Indi,Rural PS,Assault,16.819806,75.558263,22-11-2023,medium,closed
Chamarajanagar,Kollegal,Rural PS,Burglary,11.919238,77.068768,18-02-2024,medium,investigating
Chitradurga,Hiriyur,Rural PS,Domestic Violence,14.487007,76.206259,01-05-2023,low,investigating
Kodagu,Somwarpet,Rural PS,Chain Snatching,12.038074,75.570702,16-03-2023,low,investigating
Hassan,Arsikere,Town PS,Mobile Theft,13.047666,75.94957,09-08-2024,medium,closed
Raichur,Manvi,Manvi PS,Domestic Violence,16.174815,77.362881,03-02-2024,low,open
Mangaluru,Surathkal,Mulki PS,Mobile Theft,12.963123,74.642591,01-10-2024,medium,closed
Mandya,Maddur,Town PS,Chain Snatching,12.301917,76.764645,06-06-2023,medium,investigating
Hubballi-Dharwad,Navanagar,Navanagar PS,Vehicle Theft,15.263665,74.886964,10-03-2024,medium,investigating
Mysuru,Nanjangud,Traffic PS,Assault,12.232446,76.440027,20-08-2023,high,closed
Kodagu,Virajpet,Town PS,Fraud,12.485469,75.869489,29-02-2024,medium,investigating
Chitradurga,Hiriyur,Town PS,Vehicle Theft,14.292702,76.578106,03-04-2023,medium,investigating
Haveri,Savanur,Town PS,Fraud,14.66563,75.325298,09-08-2024,medium,closed
Chamarajanagar,Kollegal,Kollegal PS,Murder,11.928187,76.737633,05-10-2024,high,open
Dakshina Kannada,Puttur,Puttur PS,Robbery,12.986965,75.514921,11-11-2023,high,closed
Mysuru,Nanjangud,Traffic PS,Vehicle Theft,12.01699,76.580656,18-05-2023,medium,investigating
Ramanagara,Magadi,Rural PS,Murder,13.011446,77.057566,18-09-2024,low,closed
Chikkaballapura,Sidlaghatta,Rural PS,Domestic Violence,13.35954,77.504053,14-12-2023,medium,investigating
Mandya,Maddur,Town PS,Robbery,12.647804,76.770721,08-05-2023,high,closed
Haveri,Savanur,Town PS,Cybercrime,14.82562,75.173481,07-04-2023,medium,open
Kolar,Bangarapet,Rural PS,Domestic Violence,13.09894,77.906735,12-11-2023,medium,closed
Hubballi-Dharwad,Hubballi,Old Hubballi PS,Fraud,15.558138,75.396696,08-04-2023,low,closed
Raichur,Raichur City,West PS,Kidnapping,16.105902,77.224868,26-11-2024,high,investigating
Mysuru,Mysuru City,Devaraja PS,Kidnapping,12.037849,76.689901,20-04-2023,low,investigating
Vijayapura,Indi,Rural PS,Drug Offense,17.073507,75.915413,05-06-2023,high,closed
Uttara Kannada,Bhatkal,Bhatkal PS,Murder,14.969286,74.439709,02-07-2024,medium,open
Vijayapura,Vijayapura City,Gandhi Chowk PS,Kidnapping,17.016856,75.60814,22-02-2024,medium,closed
Belagavi,Belagavi City,Market PS,Burglary,16.069688,74.674318,07-04-2024,medium,closed
Bengaluru Urban,Koramangala,Madiwala PS,Kidnapping,12.865161,77.619938,09-03-2024,medium,investigating
Chitradurga,Hiriyur,Town PS,Chain Snatching,14.362308,76.568307,19-11-2023,low,open
Ramanagara,Kanakapura,Kanakapura PS,Domestic Violence,12.570864,77.508102,10-03-2023,low,open
Uttara Kannada,Sirsi,Rural PS,Kidnapping,14.490968,74.749992,11-07-2024,medium,investigating
Hubballi-Dharwad,Hubballi,Vidyanagar PS,Drug Offense,15.222989,75.069469,08-05-2023,low,investigating
Mandya,Srirangapatna,Rural PS,Robbery,12.437828,76.646411,07-03-2024,low,closed
Yadgir,Shahapur,Shahapur PS,Kidnapping,16.818281,77.225341,15-04-2023,low,open
Bidar,Bhalki,Town PS,Murder,18.187683,77.567754,08-09-2023,medium,closed
Shivamogga,Shivamogga City,Doddapete PS,Theft,14.144369,75.574166,08-01-2024,low,investigating
Kolar,Malur,Malur PS,Burglary,13.39118,77.975445,02-10-2023,medium,closed
Ramanagara,Kanakapura,Kanakapura PS,Theft,12.654053,77.490714,06-04-2023,medium,investigating
Kalaburagi,Jewargi,Yadrami PS,Land Dispute,17.591647,76.834328,27-04-2023,low,open
Chamarajanagar,Kollegal,Rural PS,Assault,12.111992,77.040201,14-02-2024,high,investigating
Mangaluru,Mangaluru,Pandeshwar PS,Vehicle Theft,12.751177,74.977366,07-02-2024,low,open
Bidar,Bhalki,Bhalki PS,Fraud,17.845001,77.591572,25-02-2024,low,closed
Ballari,Sandur,Sandur PS,Chain Snatching,15.423029,76.702751,05-04-2023,medium,closed
Udupi,Kundapura,Kundapura PS,Vehicle Theft,13.334549,74.939228,24-11-2023,low,closed
Bengaluru Rural,Nelamangala,Traffic PS,Mobile Theft,13.461476,77.577815,07-02-2024,high,open
Gadag,Ron,Ron PS,Fraud,15.447052,75.504141,31-03-2024,low,closed
Kodagu,Somwarpet,Rural PS,Domestic Violence,12.25801,75.527885,05-05-2024,low,investigating
Mangaluru,Mangaluru,Mangaluru South PS,Fraud,12.691179,75.068327,07-11-2024,high,closed
Gadag,Mundargi,Rural PS,Chain Snatching,15.686227,75.922086,23-12-2024,high,open
Tumakuru,Tiptur,Rural PS,Fraud,13.055842,77.211118,21-10-2024,low,closed
Hubballi-Dharwad,Navanagar,Town PS,Mobile Theft,15.083637,75.077684,20-10-2024,high,closed
Kolar,Bangarapet,Town PS,Robbery,13.10496,78.101977,01-05-2023,medium,closed
Bidar,Basavakalyan,Town PS,Fraud,17.970771,77.658076,09-12-2023,low,closed
Davangere,Davangere City,Traffic PS,Murder,14.705688,75.697513,19-08-2023,high,open
Bidar,Basavakalyan,Basavakalyan PS,Cybercrime,17.659101,77.428143,29-08-2024,medium,closed
Vijayapura,Vijayapura City,Gandhi Chowk PS,Land Dispute,17.108447,75.572582,01-02-2023,low,investigating
Uttara Kannada,Bhatkal,Bhatkal PS,Mobile Theft,14.725397,74.635733,10-06-2024,high,open
Ballari,Hospet,Traffic PS,Theft,15.199134,76.894889,04-07-2024,medium,closed
Belagavi,Chikodi,Rural PS,Chain Snatching,16.101288,74.206343,17-05-2023,high,closed
Koppal,Gangavathi,Rural PS,Murder,15.601183,76.228587,15-08-2023,low,closed
Shivamogga,Shivamogga City,Traffic PS,Drug Offense,13.70089,75.502637,01-07-2024,medium,open
Uttara Kannada,Bhatkal,Town PS,Drug Offense,14.943465,74.659898,04-02-2023,low,closed
Chikkaballapura,Sidlaghatta,Sidlaghatta PS,Domestic Violence,13.696502,77.71732,24-03-2024,medium,open
Yadgir,Yadgir City,Traffic PS,Robbery,16.805672,76.883897,16-11-2023,medium,closed
Shivamogga,Sagara,Rural PS,Fraud,13.843767,75.505014,16-06-2023,low,investigating
Yadgir,Shahapur,Town PS,Fraud,16.697103,77.331634,08-08-2023,medium,open
Kalaburagi,Kalaburagi City,University PS,Theft,17.229385,76.894519,12-03-2024,medium,investigating
Mysuru,Nanjangud,Nanjangud Town PS,Drug Offense,12.404697,76.595975,08-11-2023,low,investigating
Bengaluru Rural,Nelamangala,Traffic PS,Chain Snatching,12.941656,77.267266,20-09-2023,medium,investigating
Bidar,Bidar City,Bidar PS,Robbery,17.86992,77.625718,29-05-2023,low,open
Kalaburagi,Sedam,Sedam PS,Mobile Theft,17.610388,76.991361,13-04-2023,low,open
Hassan,Arsikere,Town PS,Drug Offense,13.038406,76.37844,15-08-2024,low,closed
Bengaluru Rural,Nelamangala,Nelamangala PS,Domestic Violence,13.23018,77.391585,01-11-2024,low,open
Dakshina Kannada,Puttur,Town PS,Kidnapping,13.077722,74.985108,29-12-2023,low,open
Uttara Kannada,Sirsi,Town PS,Murder,14.553968,74.721735,05-11-2024,low,open
Kolar,Bangarapet,Bangarapet PS,Mobile Theft,12.994705,77.865873,25-09-2024,low,closed
Bengaluru Rural,Doddaballapura,Rural PS,Theft,13.091104,77.558643,27-04-2024,medium,closed
Haveri,Savanur,Town PS,Vehicle Theft,14.836036,75.228279,15-09-2023,medium,open
Shivamogga,Shivamogga City,Traffic PS,Mobile Theft,13.674066,75.813302,01-07-2023,high,investigating
Tumakuru,Tiptur,Rural PS,Domestic Violence,13.536126,77.378413,27-10-2023,medium,investigating
Raichur,Raichur City,Raichur PS,Kidnapping,16.012832,77.194836,13-12-2024,medium,closed
Bengaluru Rural,Nelamangala,Traffic PS,Kidnapping,13.217844,77.34241,03-06-2024,medium,investigating
Gadag,Ron,Town PS,Kidnapping,15.40125,75.498152,01-03-2023,low,closed
Tumakuru,Madhugiri,Madhugiri PS,Cybercrime,13.571094,77.367237,16-08-2024,low,closed
Hassan,Hassan City,Traffic PS,Domestic Violence,13.077497,76.389165,06-09-2024,medium,closed
Gadag,Mundargi,Rural PS,Vehicle Theft,15.525644,75.44713,13-11-2024,high,closed
Kalaburagi,Sedam,Town PS,Kidnapping,17.365061,76.849262,10-01-2024,medium,investigating
Haveri,Ranebennur,Ranebennur PS,Burglary,14.821202,75.112051,16-08-2023,medium,closed
Chikkaballapura,Bagepalli,Town PS,Assault,13.433303,77.505122,12-10-2024,medium,closed
Haveri,Savanur,Town PS,Robbery,14.723017,75.424721,20-08-2023,medium,investigating
Vijayapura,Sindagi,Town PS,Mobile Theft,16.891745,75.679382,23-06-2023,medium,open
Shivamogga,Bhadravati,Bhadravati PS,Vehicle Theft,13.934558,75.773408,16-05-2024,low,open
Kodagu,Virajpet,Rural PS,Burglary,12.55932,75.79847,08-06-2024,low,investigating
Dakshina Kannada,Sullia,Town PS,Drug Offense,12.675707,75.040897,20-09-2024,medium,open
Udupi,Udupi,Udupi Town PS,Assault,13.470444,74.644183,09-11-2024,medium,open
Kolar,Malur,Rural PS,Murder,13.059281,78.337037,22-03-2024,low,closed
Ramanagara,Kanakapura,Kanakapura PS,Kidnapping,12.454761,77.498628,18-02-2023,low,open
Hubballi-Dharwad,Navanagar,Town PS,Cybercrime,15.346428,75.388789,16-04-2023,low,investigating
Tumakuru,Madhugiri,Town PS,Mobile Theft,13.276516,77.194232,24-02-2023,low,investigating
Belagavi,Gokak,Gokak Town PS,Vehicle Theft,15.653242,74.745281,16-09-2023,low,investigating
Koppal,Koppal City,Traffic PS,Burglary,15.173132,76.019978,03-08-2023,low,open
Udupi,Karkala,Karkala PS,Fraud,13.283813,74.964695,19-09-2024,medium,open
Dakshina Kannada,Sullia,Rural PS,Assault,12.57038,75.179414,08-09-2023,low,closed
Bengaluru Urban,Whitefield,Varthur PS,Theft,12.868315,77.332162,26-10-2024,high,open
Dakshina Kannada,Puttur,Town PS,Drug Offense,12.566343,75.315157,30-03-2024,low,investigating
Mysuru,Hunsur,Rural PS,Cybercrime,12.197497,76.553332,30-09-2024,medium,investigating
Yadgir,Yadgir City,Town PS,Domestic Violence,16.915385,77.360708,10-06-2023,low,open
Davangere,Davangere City,KTJ Nagar PS,Land Dispute,14.725195,76.203578,03-11-2024,medium,open
Raichur,Manvi,Manvi PS,Domestic Violence,16.428542,77.172474,09-12-2023,low,investigating
Bidar,Bhalki,Town PS,Kidnapping,17.808523,77.237603,21-01-2023,low,closed
Chikkaballapura,Bagepalli,Bagepalli PS,Domestic Violence,13.274814,77.539011,29-09-2024,low,open
Davangere,Honnali,Honnali PS,Robbery,14.515654,75.649451,11-10-2023,medium,investigating
Dakshina Kannada,Puttur,Puttur PS,Domestic Violence,12.65226,75.08412,13-12-2024,low,closed
Shivamogga,Sagara,Anandapura PS,Cybercrime,14.187292,75.519279,30-07-2023,low,open
Chamarajanagar,Gundlupet,Gundlupet PS,Vehicle Theft,11.97316,76.846899,19-12-2023,low,open
Mangaluru,Mangaluru,Mangaluru South PS,Land Dispute,12.721885,74.847743,04-05-2023,low,closed
Bengaluru Rural,Nelamangala,Traffic PS,Vehicle Theft,13.320639,77.430694,10-03-2023,high,investigating
Bengaluru Urban,Koramangala,Koramangala PS,Assault,12.726236,77.386186,19-08-2024,high,open
Chitradurga,Hiriyur,Rural PS,Domestic Violence,14.264909,76.682108,19-04-2024,medium,open
Mangaluru,Mangaluru,Mangaluru North PS,Robbery,12.67524,74.712793,14-10-2024,high,investigating
Bengaluru Rural,Devanahalli,Airport PS,Vehicle Theft,13.390792,77.160143,11-01-2023,medium,investigating
Dakshina Kannada,Bantwal,Bantwal PS,Robbery,12.968203,74.947969,19-01-2024,medium,closed
Bengaluru Urban,Koramangala,HSR Layout PS,Murder,12.989156,77.643194,02-06-2024,low,investigating
Chitradurga,Hiriyur,Rural PS,Robbery,14.404045,76.647227,24-08-2024,low,investigating
Belagavi,Chikodi,Chikodi PS,Mobile Theft,16.118288,74.614867,15-03-2023,high,open
Chikkamagaluru,Tarikere,Rural PS,Domestic Violence,13.588348,75.512268,14-02-2024,low,open
Ballari,Sandur,Rural PS,Domestic Violence,15.164957,76.671633,22-07-2024,medium,open
Uttara Kannada,Bhatkal,Bhatkal PS,Domestic Violence,14.673888,74.399057,15-07-2023,low,investigating
Chamarajanagar,Kollegal,Town PS,Vehicle Theft,12.176548,76.86143,12-05-2024,medium,open
Kodagu,Madikeri,Rural PS,Domestic Violence,12.23351,75.576342,18-08-2023,low,investigating
Kalaburagi,Kalaburagi City,Station Bazaar PS,Burglary,17.378193,76.953971,24-01-2024,low,closed
Yadgir,Shahapur,Rural PS,Mobile Theft,16.934866,77.351389,23-12-2023,low,investigating
Kodagu,Madikeri,Traffic PS,Robbery,12.106605,75.780147,14-12-2024,medium,open
Haveri,Savanur,Savanur PS,Kidnapping,14.502399,75.141844,06-04-2024,medium,closed
Chikkaballapura,Chikkaballapura,Town PS,Vehicle Theft,13.293501,77.839218,09-04-2024,low,closed
Bengaluru Urban,Yelahanka,Yelahanka New Town PS,Robbery,13.202121,77.623272,29-04-2023,low,investigating
Belagavi,Chikodi,Chikodi PS,Burglary,16.117408,74.759375,18-02-2024,medium,investigating
Ramanagara,Magadi,Town PS,Mobile Theft,12.584563,77.081636,29-09-2023,low,closed
Tumakuru,Tiptur,Town PS,Domestic Violence,13.620226,77.047882,12-02-2024,medium,open
Chikkamagaluru,Tarikere,Lakkavalli PS,Cybercrime,13.535165,75.657373,03-12-2024,high,investigating
Kalaburagi,Kalaburagi City,University PS,Murder,17.39975,76.811492,24-06-2024,medium,open
Vijayapura,Vijayapura City,Gandhi Chowk PS,Theft,16.980168,75.674048,15-02-2024,low,closed
Uttara Kannada,Bhatkal,Rural PS,Vehicle Theft,14.648494,74.529165,17-06-2024,high,closed
Uttara Kannada,Bhatkal,Town PS,Drug Offense,14.804812,74.483961,23-11-2024,low,open
Vijayapura,Indi,Rural PS,Vehicle Theft,17.049909,75.648171,30-03-2024,low,open
Belagavi,Gokak,Traffic PS,Theft,15.708393,74.347262,06-01-2023,low,investigating
Uttara Kannada,Karwar,Karwar Town PS,Mobile Theft,14.582182,74.799478,13-07-2023,low,closed
Raichur,Raichur City,West PS,Kidnapping,16.358217,77.561537,04-08-2023,low,closed
Chamarajanagar,Kollegal,Kollegal PS,Drug Offense,11.784745,77.042906,19-12-2024,medium,investigating
Udupi,Kundapura,Byndoor PS,Burglary,13.389105,74.883449,29-08-2024,low,investigating
Uttara Kannada,Sirsi,Sirsi PS,Theft,14.561408,74.413147,03-07-2023,medium,investigating
Chikkamagaluru,Tarikere,Lakkavalli PS,Cybercrime,13.57275,75.59492,23-01-2023,high,closed
Shivamogga,Shivamogga City,Vinobanagar PS,Vehicle Theft,13.773645,75.867534,08-01-2024,low,closed
Mandya,Srirangapatna,Srirangapatna PS,Land Dispute,12.456114,77.097428,30-01-2024,low,open
Kodagu,Madikeri,Rural PS,Cybercrime,12.444469,75.686372,09-04-2023,medium,closed
Mangaluru,Mangaluru,Pandeshwar PS,Chain Snatching,13.01157,74.994448,29-06-2023,low,investigating
Davangere,Harihar,Harihar PS,Vehicle Theft,14.678073,75.897432,11-07-2023,low,investigating
Shivamogga,Sagara,Anandapura PS,Robbery,13.633454,75.592948,26-07-2023,low,closed
Mandya,Srirangapatna,Rural PS,Chain Snatching,12.382721,76.653798,22-05-2023,medium,closed
Ballari,Hospet,Rural PS,Mobile Theft,15.005523,76.77698,21-07-2023,low,open
Koppal,Kushtagi,Rural PS,Robbery,15.128585,76.258033,12-06-2024,low,closed
Mangaluru,Ullal,Kotekar PS,Murder,12.625226,74.979158,06-05-2024,low,open
Bengaluru Rural,Nelamangala,Nelamangala PS,Theft,13.153669,77.368718,07-02-2023,low,open
Kolar,Kolar,Traffic PS,Robbery,12.951681,78.174622,09-02-2023,low,closed
Mysuru,Hunsur,Bilikere PS,Vehicle Theft,12.037916,76.822329,22-02-2024,low,closed
Bidar,Basavakalyan,Basavakalyan PS,Vehicle Theft,17.845764,77.614474,27-03-2023,low,open
Kalaburagi,Sedam,Rural PS,Chain Snatching,17.45116,76.937666,11-09-2024,low,investigating
Chamarajanagar,Gundlupet,Gundlupet PS,Cybercrime,11.722596,76.710113,24-02-2023,medium,closed
Chikkaballapura,Bagepalli,Bagepalli PS,Assault,13.634498,77.574122,27-11-2023,low,investigating
Kodagu,Madikeri,Madikeri PS,Vehicle Theft,12.496707,75.669882,12-10-2024,low,investigating
Bengaluru Rural,Nelamangala,Traffic PS,Theft,13.145948,77.488231,06-06-2023,low,open
Chamarajanagar,Chamarajanagar,Town PS,Drug Offense,12.150907,76.766421,06-05-2023,medium,closed
Bidar,Bhalki,Rural PS,Murder,17.630997,77.802613,12-03-2024,low,closed
Vijayapura,Sindagi,Rural PS,Assault,16.917226,75.674146,30-08-2023,low,investigating
Dakshina Kannada,Sullia,Rural PS,Theft,12.808861,75.431235,23-10-2024,medium,investigating
Mangaluru,Surathkal,Panambur PS,Fraud,13.134614,74.851237,17-09-2023,high,investigating
Bengaluru Urban,Yelahanka,Attur PS,Burglary,13.211652,77.445827,23-08-2024,low,closed
Mangaluru,Ullal,Ullal PS,Chain Snatching,12.762612,74.728228,04-05-2023,low,open
Vijayapura,Sindagi,Rural PS,Theft,16.776818,75.817874,23-02-2023,low,open
Koppal,Gangavathi,Town PS,Theft,15.44807,76.330716,22-11-2024,medium,open
Gadag,Gadag,Betageri PS,Robbery,15.341415,75.78381,13-03-2024,high,investigating
Chikkaballapura,Bagepalli,Rural PS,Drug Offense,13.216696,77.483934,31-10-2024,low,closed
Haveri,Haveri,Traffic PS,Fraud,14.780643,75.329092,25-06-2023,low,closed
Ballari,Sandur,Toranagallu PS,Chain Snatching,14.970271,77.025517,07-02-2024,low,closed
Bidar,Bhalki,Rural PS,Fraud,18.025141,77.458649,27-10-2023,low,investigating
Gadag,Ron,Rural PS,Burglary,15.340416,75.903955,04-01-2024,low,investigating
Chikkamagaluru,Kadur,Rural PS,Vehicle Theft,13.085797,76.067803,05-10-2023,high,closed
Raichur,Manvi,Town PS,Drug Offense,16.355449,77.569043,18-05-2023,low,closed
Ramanagara,Magadi,Town PS,Domestic Violence,12.62052,77.275534,06-02-2023,low,open
Haveri,Savanur,Rural PS,Mobile Theft,14.499566,75.52311,12-07-2024,low,closed
Uttara Kannada,Sirsi,Sirsi PS,Vehicle Theft,14.960701,74.810448,15-10-2024,medium,open
Chamarajanagar,Kollegal,Town PS,Mobile Theft,11.726003,77.193157,29-03-2024,high,open
Hassan,Sakleshpur,Town PS,Vehicle Theft,12.784177,76.03505,16-07-2023,low,closed
Koppal,Kushtagi,Town PS,Assault,15.114794,76.066965,05-02-2024,low,open
Raichur,Sindhanur,Town PS,Murder,16.389628,77.564842,24-08-2023,low,closed
Kalaburagi,Jewargi,Yadrami PS,Fraud,17.294184,76.985744,02-04-2023,medium,open
Yadgir,Yadgir City,Traffic PS,Burglary,16.543753,76.984895,10-12-2024,low,investigating
Hassan,Hassan City,Extension PS,Chain Snatching,13.198381,76.007262,28-09-2024,low,open
Chamarajanagar,Chamarajanagar,Chamarajanagar PS,Murder,11.926054,77.24238,05-09-2023,high,investigating
Mysuru,Nanjangud,Nanjangud Town PS,Cybercrime,12.371563,76.891231,27-10-2023,low,investigating
Chitradurga,Hiriyur,Hiriyur PS,Burglary,14.402354,76.490279,14-07-2023,medium,open
Kolar,Kolar,Traffic PS,Land Dispute,13.014375,78.19153,21-12-2023,low,closed
Chitradurga,Chitradurga,Traffic PS,Fraud,14.068155,76.273281,08-06-2023,low,investigating
Hassan,Arsikere,Rural PS,Vehicle Theft,13.265979,75.828579,26-06-2024,medium,closed
Kolar,Kolar,Traffic PS,Assault,12.847074,77.928867,07-06-2023,low,investigating
Vijayapura,Vijayapura City,Adarsh Nagar PS,Vehicle Theft,17.094878,75.548891,20-09-2023,high,closed
Ramanagara,Magadi,Rural PS,Robbery,12.429869,77.303344,27-11-2023,low,investigating
Uttara Kannada,Sirsi,Sirsi PS,Robbery,14.704129,74.610794,16-01-2023,medium,open
Kolar,Malur,Town PS,Fraud,13.353491,77.86258,02-03-2024,low,open
Ramanagara,Magadi,Rural PS,Mobile Theft,12.447866,77.024469,12-02-2024,low,open
Kodagu,Somwarpet,Somwarpet PS,Mobile Theft,12.488559,75.664029,24-11-2023,high,open
Chitradurga,Chitradurga,Traffic PS,Cybercrime,14.364637,76.118312,13-10-2024,medium,closed
Kalaburagi,Kalaburagi City,Brahmapur PS,Land Dispute,17.076735,76.750269,30-09-2023,medium,closed
Udupi,Udupi,Malpe PS,Chain Snatching,13.561849,74.494152,08-11-2024,low,investigating
Mandya,Maddur,Maddur PS,Vehicle Theft,12.412515,77.053944,04-01-2024,low,investigating
Shivamogga,Bhadravati,Old Town PS,Cybercrime,13.965784,75.407348,04-04-2023,medium,closed
Chamarajanagar,Gundlupet,Gundlupet PS,Burglary,11.853079,77.164135,06-06-2023,low,open
Yadgir,Shahapur,Rural PS,Domestic Violence,17.069404,77.174221,18-12-2023,high,investigating
Chikkaballapura,Chikkaballapura,Chikkaballapura PS,Theft,13.529288,77.665602,08-04-2024,high,investigating
Hubballi-Dharwad,Hubballi,Vidyanagar PS,Assault,15.466439,75.041833,10-10-2024,high,closed
Chikkamagaluru,Tarikere,Rural PS,Assault,13.336012,75.919716,04-02-2024,low,closed
Vijayapura,Indi,Rural PS,Fraud,17.038098,75.426391,22-02-2024,low,closed
Raichur,Manvi,Rural PS,Assault,15.958801,77.126406,09-06-2023,medium,closed
Shivamogga,Sagara,Anandapura PS,Cybercrime,13.81031,75.426234,07-10-2024,low,closed
Kalaburagi,Sedam,Rural PS,Murder,17.584604,76.788759,20-11-2023,low,closed
Mysuru,Mysuru City,Devaraja PS,Vehicle Theft,12.121601,76.398645,16-10-2023,medium,closed
Chitradurga,Hiriyur,Town PS,Domestic Violence,14.521829,76.623832,28-04-2023,low,closed
Raichur,Sindhanur,Sindhanur PS,Land Dispute,16.315808,77.059609,09-11-2024,low,open
Gadag,Gadag,Gadag Town PS,Domestic Violence,15.660525,75.658348,16-11-2023,medium,open
Uttara Kannada,Sirsi,Rural PS,Kidnapping,14.577614,74.904125,15-06-2024,medium,open
Yadgir,Shahapur,Town PS,Vehicle Theft,16.768072,77.37187,03-02-2024,medium,open
Udupi,Udupi,Udupi Town PS,Burglary,13.410317,74.573039,28-05-2023,high,closed
Kalaburagi,Jewargi,Jewargi PS,Vehicle Theft,17.121997,76.952146,05-09-2023,low,open
Koppal,Gangavathi,Town PS,Assault,15.329898,76.416636,22-04-2024,low,open
Chamarajanagar,Chamarajanagar,Town PS,Kidnapping,11.93865,76.661993,17-11-2023,medium,open
Kalaburagi,Sedam,Rural PS,Fraud,17.113173,76.649614,22-06-2024,medium,open
Haveri,Savanur,Savanur PS,Mobile Theft,14.943599,75.541218,16-06-2024,medium,investigating
Chamarajanagar,Chamarajanagar,Town PS,Domestic Violence,11.702311,76.665198,29-12-2023,high,closed
Chitradurga,Hosadurga,Rural PS,Murder,14.298735,76.684765,21-08-2024,low,closed
Haveri,Savanur,Rural PS,Domestic Violence,15.075958,75.233069,18-03-2024,low,open
Bidar,Basavakalyan,Town PS,Mobile Theft,17.635389,77.241361,01-07-2023,medium,closed
Bidar,Basavakalyan,Town PS,Drug Offense,18.134872,77.360515,19-06-2024,medium,closed
Mangaluru,Surathkal,Surathkal PS,Cybercrime,12.765317,75.026983,09-12-2023,low,investigating
Chikkamagaluru,Kadur,Town PS,Mobile Theft,13.080131,75.674298,26-09-2024,low,investigating
Kodagu,Somwarpet,Rural PS,Domestic Violence,12.490531,76.096062,16-05-2024,medium,open
Dakshina Kannada,Puttur,Traffic PS,Burglary,12.919081,75.050032,03-05-2024,medium,closed
Gadag,Ron,Rural PS,Mobile Theft,15.331632,75.515817,21-01-2024,low,closed
Chitradurga,Chitradurga,Traffic PS,Burglary,14.401123,76.594908,14-12-2023,low,investigating
Mysuru,Hunsur,Hunsur PS,Domestic Violence,12.464219,76.471992,30-11-2024,high,investigating
Vijayapura,Sindagi,Town PS,Burglary,16.672352,75.531799,27-11-2023,medium,open
Ramanagara,Magadi,Magadi PS,Chain Snatching,12.506434,77.273444,10-12-2023,low,closed
Ballari,Sandur,Sandur PS,Kidnapping,15.004365,77.003267,05-05-2024,low,closed
Chamarajanagar,Kollegal,Rural PS,Domestic Violence,11.90737,76.658574,16-05-2024,low,open
Kodagu,Somwarpet,Kushalnagar PS,Kidnapping,12.551201,75.993049,06-03-2023,low,investigating
Ballari,Sandur,Toranagallu PS,Domestic Violence,15.266352,77.077905,23-12-2023,medium,open
Ballari,Sandur,Toranagallu PS,Fraud,14.986425,76.669356,10-12-2024,medium,open
Udupi,Kundapura,Kundapura PS,Land Dispute,13.391774,74.599069,09-07-2024,low,investigating
Kalaburagi,Kalaburagi City,Brahmapur PS,Cybercrime,17.413039,77.067912,15-02-2023,medium,closed
Mangaluru,Mangaluru,Mangaluru South PS,Vehicle Theft,12.983197,74.582984,15-09-2023,low,open
Ballari,Hospet,Hospet Town PS,Mobile Theft,15.040727,77.168508,17-10-2023,low,closed
Raichur,Manvi,Manvi PS,Theft,16.423691,77.27928,11-12-2023,high,open
Gadag,Ron,Rural PS,Chain Snatching,15.256161,75.498016,02-07-2024,medium,investigating
Haveri,Savanur,Rural PS,Kidnapping,14.725956,75.585402,08-02-2024,high,investigating
Raichur,Sindhanur,Town PS,Chain Snatching,16.475847,77.337526,14-07-2024,low,closed
Kolar,Malur,Malur PS,Theft,13.199473,77.968257,20-06-2023,high,open
Mangaluru,Surathkal,Panambur PS,Mobile Theft,12.637995,74.87613,18-08-2024,low,closed
Bengaluru Rural,Doddaballapura,Doddaballapura PS,Chain Snatching,12.984086,77.576634,20-11-2023,low,closed
Gadag,Gadag,Traffic PS,Vehicle Theft,15.336709,75.520024,13-06-2024,high,investigating
Haveri,Savanur,Town PS,Drug Offense,14.587333,75.337855,02-02-2023,low,closed
Vijayapura,Sindagi,Town PS,Drug Offense,17.011626,75.97017,03-05-2024,medium,open
Belagavi,Belagavi City,Tilakwadi PS,Chain Snatching,15.883748,74.57347,12-11-2024,low,open
Tumakuru,Tiptur,Tiptur PS,Robbery,13.373847,77.285782,29-12-2024,high,open
Mysuru,Nanjangud,Traffic PS,Theft,12.508686,76.404575,14-06-2024,low,open
Gadag,Ron,Ron PS,Fraud,15.636588,75.695414,09-03-2023,low,closed
Chamarajanagar,Kollegal,Town PS,Murder,11.926234,77.086523,18-02-2024,low,open
Dakshina Kannada,Sullia,Town PS,Cybercrime,12.593333,75.322369,17-08-2024,high,investigating
Raichur,Manvi,Manvi PS,Murder,16.088207,77.166884,16-06-2024,high,closed
Bidar,Basavakalyan,Town PS,Kidnapping,17.992919,77.385039,21-11-2023,high,closed
Kalaburagi,Jewargi,Rural PS,Domestic Violence,17.055055,76.996591,06-05-2023,medium,investigating
Mangaluru,Surathkal,Surathkal PS,Robbery,13.023925,74.579388,21-11-2024,medium,closed
Mysuru,Mysuru City,Nazarbad PS,Robbery,12.121328,76.8295,16-11-2023,low,investigating
Mysuru,Mysuru City,Lakshmipuram PS,Drug Offense,12.313552,76.625005,27-06-2024,medium,investigating
Chitradurga,Chitradurga,Traffic PS,Land Dispute,14.092393,76.257511,11-01-2023,low,closed
Ballari,Ballari City,Cowl Bazaar PS,Mobile Theft,15.255978,76.656975,15-12-2024,low,closed
Yadgir,Yadgir City,Traffic PS,Theft,16.930199,76.889018,19-10-2023,low,investigating
Belagavi,Chikodi,Nippani PS,Theft,15.716039,74.765184,03-05-2023,high,investigating
Chitradurga,Hiriyur,Hiriyur PS,Kidnapping,14.395098,76.543398,06-11-2024,medium,closed
Hassan,Sakleshpur,Rural PS,Domestic Violence,12.995689,76.212643,06-03-2024,low,investigating
Chamarajanagar,Kollegal,Kollegal PS,Murder,12.178816,77.089568,19-12-2024,low,investigating
Bengaluru Rural,Doddaballapura,Doddaballapura PS,Land Dispute,13.235768,77.538724,12-08-2023,low,investigating
Kolar,Bangarapet,Town PS,Assault,13.014404,78.28957,12-01-2023,medium,investigating
Chikkamagaluru,Kadur,Kadur PS,Land Dispute,13.453441,75.650379,10-08-2023,low,closed
Gadag,Mundargi,Rural PS,Kidnapping,15.141759,75.408738,23-01-2024,low,closed
Bidar,Basavakalyan,Rural PS,Land Dispute,17.69683,77.313719,05-04-2023,low,open
Koppal,Koppal City,Traffic PS,Kidnapping,15.502167,75.98334,30-10-2024,medium,open
Ramanagara,Kanakapura,Kanakapura PS,Theft,12.682317,77.025061,20-12-2023,low,closed
Haveri,Haveri,Traffic PS,Cybercrime,14.952683,75.63276,06-04-2024,low,closed
Kodagu,Somwarpet,Somwarpet PS,Kidnapping,12.106231,75.683188,21-04-2024,medium,closed
Uttara Kannada,Sirsi,Town PS,Drug Offense,14.983448,74.867927,28-12-2023,high,closed
Chitradurga,Hosadurga,Rural PS,Drug Offense,14.381731,76.177243,17-01-2024,low,closed
Kodagu,Madikeri,Rural PS,Assault,12.111377,75.674739,18-09-2024,medium,open
Dakshina Kannada,Puttur,Traffic PS,Burglary,12.60926,75.44073,30-04-2023,medium,open
Ramanagara,Ramanagara,Traffic PS,Assault,12.948175,77.09327,22-11-2024,high,closed
Mandya,Srirangapatna,Srirangapatna PS,Drug Offense,12.767677,77.160433,06-09-2024,low,investigating
Belagavi,Gokak,Gokak Town PS,Drug Offense,15.580642,74.375117,09-02-2024,low,investigating
Kodagu,Somwarpet,Rural PS,Chain Snatching,12.488363,75.670399,10-04-2023,medium,investigating
Bengaluru Rural,Doddaballapura,Doddaballapura PS,Vehicle Theft,13.266421,77.225002,10-06-2023,low,closed
Mandya,Mandya,Traffic PS,Kidnapping,12.372232,76.735083,22-04-2023,high,open
Davangere,Honnali,Honnali PS,Domestic Violence,14.189799,75.717185,11-10-2023,low,open
Tumakuru,Madhugiri,Madhugiri PS,Kidnapping,13.397371,77.280959,25-11-2024,medium,open
Ramanagara,Magadi,Magadi PS,Burglary,12.891079,77.573187,28-04-2024,medium,open
Ballari,Sandur,Rural PS,Fraud,15.38798,76.687706,26-06-2023,low,closed
Chitradurga,Hosadurga,Rural PS,Kidnapping,14.069577,76.163962,09-01-2023,low,investigating
Tumakuru,Madhugiri,Rural PS,Assault,13.20497,77.255833,24-05-2024,medium,open
Chamarajanagar,Chamarajanagar,Town PS,Drug Offense,11.968075,77.095982,28-10-2023,medium,investigating
Ballari,Hospet,Rural PS,Cybercrime,15.305046,76.842728,25-10-2024,medium,closed
Hubballi-Dharwad,Navanagar,Rural PS,Chain Snatching,15.655558,75.227959,19-03-2024,medium,closed
Koppal,Kushtagi,Town PS,Domestic Violence,15.134377,75.996746,20-09-2024,medium,open
Kalaburagi,Jewargi,Yadrami PS,Chain Snatching,17.208886,76.838016,17-09-2023,medium,open
Raichur,Sindhanur,Rural PS,Burglary,16.190435,77.10641,06-09-2023,low,open
Koppal,Gangavathi,Rural PS,Robbery,15.384973,76.24693,21-06-2024,medium,open
Dakshina Kannada,Bantwal,Town PS,Chain Snatching,12.808677,75.459146,20-01-2024,high,investigating
Bengaluru Rural,Nelamangala,Traffic PS,Mobile Theft,13.410792,77.275613,31-03-2024,high,investigating
Bidar,Basavakalyan,Basavakalyan PS,Vehicle Theft,17.740953,77.69379,18-02-2024,low,open
Haveri,Savanur,Rural PS,Drug Offense,14.861052,75.451267,30-08-2023,medium,investigating
Bengaluru Rural,Doddaballapura,Rural PS,Murder,13.386093,77.161111,19-11-2023,low,closed
Shivamogga,Bhadravati,Old Town PS,Robbery,13.780432,75.83532,24-12-2024,medium,closed
Bengaluru Rural,Devanahalli,Vijayapura PS,Theft,13.257745,77.145106,27-05-2024,medium,open
Vijayapura,Sindagi,Town PS,Robbery,17.04173,75.558349,19-08-2023,medium,open
Chikkamagaluru,Tarikere,Tarikere PS,Murder,13.017473,75.648812,22-10-2024,high,open
Yadgir,Gurmitkal,Rural PS,Land Dispute,16.896703,76.868429,26-09-2024,low,investigating
Belagavi,Chikodi,Rural PS,Chain Snatching,15.771853,74.260069,10-01-2023,medium,investigating
Ballari,Sandur,Toranagallu PS,Mobile Theft,15.245188,76.937034,11-01-2023,low,closed
Tumakuru,Madhugiri,Madhugiri PS,Robbery,13.374887,77.183135,11-10-2024,low,open
Vijayapura,Vijayapura City,Gandhi Chowk PS,Kidnapping,16.676981,75.864141,07-05-2023,medium,investigating
Belagavi,Belagavi City,Market PS,Cybercrime,15.649344,74.602313,28-11-2023,low,investigating
Vijayapura,Sindagi,Sindagi PS,Fraud,16.756667,75.507538,07-03-2024,medium,closed
Udupi,Kundapura,Byndoor PS,Vehicle Theft,13.111742,74.57087,12-04-2023,low,investigating
Ballari,Hospet,Rural PS,Assault,14.882715,77.152036,02-02-2023,low,investigating
Chitradurga,Hosadurga,Hosadurga PS,Land Dispute,14.435087,76.323487,07-08-2024,medium,investigating
Chikkamagaluru,Tarikere,Tarikere PS,Murder,13.140028,75.864921,24-09-2023,low,open
Bidar,Basavakalyan,Rural PS,Burglary,18.15939,77.702349,12-12-2023,low,open
Koppal,Kushtagi,Town PS,Vehicle Theft,15.0573,76.167635,04-08-2024,medium,closed
Ramanagara,Kanakapura,Kanakapura PS,Murder,12.934079,77.1837,04-11-2023,low,investigating
Udupi,Kundapura,Byndoor PS,Chain Snatching,13.045426,74.580587,13-04-2023,low,open
Udupi,Udupi,Malpe PS,Murder,13.55721,74.587177,20-06-2024,low,closed
Kolar,Malur,Malur PS,Land Dispute,13.12185,78.103224,19-07-2023,medium,open
Koppal,Koppal City,Traffic PS,Mobile Theft,15.591602,76.163483,19-07-2023,medium,investigating
Yadgir,Shahapur,Shahapur PS,Murder,16.716466,76.949148,04-08-2024,medium,investigating
Yadgir,Shahapur,Shahapur PS,Murder,16.513806,77.013533,14-09-2024,medium,open
Mysuru,Hunsur,Rural PS,Domestic Violence,12.363037,76.575529,28-05-2024,low,closed
Mangaluru,Ullal,Konaje PS,Murder,12.992318,75.061109,15-12-2024,medium,open
Koppal,Kushtagi,Kushtagi PS,Robbery,15.532072,76.080499,19-03-2023,low,investigating
Belagavi,Belagavi City,Market PS,Kidnapping,15.906429,74.355122,21-11-2023,medium,investigating
Chitradurga,Hiriyur,Hiriyur PS,Vehicle Theft,14.011753,76.46258,27-08-2024,medium,investigating
Chamarajanagar,Gundlupet,Rural PS,Drug Offense,12.170726,76.952268,07-07-2024,medium,closed
Hassan,Arsikere,Rural PS,Kidnapping,12.869529,75.891303,07-05-2024,low,investigating
Udupi,Karkala,Ajekar PS,Robbery,13.314474,74.647133,27-03-2023,low,investigating
Hassan,Arsikere,Rural PS,Fraud,13.221746,76.310448,15-01-2023,low,investigating
Mysuru,Nanjangud,Rural PS,Chain Snatching,11.997392,76.352508,11-10-2023,high,open
Gadag,Mundargi,Town PS,Kidnapping,15.29023,75.625043,17-06-2024,medium,open
Belagavi,Chikodi,Rural PS,Assault,15.656574,74.445599,02-04-2024,low,closed
Kalaburagi,Sedam,Rural PS,Land Dispute,17.313013,77.018609,06-12-2023,medium,closed
Belagavi,Gokak,Gokak Town PS,Chain Snatching,15.560691,74.49822,18-10-2024,medium,open
Raichur,Sindhanur,Sindhanur PS,Mobile Theft,16.064412,77.637545,19-08-2023,medium,open
Hubballi-Dharwad,Navanagar,Town PS,Chain Snatching,15.136213,75.072103,26-07-2023,low,open
Chikkamagaluru,Chikkamagaluru City,Traffic PS,Kidnapping,13.059199,75.652421,08-03-2023,medium,closed
Ballari,Ballari City,Cowl Bazaar PS,Murder,15.23615,76.735321,12-01-2023,medium,investigating
Belagavi,Chikodi,Chikodi PS,Kidnapping,15.703323,74.351947,25-07-2023,low,closed
Chamarajanagar,Gundlupet,Gundlupet PS,Domestic Violence,12.064057,76.716155,25-07-2024,medium,open
Ballari,Sandur,Rural PS,Robbery,15.072818,77.162742,05-05-2024,low,investigating
Chikkamagaluru,Chikkamagaluru City,Traffic PS,Vehicle Theft,13.26691,75.763289,29-04-2024,medium,investigating
Haveri,Haveri,Haveri PS,Vehicle Theft,14.512864,75.270902,23-06-2023,low,investigating
Chamarajanagar,Chamarajanagar,Traffic PS,Land Dispute,11.776938,77.136485,07-09-2024,low,investigating
Hassan,Hassan City,Hassan PS,Cybercrime,12.851517,75.896341,16-06-2024,high,open
Dakshina Kannada,Sullia,Rural PS,Land Dispute,13.138862,75.384653,05-11-2024,low,open
Ballari,Hospet,Rural PS,Burglary,15.074723,77.058596,08-11-2024,high,investigating
Dakshina Kannada,Bantwal,Rural PS,Assault,12.946014,75.538319,03-05-2024,medium,investigating
Chikkaballapura,Chikkaballapura,Town PS,Domestic Violence,13.233067,77.700655,07-11-2023,medium,investigating
Chitradurga,Chitradurga,Chitradurga PS,Land Dispute,13.949289,76.143651,23-08-2023,low,open
Kalaburagi,Kalaburagi City,Station Bazaar PS,Vehicle Theft,17.169075,76.707422,03-12-2023,medium,closed
Kolar,Bangarapet,Rural PS,Land Dispute,13.43457,78.354012,09-04-2024,medium,investigating
Chamarajanagar,Gundlupet,Town PS,Theft,11.789945,76.81258,13-06-2024,medium,investigating
Chikkaballapura,Bagepalli,Rural PS,Cybercrime,13.143889,77.816934,30-05-2023,low,investigating
Kalaburagi,Jewargi,Jewargi PS,Robbery,17.198789,76.539817,14-05-2024,medium,open
Chitradurga,Hosadurga,Rural PS,Assault,14.151025,76.410285,17-05-2023,medium,closed
Koppal,Gangavathi,Town PS,Murder,15.05917,75.868629,24-07-2024,low,investigating
Hassan,Sakleshpur,Rural PS,Drug Offense,13.267664,75.899988,18-07-2023,low,open
Yadgir,Gurmitkal,Town PS,Domestic Violence,16.671218,76.840514,21-02-2023,medium,investigating
Yadgir,Shahapur,Town PS,Mobile Theft,16.850643,77.284128,22-09-2023,medium,closed
Hassan,Sakleshpur,Sakleshpur PS,Theft,12.977866,76.350391,18-10-2024,medium,investigating
Bengaluru Urban,Yelahanka,Attur PS,Drug Offense,13.100391,77.575814,22-10-2023,low,closed
Shivamogga,Bhadravati,Paper Town PS,Drug Offense,14.180658,75.856252,05-07-2024,medium,closed
Gadag,Gadag,Betageri PS,Kidnapping,15.234668,75.34319,25-09-2023,low,closed
Ballari,Ballari City,Cowl Bazaar PS,Vehicle Theft,15.327613,76.680452,22-12-2024,medium,investigating
Ramanagara,Magadi,Rural PS,Land Dispute,12.736519,77.475065,05-04-2023,low,open
Bidar,Basavakalyan,Rural PS,Domestic Violence,17.897503,77.327338,18-06-2023,low,open
Bengaluru Rural,Doddaballapura,Town PS,Fraud,13.246014,77.564904,31-10-2023,low,investigating
Bidar,Basavakalyan,Town PS,Land Dispute,17.900404,77.227251,23-09-2024,medium,open
Ramanagara,Ramanagara,Traffic PS,Burglary,12.776647,77.2787,20-04-2023,medium,open
Chikkaballapura,Chikkaballapura,Traffic PS,Theft,13.516733,77.465208,18-05-2023,medium,open
Koppal,Koppal City,Traffic PS,Chain Snatching,15.301649,76.438972,03-09-2023,high,open
Bidar,Basavakalyan,Rural PS,Fraud,18.073524,77.590639,21-05-2024,high,investigating
Chamarajanagar,Chamarajanagar,Traffic PS,Robbery,12.095464,76.723196,13-11-2023,low,investigating
Shivamogga,Sagara,Rural PS,Cybercrime,13.72441,75.275518,07-07-2024,low,investigating
Gadag,Gadag,Betageri PS,Vehicle Theft,15.439445,75.417009,05-09-2023,low,closed
Hassan,Sakleshpur,Sakleshpur PS,Fraud,13.156251,75.822571,15-06-2023,low,open
Hassan,Arsikere,Rural PS,Murder,13.262051,76.271339,16-09-2023,low,open
Kodagu,Somwarpet,Somwarpet PS,Cybercrime,12.447944,75.999935,18-04-2024,low,closed
Raichur,Manvi,Town PS,Murder,16.134387,77.371938,24-10-2024,low,investigating
Haveri,Savanur,Town PS,Land Dispute,14.613805,75.411132,14-10-2024,medium,investigating
Hubballi-Dharwad,Navanagar,Rural PS,Kidnapping,15.307227,74.896539,10-07-2023,low,investigating
Koppal,Koppal City,Town PS,Cybercrime,15.526581,76.447238,15-05-2023,low,investigating
Belagavi,Chikodi,Nippani PS,Drug Offense,15.597452,74.691294,02-09-2023,low,open
Mangaluru,Ullal,Konaje PS,Burglary,12.822809,74.895029,13-11-2024,low,investigating
Ramanagara,Kanakapura,Kanakapura PS,Fraud,12.80192,77.343497,23-06-2024,high,investigating
Ballari,Hospet,Rural PS,Land Dispute,15.218218,76.671657,11-06-2023,medium,open
Chitradurga,Hosadurga,Hosadurga PS,Murder,14.117941,76.534963,03-10-2023,medium,closed
Bengaluru Rural,Nelamangala,Soladevanahalli PS,Murder,13.384346,77.207303,03-07-2023,low,investigating
Mysuru,Mysuru City,Lakshmipuram PS,Vehicle Theft,12.150071,76.557995,06-01-2023,low,investigating
Vijayapura,Vijayapura City,Traffic PS,Assault,16.630762,75.738028,21-03-2024,high,open
Vijayapura,Vijayapura City,Traffic PS,Cybercrime,16.542807,75.551712,29-11-2023,high,closed
Gadag,Mundargi,Town PS,Chain Snatching,15.627546,75.808636,18-04-2023,medium,open
Dakshina Kannada,Sullia,Town PS,Kidnapping,12.859597,75.182829,19-12-2024,low,investigating
Haveri,Haveri,Haveri PS,Murder,14.824453,75.469803,30-03-2023,medium,investigating
Davangere,Honnali,Rural PS,Murder,14.451853,76.153262,25-01-2024,low,closed
Belagavi,Belagavi City,Market PS,Vehicle Theft,15.786018,74.555161,16-02-2024,medium,investigating
Kalaburagi,Sedam,Rural PS,Mobile Theft,17.177449,77.113931,01-05-2023,low,closed
Haveri,Savanur,Rural PS,Domestic Violence,15.065491,75.521704,04-11-2023,high,investigating
Chamarajanagar,Chamarajanagar,Traffic PS,Land Dispute,12.177988,76.973857,28-03-2023,medium,investigating
Ramanagara,Ramanagara,Town PS,Mobile Theft,12.627852,77.475077,10-12-2024,low,investigating
Chikkaballapura,Sidlaghatta,Sidlaghatta PS,Kidnapping,13.337411,77.794558,12-07-2024,medium,open
Ramanagara,Ramanagara,Town PS,Vehicle Theft,12.554291,77.188791,23-12-2024,low,closed
Yadgir,Yadgir City,Traffic PS,Theft,17.027242,77.305324,28-08-2023,medium,investigating
Haveri,Ranebennur,Town PS,Land Dispute,14.666324,75.571582,19-02-2023,low,investigating
Chikkamagaluru,Chikkamagaluru City,Chikkamagaluru PS,Fraud,13.100522,75.555712,06-06-2024,medium,open
Kodagu,Virajpet,Virajpet PS,Fraud,12.153749,75.856217,12-01-2023,high,open
Chikkamagaluru,Tarikere,Tarikere PS,Assault,13.285382,75.56304,23-02-2023,medium,closed
Kalaburagi,Kalaburagi City,University PS,Assault,17.513337,76.946768,03-08-2024,low,open
Chamarajanagar,Gundlupet,Rural PS,Kidnapping,11.85223,76.655088,24-05-2024,high,open
Shivamogga,Bhadravati,Bhadravati PS,Cybercrime,13.901901,75.572094,15-11-2023,low,investigating
Ballari,Sandur,Sandur PS,Kidnapping,15.091206,76.686653,12-05-2023,low,investigating
Bengaluru Urban,Koramangala,Koramangala PS,Kidnapping,13.039416,77.541268,10-09-2023,medium,closed
Mysuru,Mysuru City,Devaraja PS,Vehicle Theft,12.523408,76.863427,06-01-2023,medium,closed
Bidar,Basavakalyan,Town PS,Fraud,17.965989,77.3282,22-12-2023,high,investigating
Uttara Kannada,Bhatkal,Bhatkal PS,Robbery,14.878626,74.955596,04-12-2024,low,closed
Mandya,Srirangapatna,Rural PS,Vehicle Theft,12.707046,76.884119,16-03-2024,low,closed
Ballari,Hospet,Hospet Town PS,Cybercrime,14.861902,76.987296,11-06-2023,high,investigating
Kalaburagi,Kalaburagi City,Brahmapur PS,Theft,17.595894,76.802128,21-05-2024,low,investigating
Mysuru,Mysuru City,Devaraja PS,Mobile Theft,12.124076,76.557607,07-01-2023,medium,closed
Hassan,Arsikere,Town PS,Murder,12.959535,76.321327,19-12-2023,low,closed
Ramanagara,Magadi,Town PS,Chain Snatching,12.917551,77.493394,01-10-2023,high,investigating
Davangere,Honnali,Honnali PS,Robbery,14.722819,75.764401,06-11-2024,medium,closed
Udupi,Udupi,Malpe PS,Domestic Violence,13.416841,75.003388,09-01-2024,high,investigating
Chikkaballapura,Sidlaghatta,Town PS,Vehicle Theft,13.231459,77.466999,14-04-2024,low,investigating
Koppal,Kushtagi,Kushtagi PS,Chain Snatching,15.121966,75.859797,01-09-2023,low,open
Mysuru,Nanjangud,Nanjangud Town PS,Kidnapping,12.264317,76.630804,16-03-2024,low,investigating
Hassan,Hassan City,Extension PS,Assault,12.912587,75.891175,01-04-2024,high,investigating
Bidar,Bidar City,Bidar PS,Robbery,17.73697,77.735893,31-12-2024,low,closed
Hubballi-Dharwad,Hubballi,Old Hubballi PS,Kidnapping,15.277298,75.402483,13-03-2024,medium,open
Yadgir,Gurmitkal,Rural PS,Domestic Violence,16.913471,77.068164,03-06-2023,medium,open
Davangere,Honnali,Rural PS,Fraud,14.25285,75.890165,18-02-2023,low,open
Kolar,Bangarapet,Bangarapet PS,Kidnapping,13.396677,77.958589,04-04-2024,medium,closed
Kodagu,Somwarpet,Somwarpet PS,Robbery,12.239381,75.754711,04-03-2023,medium,investigating
Chamarajanagar,Kollegal,Kollegal PS,Land Dispute,12.052293,77.011841,17-01-2024,medium,open
Chitradurga,Hosadurga,Hosadurga PS,Drug Offense,14.036638,76.288713,24-02-2024,medium,closed
Haveri,Haveri,Haveri PS,Fraud,14.960736,75.388182,04-06-2023,medium,closed
Haveri,Ranebennur,Rural PS,Kidnapping,15.051795,75.378509,21-05-2024,low,closed
Mandya,Srirangapatna,Srirangapatna PS,Fraud,12.28455,77.031958,05-06-2023,low,closed
Ramanagara,Magadi,Town PS,Burglary,12.976454,77.127124,15-12-2024,medium,open
Kalaburagi,Kalaburagi City,Station Bazaar PS,Domestic Violence,17.559036,76.675964,09-10-2024,low,closed
Tumakuru,Madhugiri,Town PS,Burglary,13.321938,76.902347,08-02-2023,low,closed
Chamarajanagar,Chamarajanagar,Chamarajanagar PS,Cybercrime,11.898694,77.05531,09-11-2024,low,closed
Hassan,Sakleshpur,Sakleshpur PS,Kidnapping,12.9523,76.393321,19-01-2024,low,investigating
Bidar,Bidar City,New Town PS,Murder,17.661268,77.346721,11-05-2023,high,investigating
Tumakuru,Tiptur,Tiptur PS,Vehicle Theft,13.573815,77.142746,18-10-2023,medium,open
Hubballi-Dharwad,Navanagar,Navanagar PS,Burglary,15.481816,74.838141,12-08-2023,medium,investigating
Mysuru,Mysuru City,Devaraja PS,Kidnapping,11.996228,76.651459,19-03-2023,medium,investigating
Belagavi,Chikodi,Rural PS,Chain Snatching,15.551445,74.550038,06-10-2023,medium,open
Gadag,Ron,Ron PS,Mobile Theft,15.485862,75.613536,27-12-2024,low,closed
Chitradurga,Hosadurga,Hosadurga PS,Theft,14.282612,76.423473,06-12-2024,low,open
Raichur,Raichur City,Traffic PS,Murder,16.27013,77.238167,01-01-2023,high,closed
Mangaluru,Mangaluru,Mangaluru South PS,Assault,12.984392,74.85583,24-08-2023,low,open
Ballari,Hospet,Traffic PS,Kidnapping,15.348241,76.751537,08-01-2023,medium,open
Kalaburagi,Jewargi,Jewargi PS,Domestic Violence,17.206974,76.915289,28-03-2024,low,investigating
Ramanagara,Magadi,Magadi PS,Fraud,12.464446,77.058707,21-04-2024,medium,closed
Davangere,Harihar,Rural PS,Chain Snatching,14.20515,75.699841,16-05-2024,medium,open
Chitradurga,Hosadurga,Hosadurga PS,Domestic Violence,14.48654,76.684213,18-12-2024,low,closed
Udupi,Karkala,Hebri PS,Land Dispute,13.129973,74.796119,08-12-2023,medium,closed
Bidar,Bidar City,Bidar PS,Burglary,17.827735,77.287891,04-02-2023,high,open
Chikkamagaluru,Chikkamagaluru City,Traffic PS,Assault,13.420952,75.644465,27-04-2023,medium,investigating
Ballari,Hospet,Traffic PS,Cybercrime,15.14704,76.996676,30-01-2024,medium,open
Kodagu,Madikeri,Rural PS,Vehicle Theft,12.489266,75.864626,28-11-2023,low,investigating
Ballari,Ballari City,Cowl Bazaar PS,Fraud,14.978197,77.193049,01-07-2024,medium,open
Mysuru,Mysuru City,Devaraja PS,Murder,12.547729,76.445244,05-02-2023,medium,closed
Ballari,Hospet,Rural PS,Vehicle Theft,15.068647,77.111827,01-07-2024,medium,investigating
Koppal,Gangavathi,Rural PS,Mobile Theft,15.248732,76.44661,27-05-2024,medium,closed
Udupi,Karkala,Karkala PS,Cybercrime,13.15496,74.565849,29-07-2024,medium,closed
Bengaluru Rural,Nelamangala,Nelamangala PS,Mobile Theft,13.32563,77.649355,21-11-2024,medium,open
Udupi,Udupi,Udupi Town PS,Drug Offense,13.068031,74.674398,06-08-2023,low,open
Chitradurga,Hosadurga,Rural PS,Assault,14.174454,76.106173,04-12-2024,medium,open
Hubballi-Dharwad,Navanagar,Navanagar PS,Theft,15.465957,74.956754,22-12-2023,low,closed
Hubballi-Dharwad,Dharwad,Dharwad Town PS,Mobile Theft,15.203861,75.12509,15-02-2024,medium,open
Bidar,Bidar City,Bidar PS,Robbery,18.110125,77.628328,09-05-2023,low,open
Mandya,Mandya,Mandya PS,Cybercrime,12.408054,76.847756,29-01-2023,low,open
Ballari,Hospet,Hospet Town PS,Fraud,14.930471,76.703118,07-05-2024,low,closed
Udupi,Kundapura,Kundapura PS,Cybercrime,13.583509,74.545821,29-10-2023,low,investigating
Chikkaballapura,Chikkaballapura,Town PS,Land Dispute,13.491566,77.96384,02-05-2023,high,investigating
Koppal,Koppal City,Traffic PS,Drug Offense,15.386029,76.103594,02-08-2023,medium,investigating
Haveri,Ranebennur,Ranebennur PS,Theft,14.692981,75.637154,22-08-2023,low,closed
Gadag,Gadag,Gadag Town PS,Murder,15.698697,75.402357,14-09-2024,low,closed
Vijayapura,Indi,Town PS,Theft,16.591527,75.707844,24-09-2024,high,open
Chamarajanagar,Kollegal,Town PS,Vehicle Theft,11.763684,76.909295,22-11-2023,low,closed
Haveri,Savanur,Town PS,Burglary,14.840775,75.201883,09-02-2024,medium,investigating
Hubballi-Dharwad,Dharwad,Traffic PS,Burglary,15.47144,75.214371,30-03-2023,medium,open
Kalaburagi,Kalaburagi City,Brahmapur PS,Chain Snatching,17.627079,76.748291,10-08-2023,low,closed
Yadgir,Yadgir City,Town PS,Assault,17.049154,77.140762,20-10-2024,medium,investigating
Hubballi-Dharwad,Hubballi,Old Hubballi PS,Theft,15.602657,75.295655,04-12-2024,low,closed
Hassan,Hassan City,Extension PS,Kidnapping,12.790969,76.358684,25-05-2023,low,investigating
Mangaluru,Surathkal,Panambur PS,Chain Snatching,13.107292,74.793153,11-06-2024,medium,closed
Chitradurga,Chitradurga,Chitradurga PS,Chain Snatching,14.384888,76.601529,02-04-2023,low,closed
Udupi,Karkala,Ajekar PS,Burglary,13.297091,74.657047,10-04-2024,low,closed
Kolar,Malur,Town PS,Theft,13.213774,78.097464,15-09-2024,low,investigating
Uttara Kannada,Bhatkal,Town PS,Murder,14.943661,74.944258,27-11-2024,medium,open
Dakshina Kannada,Sullia,Sullia PS,Land Dispute,12.715989,75.408467,22-10-2024,medium,investigating
Ramanagara,Magadi,Magadi PS,Domestic Violence,12.545231,77.214961,28-10-2023,medium,closed
Dakshina Kannada,Sullia,Town PS,Kidnapping,12.591725,75.154977,05-12-2024,medium,closed
Dakshina Kannada,Bantwal,Rural PS,Cybercrime,12.836091,75.511254,21-09-2023,low,investigating
Vijayapura,Sindagi,Rural PS,Mobile Theft,16.648652,75.87874,08-01-2023,low,open
Ballari,Ballari City,Ballari PS,Domestic Violence,15.360364,77.166227,04-09-2024,low,open
Kalaburagi,Kalaburagi City,Station Bazaar PS,Murder,17.378226,76.897777,13-12-2024,low,investigating
Hassan,Sakleshpur,Rural PS,Chain Snatching,12.706264,75.882569,21-08-2023,low,closed
Chitradurga,Hiriyur,Town PS,Drug Offense,14.334123,76.281835,28-02-2024,low,open
Hassan,Arsikere,Rural PS,Land Dispute,12.879384,76.289413,18-06-2024,low,investigating
Tumakuru,Tumakuru City,Traffic PS,Assault,13.092996,77.199004,14-03-2024,medium,investigating
Davangere,Harihar,Town PS,Cybercrime,14.227868,76.092949,26-05-2024,low,open
Uttara Kannada,Bhatkal,Rural PS,Kidnapping,14.913281,74.608381,18-11-2023,medium,closed
Mandya,Mandya,Mandya PS,Assault,12.636477,76.793488,14-11-2024,high,closed
Davangere,Davangere City,Davangere PS,Fraud,14.199197,76.164011,25-11-2023,medium,open
Koppal,Koppal City,Town PS,Robbery,15.396154,76.35161,20-10-2024,medium,closed
Raichur,Sindhanur,Sindhanur PS,Burglary,16.121147,77.257934,08-03-2024,medium,closed
Gadag,Mundargi,Town PS,Fraud,15.272351,75.640868,12-11-2023,low,closed
Belagavi,Gokak,Traffic PS,Chain Snatching,15.979592,74.597439,02-11-2023,medium,closed
Davangere,Honnali,Rural PS,Fraud,14.342501,75.791927,25-04-2023,medium,closed
Chikkamagaluru,Tarikere,Rural PS,Burglary,13.479668,75.82937,15-12-2024,medium,closed
Ballari,Ballari City,Ballari PS,Murder,15.375262,76.836934,30-09-2024,high,investigating
Bengaluru Urban,Yelahanka,Attur PS,Fraud,12.786121,77.333359,22-11-2024,high,investigating
Bidar,Bhalki,Rural PS,Cybercrime,17.916226,77.28828,02-11-2023,medium,investigating
Chikkaballapura,Chikkaballapura,Town PS,Vehicle Theft,13.526757,77.917553,19-10-2024,low,closed
Kolar,Malur,Malur PS,Kidnapping,13.100225,77.88542,08-06-2023,high,closed
Haveri,Haveri,Town PS,Burglary,14.989219,75.536918,07-03-2024,low,closed
Chikkaballapura,Chikkaballapura,Town PS,Murder,13.466894,77.79363,09-03-2024,low,investigating
Kolar,Bangarapet,Rural PS,Drug Offense,13.227022,78.341517,17-10-2024,high,closed
Davangere,Honnali,Nyamathi PS,Chain Snatching,14.749398,75.679898,15-03-2024,medium,open
Kalaburagi,Kalaburagi City,University PS,Assault,17.217719,77.019997,28-05-2023,medium,investigating
Davangere,Davangere City,KTJ Nagar PS,Vehicle Theft,14.606831,75.715095,30-10-2023,medium,closed
Chitradurga,Hiriyur,Rural PS,Domestic Violence,13.968981,76.611153,08-08-2024,low,closed
Haveri,Ranebennur,Rural PS,Drug Offense,14.545861,75.639904,24-03-2023,medium,investigating
Bengaluru Urban,Whitefield,Kadugodi PS,Chain Snatching,12.761549,77.496528,28-11-2023,high,closed
Ramanagara,Kanakapura,Town PS,Theft,12.822728,77.153944,16-06-2024,low,investigating
Hassan,Sakleshpur,Sakleshpur PS,Assault,13.048378,75.829069,13-09-2024,low,open
Uttara Kannada,Karwar,Traffic PS,Burglary,14.844854,74.40027,04-05-2024,medium,investigating
Chamarajanagar,Chamarajanagar,Town PS,Land Dispute,11.833969,76.91588,18-10-2023,medium,investigating
Hassan,Sakleshpur,Rural PS,Domestic Violence,13.190608,76.148582,25-05-2024,medium,open
Kalaburagi,Sedam,Town PS,Robbery,17.388479,76.811024,17-08-2023,low,open
Mandya,Srirangapatna,Srirangapatna PS,Kidnapping,12.224676,76.954498,05-06-2023,low,investigating
Dakshina Kannada,Puttur,Town PS,Theft,12.661932,74.972882,27-10-2023,low,investigating
Chikkamagaluru,Chikkamagaluru City,Chikkamagaluru PS,Kidnapping,13.466327,75.684858,08-09-2024,medium,open
Haveri,Ranebennur,Rural PS,Land Dispute,14.652529,75.108672,03-12-2023,low,open
Chitradurga,Hosadurga,Hosadurga PS,Vehicle Theft,14.37127,76.103989,03-02-2024,medium,closed
Chamarajanagar,Gundlupet,Gundlupet PS,Drug Offense,11.955932,77.234478,08-06-2023,medium,open
Bengaluru Urban,Koramangala,Koramangala PS,Vehicle Theft,12.93245,77.372918,15-11-2024,medium,investigating
Tumakuru,Tumakuru City,Tumakuru PS,Robbery,13.072374,77.132787,26-07-2023,medium,closed
Dakshina Kannada,Puttur,Town PS,Theft,12.941869,75.221338,31-07-2023,low,investigating
Tumakuru,Tumakuru City,Traffic PS,Cybercrime,13.465354,77.413035,12-01-2024,high,open
Chikkaballapura,Sidlaghatta,Rural PS,Theft,13.349983,78.012602,27-10-2023,low,closed
Yadgir,Gurmitkal,Town PS,Murder,16.674382,77.130486,11-03-2024,medium,open
Hassan,Sakleshpur,Town PS,Kidnapping,12.993449,76.35626,27-03-2024,medium,open
Mysuru,Nanjangud,Traffic PS,Fraud,12.250385,76.400625,31-12-2023,medium,closed
Bengaluru Rural,Nelamangala,Soladevanahalli PS,Drug Offense,12.971881,77.333322,04-02-2024,low,investigating
Kolar,Malur,Rural PS,Theft,13.368042,78.257227,28-09-2024,medium,closed
Udupi,Karkala,Hebri PS,Kidnapping,13.313564,74.616626,14-07-2024,low,open
Chamarajanagar,Gundlupet,Town PS,Domestic Violence,11.765849,76.858301,15-05-2023,low,open
Gadag,Mundargi,Rural PS,Assault,15.257406,75.859547,21-01-2023,low,open
Chamarajanagar,Gundlupet,Gundlupet PS,Drug Offense,12.1707,76.961499,23-06-2023,low,investigating
Bengaluru Rural,Doddaballapura,Doddaballapura PS,Drug Offense,13.066437,77.461277,06-06-2024,low,investigating
Gadag,Mundargi,Mundargi PS,Kidnapping,15.1478,75.93127,06-07-2024,low,open
Tumakuru,Madhugiri,Rural PS,Land Dispute,13.396097,77.129793,07-07-2023,low,closed
Kolar,Bangarapet,Town PS,Mobile Theft,13.086515,78.353928,05-10-2024,medium,closed
Ramanagara,Kanakapura,Kanakapura PS,Chain Snatching,12.737597,77.404147,02-10-2023,medium,investigating
Raichur,Sindhanur,Town PS,Vehicle Theft,16.058257,77.640674,04-10-2023,low,open
Mangaluru,Mangaluru,Mangaluru South PS,Drug Offense,12.798578,74.992606,22-11-2024,low,investigating
Bengaluru Rural,Devanahalli,Vijayapura PS,Cybercrime,13.278374,77.433659,14-07-2024,low,investigating
Yadgir,Yadgir City,Yadgir PS,Assault,16.768058,77.021322,21-06-2024,medium,closed
Ramanagara,Ramanagara,Traffic PS,Kidnapping,12.575762,77.239017,08-10-2024,low,open
Kalaburagi,Jewargi,Jewargi PS,Murder,17.371901,76.933378,14-05-2023,low,open
Mangaluru,Ullal,Kotekar PS,Assault,12.66351,74.882164,07-06-2024,medium,open
Bengaluru Urban,Koramangala,Koramangala PS,Kidnapping,13.187407,77.683309,28-09-2024,medium,closed
Ramanagara,Magadi,Magadi PS,Domestic Violence,12.588022,77.19467,26-03-2024,low,open
Tumakuru,Madhugiri,Rural PS,Mobile Theft,13.633278,77.11637,08-07-2023,medium,open
Bengaluru Rural,Doddaballapura,Town PS,Assault,13.07058,77.143227,12-03-2023,low,closed
Ramanagara,Magadi,Magadi PS,Mobile Theft,12.442184,77.497206,29-04-2023,low,open
Chitradurga,Hosadurga,Rural PS,Murder,14.299295,76.42691,12-07-2024,medium,closed
Bidar,Basavakalyan,Basavakalyan PS,Cybercrime,18.048189,77.617217,18-12-2024,low,open
Vijayapura,Sindagi,Town PS,Kidnapping,16.728546,75.750095,21-05-2023,high,closed
Shivamogga,Sagara,Anandapura PS,Theft,13.838377,75.401131,17-08-2023,low,open
Bengaluru Rural,Devanahalli,Vijayapura PS,Fraud,13.127197,77.483956,26-02-2024,low,open
Kolar,Kolar,Traffic PS,Fraud,13.247671,78.263469,04-06-2023,high,open
Mangaluru,Mangaluru,Pandeshwar PS,Burglary,12.767493,74.772772,22-03-2023,medium,investigating
Tumakuru,Tiptur,Rural PS,Kidnapping,13.096803,76.858325,15-12-2024,low,closed
Udupi,Karkala,Hebri PS,Chain Snatching,13.623623,74.749227,19-06-2023,high,investigating
Hassan,Arsikere,Town PS,Assault,12.720405,76.278477,23-07-2023,medium,closed
Hassan,Arsikere,Arsikere PS,Burglary,13.272853,76.329057,03-01-2024,low,closed
Hassan,Arsikere,Arsikere PS,Burglary,12.947448,75.828683,26-05-2023,low,open
Mangaluru,Ullal,Kotekar PS,Domestic Violence,12.644996,74.96905,31-01-2024,medium,closed
Mandya,Mandya,Town PS,Chain Snatching,12.442888,76.796247,08-11-2024,high,open
Davangere,Honnali,Nyamathi PS,Cybercrime,14.613623,76.157565,15-03-2023,low,closed
Koppal,Gangavathi,Gangavathi PS,Fraud,15.227015,76.372083,31-12-2024,low,open
Chikkamagaluru,Tarikere,Lakkavalli PS,Assault,13.139724,76.0704,13-06-2024,low,investigating
Chitradurga,Chitradurga,Chitradurga PS,Murder,14.382609,76.597202,28-11-2023,low,investigating
Gadag,Ron,Ron PS,Land Dispute,15.406163,75.586035,30-05-2024,low,investigating
Udupi,Kundapura,Gangolli PS,Murder,13.43458,74.929323,17-01-2023,medium,open
Tumakuru,Tumakuru City,New Extension PS,Assault,13.260912,76.99266,01-02-2023,low,closed
Udupi,Karkala,Hebri PS,Assault,13.237698,74.676283,05-09-2024,medium,investigating
Kolar,Malur,Town PS,Chain Snatching,13.29283,78.282712,18-08-2023,low,investigating
Haveri,Ranebennur,Town PS,Kidnapping,14.602749,75.205372,05-03-2023,low,open
Ballari,Sandur,Rural PS,Land Dispute,15.257871,77.095215,14-02-2024,medium,closed
Haveri,Haveri,Haveri PS,Vehicle Theft,14.722304,75.245364,13-04-2023,high,open
Ramanagara,Magadi,Magadi PS,Murder,12.879511,77.129187,02-02-2024,high,investigating
Tumakuru,Madhugiri,Rural PS,Robbery,13.525733,77.371791,27-11-2024,medium,open
Kolar,Kolar,Town PS,Cybercrime,13.072131,77.945949,05-01-2023,low,closed
Udupi,Karkala,Karkala PS,Fraud,13.259664,74.519628,06-08-2023,low,investigating
Ballari,Sandur,Rural PS,Domestic Violence,15.290086,77.010391,06-03-2023,low,closed
Haveri,Savanur,Town PS,Robbery,14.620235,75.464552,02-09-2024,low,open
Chikkamagaluru,Chikkamagaluru City,Traffic PS,Fraud,13.326447,75.887584,07-07-2024,low,closed
Bengaluru Urban,Whitefield,Kadugodi PS,Burglary,12.878249,77.731137,21-07-2024,low,investigating
Haveri,Savanur,Savanur PS,Kidnapping,14.838412,75.336624,01-09-2023,high,open
Udupi,Kundapura,Kundapura PS,Domestic Violence,13.350675,74.656278,24-02-2023,medium,closed
Belagavi,Chikodi,Rural PS,Vehicle Theft,15.865577,74.481959,04-04-2023,high,open
Ramanagara,Ramanagara,Traffic PS,Kidnapping,12.516023,77.55957,22-09-2024,low,open
Bengaluru Urban,Yelahanka,Attur PS,Theft,13.028634,77.425113,25-04-2023,low,closed
Chikkamagaluru,Tarikere,Lakkavalli PS,Fraud,13.121999,75.943122,21-08-2024,low,open
Vijayapura,Vijayapura City,Gandhi Chowk PS,Murder,17.090822,75.650962,04-11-2024,low,open
Chitradurga,Hosadurga,Rural PS,Mobile Theft,13.95519,76.13791,16-08-2023,low,closed
Chitradurga,Hosadurga,Rural PS,Murder,14.467749,76.528089,06-03-2024,medium,open
Hassan,Arsikere,Rural PS,Drug Offense,12.78742,76.096036,22-01-2023,medium,open
Tumakuru,Madhugiri,Rural PS,Kidnapping,13.351101,77.198289,05-05-2024,medium,closed
Koppal,Gangavathi,Gangavathi PS,Mobile Theft,15.169126,76.034786,12-12-2024,low,closed
Chitradurga,Hiriyur,Town PS,Robbery,14.043153,76.457296,06-05-2023,low,closed
Kodagu,Somwarpet,Rural PS,Murder,12.538892,75.928355,04-09-2023,low,investigating
Ramanagara,Kanakapura,Kanakapura PS,Chain Snatching,12.696372,77.168019,30-11-2023,low,open
Uttara Kannada,Sirsi,Rural PS,Mobile Theft,14.605684,74.90619,05-04-2024,low,investigating
Ramanagara,Magadi,Rural PS,Burglary,12.830795,77.458008,17-01-2023,low,closed
Hassan,Hassan City,Extension PS,Robbery,13.089502,76.166165,18-11-2024,low,open
Kolar,Kolar,Kolar PS,Burglary,13.290902,78.24158,17-07-2024,high,investigating
Belagavi,Chikodi,Nippani PS,Mobile Theft,16.121802,74.520249,05-06-2023,low,investigating
Gadag,Ron,Rural PS,Vehicle Theft,15.673087,75.822138,11-04-2023,low,investigating
Chikkaballapura,Sidlaghatta,Town PS,Burglary,13.383689,77.556441,18-06-2023,high,investigating
Chikkamagaluru,Chikkamagaluru City,Chikkamagaluru PS,Mobile Theft,13.387489,75.556925,09-03-2024,high,open
Bidar,Bidar City,Traffic PS,Mobile Theft,17.964174,77.264103,21-12-2024,low,investigating
Davangere,Davangere City,KTJ Nagar PS,Land Dispute,14.669587,75.841212,21-02-2023,high,investigating
Davangere,Davangere City,Davangere PS,Burglary,14.378544,76.071735,07-05-2023,low,closed
Ballari,Sandur,Rural PS,Theft,14.947168,76.927495,13-06-2023,medium,investigating
Koppal,Gangavathi,Town PS,Murder,15.57931,76.076938,01-02-2024,low,investigating
Gadag,Mundargi,Mundargi PS,Kidnapping,15.16493,75.878946,21-05-2023,medium,investigating
Belagavi,Belagavi City,Tilakwadi PS,Land Dispute,16.127626,74.659612,22-01-2023,high,investigating
Chikkamagaluru,Chikkamagaluru City,Town PS,Chain Snatching,13.050625,75.496375,24-01-2023,medium,open
Chamarajanagar,Gundlupet,Rural PS,Assault,11.851342,77.177504,12-12-2024,medium,open
Raichur,Raichur City,Raichur PS,Assault,16.451577,77.299445,16-06-2024,low,closed
Chamarajanagar,Kollegal,Rural PS,Vehicle Theft,12.125235,77.202507,05-02-2023,low,investigating
Vijayapura,Sindagi,Sindagi PS,Chain Snatching,16.530577,75.658236,26-02-2024,medium,investigating
Haveri,Savanur,Rural PS,Cybercrime,15.030472,75.234603,23-05-2023,low,investigating
Kolar,Malur,Town PS,Vehicle Theft,13.224884,78.33203,11-02-2023,low,investigating
Chikkaballapura,Sidlaghatta,Town PS,Murder,13.23953,77.811199,04-06-2023,low,open
Koppal,Koppal City,Traffic PS,Burglary,15.646974,76.31863,18-10-2023,high,closed
Dakshina Kannada,Sullia,Rural PS,Kidnapping,12.928547,75.01213,30-01-2024,low,closed
Yadgir,Shahapur,Town PS,Chain Snatching,16.53184,77.273983,29-09-2023,low,closed
Belagavi,Gokak,Traffic PS,Domestic Violence,15.613705,74.78619,20-01-2023,low,investigating
Bengaluru Rural,Doddaballapura,Town PS,Mobile Theft,13.470364,77.608252,09-03-2023,low,closed
Uttara Kannada,Sirsi,Rural PS,Murder,14.916948,74.98999,26-12-2024,low,closed
Bengaluru Rural,Nelamangala,Traffic PS,Murder,13.389652,77.279369,09-01-2024,medium,investigating
Haveri,Ranebennur,Town PS,Mobile Theft,14.696522,75.312498,10-08-2024,medium,open
Bengaluru Urban,Whitefield,Whitefield PS,Burglary,12.960637,77.444448,15-08-2024,high,closed
Kolar,Bangarapet,Rural PS,Domestic Violence,12.870119,78.069437,30-04-2023,low,investigating
Mandya,Srirangapatna,Srirangapatna PS,Assault,12.307398,77.044349,08-03-2023,medium,open
Mandya,Srirangapatna,Rural PS,Assault,12.394677,77.139453,06-11-2024,medium,open
Kodagu,Madikeri,Traffic PS,Robbery,12.174945,75.535501,24-07-2024,low,investigating
Dakshina Kannada,Sullia,Town PS,Robbery,13.137647,74.951578,26-09-2024,low,closed
Chikkamagaluru,Chikkamagaluru City,Traffic PS,Robbery,13.036244,75.872127,09-06-2024,medium,investigating
Vijayapura,Vijayapura City,Traffic PS,Cybercrime,17.029423,75.671153,14-11-2023,medium,investigating
Mangaluru,Ullal,Kotekar PS,Robbery,12.932337,74.911618,16-08-2023,high,open
Chikkaballapura,Chikkaballapura,Town PS,Land Dispute,13.715519,77.97479,14-07-2023,low,open
Bidar,Bidar City,Traffic PS,Fraud,17.71368,77.53975,09-02-2024,low,closed
Bengaluru Urban,Whitefield,Kadugodi PS,Burglary,12.860311,77.49406,08-08-2024,high,closed
Chikkamagaluru,Chikkamagaluru City,Town PS,Cybercrime,13.109011,75.69747,14-08-2023,medium,closed
Koppal,Koppal City,Koppal PS,Theft,15.468741,76.441644,23-06-2024,low,closed
Mysuru,Nanjangud,Traffic PS,Theft,12.210915,76.81339,19-02-2023,medium,investigating
Chikkamagaluru,Kadur,Rural PS,Theft,13.156756,75.979771,20-01-2024,high,closed
Mangaluru,Ullal,Kotekar PS,Cybercrime,13.094561,74.88262,07-07-2023,low,open
Chamarajanagar,Kollegal,Rural PS,Chain Snatching,11.856862,76.961316,27-08-2023,low,open
Vijayapura,Indi,Town PS,Fraud,16.788776,75.7735,30-12-2024,medium,open
Uttara Kannada,Bhatkal,Town PS,Assault,14.715887,74.432837,28-07-2024,low,investigating
Mandya,Mandya,Town PS,Theft,12.40321,76.903511,15-11-2023,medium,closed
Ramanagara,Kanakapura,Rural PS,Burglary,12.458682,77.269688,28-07-2024,medium,closed
Yadgir,Shahapur,Shahapur PS,Burglary,16.588755,77.123622,26-01-2024,high,open
Ramanagara,Magadi,Town PS,Theft,12.822333,77.074214,11-03-2024,low,closed
Mandya,Mandya,Traffic PS,Cybercrime,12.314112,76.879087,02-08-2024,low,open
Haveri,Savanur,Town PS,Drug Offense,14.992598,75.35122,29-04-2023,low,open
Yadgir,Shahapur,Shahapur PS,Chain Snatching,16.69165,77.376399,21-04-2023,medium,closed
Mandya,Srirangapatna,Rural PS,Robbery,12.78813,76.629216,28-11-2023,low,investigating
Chikkaballapura,Bagepalli,Town PS,Murder,13.324433,77.911728,08-08-2023,low,investigating
Raichur,Raichur City,Traffic PS,Robbery,16.340452,77.404361,15-10-2023,medium,closed
Bidar,Bhalki,Town PS,Robbery,18.045456,77.585601,26-07-2024,high,investigating
Mysuru,Nanjangud,Traffic PS,Assault,12.033872,76.574811,12-07-2023,low,closed
Chikkaballapura,Chikkaballapura,Town PS,Theft,13.277922,77.460847,08-02-2024,low,open
Chamarajanagar,Gundlupet,Gundlupet PS,Drug Offense,12.050559,77.025003,06-09-2023,low,open
Chikkaballapura,Sidlaghatta,Town PS,Land Dispute,13.667199,77.923329,19-04-2024,medium,open
Dakshina Kannada,Puttur,Puttur PS,Land Dispute,13.073638,75.068447,30-11-2023,low,investigating
Chitradurga,Chitradurga,Town PS,Vehicle Theft,14.132395,76.264848,14-10-2024,low,closed
Chitradurga,Chitradurga,Town PS,Kidnapping,14.151037,76.433301,26-09-2023,low,investigating
Chitradurga,Hosadurga,Rural PS,Theft,14.373413,76.193458,15-03-2023,medium,open
Ballari,Ballari City,Cowl Bazaar PS,Fraud,15.107728,76.682244,06-01-2024,low,open
Yadgir,Gurmitkal,Town PS,Kidnapping,16.697428,77.39837,26-08-2024,medium,closed
Belagavi,Gokak,Gokak Town PS,Chain Snatching,15.951756,74.726545,15-07-2024,low,investigating
Koppal,Koppal City,Town PS,Robbery,15.484684,76.225748,21-09-2024,high,open
Vijayapura,Indi,Rural PS,Kidnapping,16.755984,75.437033,12-12-2024,low,open
Kodagu,Somwarpet,Rural PS,Domestic Violence,12.472522,75.707723,20-08-2024,high,open
Kolar,Malur,Town PS,Burglary,13.264145,77.948245,22-10-2024,medium,investigating
Bengaluru Rural,Nelamangala,Nelamangala PS,Fraud,13.14562,77.585335,10-11-2023,low,investigating
Ballari,Ballari City,Brucepet PS,Chain Snatching,15.280183,76.799681,31-07-2023,low,closed
Gadag,Ron,Rural PS,Fraud,15.138607,75.48843,17-11-2023,low,closed
Kodagu,Somwarpet,Somwarpet PS,Chain Snatching,12.277538,75.532707,02-03-2024,high,open
Tumakuru,Tumakuru City,Tumakuru PS,Chain Snatching,13.482529,76.927185,09-02-2023,low,investigating
Vijayapura,Vijayapura City,Traffic PS,Mobile Theft,16.816789,75.711053,15-12-2023,low,open
Mysuru,Mysuru City,Nazarbad PS,Domestic Violence,12.2053,76.447978,03-12-2023,medium,open
Chikkamagaluru,Kadur,Kadur PS,Fraud,13.267112,75.706791,27-01-2024,low,closed
Belagavi,Belagavi City,Market PS,Murder,15.829268,74.671367,08-05-2023,medium,open
Koppal,Gangavathi,Gangavathi PS,Chain Snatching,15.612838,76.304771,08-04-2023,medium,open
Yadgir,Gurmitkal,Town PS,Robbery,17.022515,76.929007,22-10-2024,low,closed
Tumakuru,Madhugiri,Madhugiri PS,Robbery,13.499898,77.11062,18-04-2023,low,investigating
Kodagu,Somwarpet,Kushalnagar PS,Murder,12.118345,75.57607,25-07-2023,high,closed
Hassan,Hassan City,Hassan PS,Chain Snatching,12.716069,75.942033,29-10-2024,low,investigating
Mysuru,Hunsur,Hunsur PS,Assault,12.297636,76.486326,31-10-2024,low,open
Dakshina Kannada,Puttur,Traffic PS,Burglary,12.87296,75.125154,01-06-2024,low,open
Haveri,Savanur,Savanur PS,Chain Snatching,14.969232,75.290079,28-11-2023,low,open
Chamarajanagar,Gundlupet,Gundlupet PS,Burglary,12.198991,76.96592,05-10-2024,low,closed
Chitradurga,Hiriyur,Rural PS,Murder,14.473864,76.110919,08-02-2023,low,closed
Udupi,Udupi,Malpe PS,Kidnapping,13.623496,74.664193,17-08-2024,low,closed
Mandya,Mandya,Traffic PS,Burglary,12.728358,76.689482,10-08-2024,medium,investigating
Davangere,Harihar,Town PS,Robbery,14.654989,76.088542,10-02-2024,low,closed
Mysuru,Hunsur,Hunsur PS,Murder,12.403536,76.731672,06-11-2024,medium,open
Haveri,Haveri,Town PS,Land Dispute,14.807131,75.677212,18-02-2024,low,closed
Chikkaballapura,Bagepalli,Town PS,Murder,13.215623,77.509067,17-10-2024,low,open
Bengaluru Urban,Koramangala,Madiwala PS,Domestic Violence,12.760164,77.470577,06-11-2024,medium,open
Gadag,Mundargi,Mundargi PS,Robbery,15.227797,75.727015,22-03-2024,low,closed
Bidar,Basavakalyan,Town PS,Robbery,17.929517,77.751149,22-07-2024,medium,open
Ramanagara,Ramanagara,Town PS,Robbery,12.507111,77.234365,13-09-2024,medium,investigating
Kolar,Malur,Rural PS,Cybercrime,13.180561,78.168251,19-03-2024,medium,open
Kalaburagi,Sedam,Sedam PS,Mobile Theft,17.349312,76.931696,24-05-2024,medium,closed
Dakshina Kannada,Puttur,Traffic PS,Mobile Theft,13.069405,75.116089,22-07-2024,medium,investigating
Kodagu,Somwarpet,Rural PS,Burglary,12.537887,75.526136,11-05-2023,low,closed
Hubballi-Dharwad,Dharwad,Dharwad Town PS,Kidnapping,15.076274,74.887377,21-02-2023,low,closed
Shivamogga,Sagara,Sagara PS,Cybercrime,13.767496,75.551515,18-02-2024,high,investigating
Yadgir,Gurmitkal,Rural PS,Vehicle Theft,16.928162,77.124674,24-10-2024,medium,open
Kolar,Malur,Malur PS,Theft,13.290627,78.100026,19-01-2023,medium,investigating
Mysuru,Hunsur,Rural PS,Fraud,12.068772,76.77549,08-02-2023,high,investigating
Mangaluru,Mangaluru,Pandeshwar PS,Fraud,12.653481,74.724724,04-02-2024,high,open
Bidar,Bhalki,Town PS,Murder,17.813382,77.420199,19-01-2024,medium,open
Uttara Kannada,Sirsi,Sirsi PS,Burglary,14.64856,74.526403,02-11-2024,high,investigating
Bengaluru Rural,Devanahalli,Vijayapura PS,Drug Offense,12.922245,77.332497,10-10-2024,medium,open
Belagavi,Belagavi City,Tilakwadi PS,Assault,15.78166,74.426794,22-09-2023,low,open
Shivamogga,Sagara,Rural PS,Mobile Theft,14.076197,75.557124,21-05-2023,medium,closed
Yadgir,Gurmitkal,Town PS,Robbery,16.763993,77.132985,07-09-2023,low,open
Tumakuru,Tiptur,Town PS,Domestic Violence,13.417405,76.865217,24-03-2023,medium,investigating
Mysuru,Hunsur,Bilikere PS,Mobile Theft,12.38458,76.392635,23-11-2024,medium,open
Gadag,Ron,Ron PS,Land Dispute,15.147477,75.849836,02-08-2024,high,open
Chikkaballapura,Bagepalli,Town PS,Vehicle Theft,13.432032,77.482694,19-10-2023,low,open
Gadag,Gadag,Betageri PS,Drug Offense,15.68188,75.771381,05-12-2023,high,open
Vijayapura,Sindagi,Town PS,Fraud,16.858588,75.880679,19-02-2024,medium,open
Chitradurga,Hiriyur,Rural PS,Fraud,14.2334,76.60216,12-02-2023,medium,investigating
Chikkaballapura,Chikkaballapura,Traffic PS,Vehicle Theft,13.445986,77.903431,26-09-2024,low,investigating
Chikkamagaluru,Tarikere,Lakkavalli PS,Kidnapping,13.484091,75.48914,01-01-2024,low,closed
Chamarajanagar,Chamarajanagar,Traffic PS,Theft,12.194763,76.882942,07-03-2023,medium,investigating
Kodagu,Virajpet,Town PS,Burglary,12.326962,75.735712,20-01-2024,medium,investigating
Kodagu,Virajpet,Rural PS,Mobile Theft,12.474388,76.065726,09-06-2023,high,open
Gadag,Ron,Town PS,Assault,15.362203,75.801165,22-05-2024,medium,closed
Ramanagara,Ramanagara,Traffic PS,Assault,12.849486,77.385433,03-05-2024,low,investigating
Chikkaballapura,Bagepalli,Bagepalli PS,Vehicle Theft,13.249225,77.52738,25-01-2024,low,closed
Ramanagara,Kanakapura,Rural PS,Burglary,12.482279,77.257048,26-12-2024,low,investigating
Vijayapura,Sindagi,Sindagi PS,Domestic Violence,16.828584,75.983645,13-02-2023,medium,investigating
Davangere,Honnali,Rural PS,Theft,14.413299,76.172395,25-02-2023,medium,open
Koppal,Koppal City,Traffic PS,Assault,15.267107,76.230468,14-05-2024,medium,investigating
Bengaluru Rural,Doddaballapura,Town PS,Assault,13.106165,77.516981,17-12-2023,low,closed
Chikkaballapura,Sidlaghatta,Rural PS,Burglary,13.601343,77.686317,21-10-2024,low,investigating
Vijayapura,Sindagi,Rural PS,Theft,16.71975,75.465239,11-03-2024,low,open
Davangere,Honnali,Rural PS,Vehicle Theft,14.683009,76.191313,16-01-2024,low,open
Gadag,Gadag,Gadag Town PS,Mobile Theft,15.490852,75.602597,05-04-2023,low,open
Bidar,Basavakalyan,Rural PS,Murder,17.716477,77.27805,15-04-2023,medium,closed
Hassan,Arsikere,Rural PS,Theft,13.086643,75.999049,04-04-2024,medium,investigating
Yadgir,Yadgir City,Traffic PS,Land Dispute,16.529088,77.06581,12-05-2024,high,investigating
Kolar,Bangarapet,Town PS,Land Dispute,13.265704,77.934642,18-11-2023,low,closed
Belagavi,Gokak,Traffic PS,Mobile Theft,16.004808,74.607861,28-02-2024,low,closed
Tumakuru,Tiptur,Rural PS,Mobile Theft,13.410657,76.903274,07-03-2023,medium,investigating
Kalaburagi,Sedam,Town PS,Cybercrime,17.349996,76.539633,22-02-2023,medium,open
Belagavi,Gokak,Rural PS,Domestic Violence,15.698854,74.254706,05-04-2023,medium,closed
Chikkaballapura,Sidlaghatta,Rural PS,Mobile Theft,13.414862,77.570539,14-04-2023,low,investigating
Belagavi,Chikodi,Nippani PS,Assault,15.669031,74.7699,29-10-2023,low,open
Chitradurga,Chitradurga,Chitradurga PS,Chain Snatching,14.149923,76.297855,08-07-2024,low,closed
Shivamogga,Shivamogga City,Traffic PS,Robbery,13.961076,75.53999,15-05-2023,low,open
Hassan,Hassan City,Extension PS,Assault,12.981008,75.926352,02-11-2024,low,open
Kolar,Bangarapet,Bangarapet PS,Drug Offense,12.851432,78.005828,29-03-2023,high,closed
Kolar,Kolar,Kolar PS,Chain Snatching,13.13032,78.39714,27-07-2024,low,investigating
Chamarajanagar,Kollegal,Rural PS,Kidnapping,12.104371,77.212727,21-12-2023,high,closed
Mangaluru,Mangaluru,Mangaluru North PS,Assault,12.950686,74.952465,03-04-2023,medium,open
Ramanagara,Kanakapura,Town PS,Chain Snatching,12.591118,77.022096,24-04-2024,low,investigating
Hubballi-Dharwad,Navanagar,Town PS,Kidnapping,15.171834,75.35374,19-08-2023,high,closed
Chamarajanagar,Kollegal,Kollegal PS,Domestic Violence,12.179076,76.898833,04-06-2023,medium,investigating
Yadgir,Gurmitkal,Town PS,Mobile Theft,16.857,77.334952,27-11-2024,low,open
Kolar,Kolar,Traffic PS,Theft,12.954417,78.150955,04-05-2023,medium,open
Gadag,Ron,Town PS,Drug Offense,15.221664,75.755233,31-10-2023,low,open
Chikkamagaluru,Chikkamagaluru City,Chikkamagaluru PS,Chain Snatching,13.293808,75.69588,29-03-2023,medium,investigating
Uttara Kannada,Sirsi,Sirsi PS,Domestic Violence,14.847923,74.822257,08-03-2023,low,investigating
Belagavi,Gokak,Rural PS,Robbery,15.834676,74.535019,10-12-2024,low,investigating
Udupi,Karkala,Hebri PS,Burglary,13.239469,74.630354,13-04-2024,low,investigating
Bengaluru Urban,Whitefield,Kadugodi PS,Mobile Theft,12.706756,77.704473,06-07-2024,low,investigating
Koppal,Koppal City,Traffic PS,Murder,15.329774,76.225737,10-10-2024,medium,closed
Bengaluru Urban,Yelahanka,Yelahanka PS,Assault,12.909304,77.399121,08-06-2024,medium,investigating
Yadgir,Shahapur,Rural PS,Assault,16.976379,77.053949,27-02-2024,high,closed
Chitradurga,Hosadurga,Rural PS,Chain Snatching,14.330332,76.523593,02-10-2023,medium,closed
Ramanagara,Kanakapura,Town PS,Kidnapping,12.840029,77.331573,04-08-2023,medium,investigating
Hubballi-Dharwad,Navanagar,Navanagar PS,Vehicle Theft,15.587168,75.158745,12-02-2024,low,investigating
Hubballi-Dharwad,Dharwad,Traffic PS,Burglary,15.293271,74.956597,27-05-2024,low,investigating
Chitradurga,Hiriyur,Rural PS,Theft,13.955928,76.135407,17-05-2024,low,open
Ballari,Ballari City,Ballari PS,Burglary,15.041641,76.626302,15-09-2023,high,investigating
Chikkaballapura,Chikkaballapura,Town PS,Theft,13.561018,78.010609,22-02-2023,medium,closed
Bengaluru Urban,Koramangala,HSR Layout PS,Domestic Violence,13.153007,77.438731,29-10-2023,low,open
Kolar,Bangarapet,Bangarapet PS,Mobile Theft,12.893357,78.162975,13-12-2024,low,investigating
Koppal,Koppal City,Town PS,Drug Offense,15.18626,76.418535,19-04-2024,medium,closed
Kalaburagi,Kalaburagi City,Brahmapur PS,Vehicle Theft,17.606659,76.60135,06-11-2023,medium,closed
Ballari,Hospet,Traffic PS,Kidnapping,14.87499,76.814805,11-05-2024,medium,open
Chitradurga,Hosadurga,Rural PS,Fraud,14.001165,76.575488,14-10-2024,medium,investigating
Kodagu,Virajpet,Rural PS,Murder,12.123256,75.735124,26-02-2023,low,investigating
Udupi,Udupi,Malpe PS,Land Dispute,13.571807,75.01502,15-02-2023,low,closed
